node,x_in,y_in,z_in,s1_psi,seqv_psi,ux_in,uy_in,uz_in,u_in
1,-0.0590551181102,0.186850393701,-0.181472072811,848.180969443,1478.37307692,0.000418027127376,9.63935180083e-05,-0.000129495733946,0.000448115537162
2,-0.0590551181102,0.186850393701,-0.236220472441,1190.88042106,1537.29497342,0.000478541318201,6.20753145087e-05,-0.000130015726214,0.00049975916896
3,-0.0590551181102,-3.89251656568e-16,-8.5370249802e-18,120.39884077,157.113529011,-2.95742617314e-07,0,-5.1710464156e-05,5.17113098551e-05
4,-0.0295275590553,-1.87861253094e-13,0,394.104477598,503.251455304,0,0,-2.65218102779e-05,2.65218102779e-05
5,-0.0590551181103,-1.54336796283e-09,-0.120610191597,3288.4567602,3308.09738126,9.37481558692e-05,0,-6.73404395787e-05,0.00011542725645
6,0.0590551181103,-1.54336710719e-09,-0.0812401128571,-351.711274921,2505.49040244,5.7948076375e-05,0,4.85369600963e-05,7.55897880071e-05
7,0.0590551181102,3.30292827798e-16,5.35698317508e-16,-123.602102114,7274.74440012,8.23529180144e-06,0,0,8.23529180144e-06
8,0.0295275590553,-1.87861253094e-13,0,1966.85263185,6335.131482,0,0,0,0
9,-0.0590551181102,0.0906692913386,0,122.946674463,135.176720804,-1.2568339843e-07,0,-5.11792660761e-05,5.11794203993e-05
10,-0.0295275590553,0.0906692913388,0,383.086605467,414.735550557,0,0,-2.60192231336e-05,2.60192231336e-05
11,-0.0590551181102,0.0906692913386,-0.0610236220472,63.1590487564,400.853558902,4.83919800628e-05,0,-5.17680382267e-05,7.08640495332e-05
12,-0.0590551181102,0.10968503937,-0.236220472441,1226.24471353,1182.2912929,0.000313390050189,5.28705430408e-05,-7.85943060622e-05,0.000327392246128
13,-0.0590551181102,0.196850393701,-0.236220472441,235.798386525,1369.99794721,0.000505117882312,6.24778860326e-05,-0.000138870076907,0.000527572231581
14,-0.0590551181102,0.196850393701,-0.181472072811,50.8930012723,1195.65877524,0.000440953485307,9.69520115623e-05,-0.000135337126213,0.000471334070997
15,-0.0590551181103,0.111722609311,-0.181472079864,3813.82920959,4207.37547825,0.000268691692326,7.53009221274e-05,-8.21592051483e-05,0.000290887588922
16,-0.0590551181103,0.07098424558,-0.140549303096,3542.88807028,4083.62137093,0.000147486849651,2.68842199209e-05,-6.66143808805e-05,0.000164050625847
17,-0.0590551181103,0.070984245576,-0.08070226343,2247.58598809,2251.50785996,6.88296057354e-05,4.07324168797e-06,-5.85641822969e-05,9.04647410412e-05
18,0.0590551181102,0.10968503937,-0.196850393701,103.125029091,2974.25875784,0.000279124361653,-0.000119645984359,1.9298100487e-05,0.000304299174372
19,0.0590551181103,0.07098424558,-0.129311906736,1357.38425825,3965.68960081,0.000132339670174,-4.10121045487e-05,3.8168452515e-05,0.000143710165919
20,0.0590551181103,0.070984245576,-0.08070226343,692.806491416,2567.08836115,6.43516311636e-05,-6.43692209864e-06,3.33134441258e-05,7.27485529687e-05
21,0.0590551181103,0.11172260931,-0.170234683504,-433.372529312,3595.23184739,0.000258927457576,-0.000106314041275,2.04073640309e-05,0.000280646689212
22,0.0590551181102,0.157480314961,-0.17023467645,77.6788197422,1129.36032208,0.000342304162475,-0.000114034000995,-5.37672688284e-07,0.000360799365468
23,0.0590551181102,0.157480314961,-0.196850393701,43.6564467586,1405.31426729,0.00036544174782,-0.000127386120191,-1.21355414473e-06,0.000387009518462
24,0.0590551181102,0.0906692913386,5.35698317508e-16,337.811264212,5816.59292838,7.97497166317e-06,0,0,7.97497166317e-06
25,0.0590551181102,0.0906692913385,-0.0610236220474,147.812239452,992.666830737,3.86318207816e-05,0,2.37106092745e-05,4.53278123128e-05
26,0.0295275590553,0.0906692913388,0,1892.58064835,5392.94198701,0,0,0,0
27,-0.00393700787402,0.196850393701,-0.217847769029,152.092315755,2410.24272331,0.00046757146409,-3.58690218924e-05,-8.03617048852e-05,0.000475781109729
28,-0.00393700787402,0.196850393701,-0.176227954509,261.32958456,1742.79977033,0.000424695092304,-9.84984612347e-06,-7.85364699928e-05,0.000432008006887
29,-0.0389501158944,-5.87587422465e-17,0,267.220481287,287.131091845,-2.03735533505e-07,0,-3.48602658151e-05,3.48608611607e-05
30,-0.0590551181102,-7.12841585847e-16,-0.097631676229,2547.98887723,2468.44088673,7.39164832951e-05,0,-6.33626431663e-05,9.73574396322e-05
31,-0.0590551181102,-7.12841585847e-16,-0.074724471375,2316.98605521,2032.92119249,5.57717562634e-05,0,-5.84640256528e-05,8.0799326063e-05
32,-0.0590551181102,-7.12841585847e-16,-0.0466311616872,1500.78457052,1455.42504964,3.52272783154e-05,0,-5.38563383253e-05,6.43542253105e-05
33,-0.0590551181102,-7.12841585847e-16,-0.022532307895,699.557725987,737.270549597,1.7885446313e-05,0,-5.1789620752e-05,5.47910029791e-05
34,0.0263144351547,0,-0.0921457714682,-585.998978323,1573.44270694,6.35673244002e-05,0,2.15094911045e-05,6.71078455844e-05
35,-0.00214208260036,0,-0.101631277386,228.711204935,1434.08264417,7.11511541963e-05,0,-6.85393042116e-06,7.14805085718e-05
36,-0.0305986003554,0,-0.111116783305,1593.186426,2173.64248607,8.19406007522e-05,0,-3.79559524635e-05,9.03045756263e-05
37,0.0590551181102,7.14042104985e-16,-0.0226475886369,166.647857543,5686.19351795,1.36086449166e-05,0,1.75269898378e-05,2.21898758275e-05
38,0.0590551181102,7.14042104985e-16,-0.0467684577404,-240.933586117,4010.46240329,3.01750310511e-05,0,3.29750070065e-05,4.46976910591e-05
39,0.0390011250693,-5.87587422465e-17,0,1950.89233545,5952.67018503,3.28832212553e-06,0,0,3.28832212553e-06
40,-0.0286882912288,-3.75663765627e-13,-0.0069898991514,606.216507172,859.997758723,6.21507938662e-06,0,-2.55082362379e-05,2.62544725285e-05
41,-0.0262181971121,-3.75663720993e-13,-0.0135824476428,1606.05874208,1650.62463577,1.18594860105e-05,0,-2.28923634918e-05,2.57819261242e-05
42,-0.0221964088222,-3.75663648319e-13,-0.0194729602058,1994.91060197,2733.87743407,1.62988415846e-05,0,-1.85783644252e-05,2.47145273416e-05
43,-0.016879487793,-3.75663552242e-13,-0.0242272498568,2959.33552994,3704.02118099,1.89911022365e-05,0,-1.32313853315e-05,2.31458748365e-05
44,-0.0105776697262,-3.75663438368e-13,-0.0275679097311,2875.68768789,3858.41397595,1.97586088191e-05,0,-7.58127984223e-06,2.116313839e-05
45,-0.00365865784113,-3.75663313341e-13,-0.0293000164945,2494.50993434,3754.04660297,1.89183335468e-05,0,-2.3623095702e-06,1.90652524424e-05
46,0.00347383215137,-3.75663184456e-13,-0.0293225038829,2001.05441448,3314.69339957,1.70498835173e-05,0,2.01989686065e-06,1.71691150407e-05
47,0.0104036283643,-3.75663059235e-13,-0.0276340597929,1733.33678802,3254.58763014,1.42351643114e-05,0,5.3592327841e-06,1.52105647169e-05
48,0.0167263858599,-3.75662944982e-13,-0.0243332028274,1467.58558254,3656.74364319,1.0760377019e-05,0,7.39656917732e-06,1.30573714501e-05
49,0.0220731796554,-3.75662848366e-13,-0.0196125338414,1638.77553142,4375.93803897,7.10939787584e-06,0,8.00136371077e-06,1.07035208875e-05
50,0.0261320309961,-3.75662775022e-13,-0.0137474979467,2078.11311049,5119.66758342,3.50408570524e-06,0,6.66076644563e-06,7.52624915033e-06
51,0.0286661109362,-3.75662729231e-13,-0.00708031267467,1583.45040577,5722.34640208,9.64278953785e-07,0,3.90408270848e-06,4.02140469181e-06
52,-0.0590551181102,0.0681369834436,0,72.2352372399,96.1941434565,-2.24533862979e-07,-2.43847951305e-07,-5.15130439811e-05,5.15141104696e-05
53,-0.0590551181102,0.0453346456693,0,-1.37942974932,70.1519820933,-3.11296764921e-07,-1.32748194935e-07,-5.18369058148e-05,5.18380104963e-05
54,-0.0590551181102,0.022532307895,0,107.854045835,137.967422227,-3.42374246905e-07,-1.21026395542e-08,-5.18757520139e-05,5.18768832295e-05
55,-0.0389501158944,0.0906692913386,0,230.396239845,238.043722747,-1.64023981465e-07,0,-3.42395495725e-05,3.42399424473e-05
56,-0.0295275590551,0.0105601556057,0,326.236986803,266.127792683,0,-3.17794523718e-08,-2.64369919755e-05,2.64370110763e-05
57,-0.0295275590551,0.0240560002158,0,410.179034143,506.162611911,0,-5.12561803407e-08,-2.64574957311e-05,2.64575453805e-05
58,-0.0295275590551,0.0426744073624,0,542.463165078,741.212955741,0,-2.25112462527e-07,-2.67759904174e-05,2.67769366891e-05
59,-0.0295275590551,0.0666132911227,0,461.175524429,519.703413487,0,-3.22728734154e-07,-2.62398988263e-05,2.62418833975e-05
60,-0.0295275590551,0.0801091357329,0,397.583927375,407.752365319,0,-1.66568417066e-07,-2.60176480032e-05,2.60181811942e-05
61,-0.0590551181102,0.0906692913386,-0.0165791912729,257.503906391,258.909425256,1.36062853658e-05,0,-5.10002232962e-05,5.27840295706e-05
62,-0.0590551181102,0.0906692913386,-0.031204683352,367.481920622,415.160057619,2.50737388976e-05,0,-5.11703993002e-05,5.69833497335e-05
63,-0.0590551181102,0.0906692913386,-0.0446863304982,420.217183207,467.86743906,3.54785230154e-05,0,-5.14710215055e-05,6.25139316487e-05
64,-0.0590551181102,0.0906692913386,-0.0539188037634,394.924154102,463.174035787,4.27400568254e-05,0,-5.17010918623e-05,6.70799176892e-05
65,-0.0590551181102,0.0826732287635,-0.23265783037,647.600762438,794.613330725,0.000267037231614,5.30860203054e-05,-6.97805297826e-05,0.000281062859441
66,-0.0590551181102,0.0573319798395,-0.222202038943,1558.03352794,1278.85168468,0.000221609707522,5.32574612996e-05,-6.55700208927e-05,0.000237163756278
67,-0.0590551181102,0.0350251523735,-0.205301131452,1906.23113189,1781.80915292,0.000182431929663,5.07997845708e-05,-6.68274389385e-05,0.000200818160703
68,-0.0590551181102,0.017003621368,-0.182435215256,2113.19639272,2367.60389552,0.000147020599055,4.0830934424e-05,-6.91605112237e-05,0.000167527305432
69,-0.0590551181102,0.0049859623363,-0.155057906988,2430.83597813,2937.4218899,0.000118704699426,2.98311548156e-05,-7.06858311429e-05,0.000141340688366
70,-0.0590551181102,0.184350393701,-0.236220472441,1648.21154669,1900.23357408,0.000471625877027,6.17553159357e-05,-0.00012787649925,0.000492541456112
71,-0.0590551181102,0.180600393701,-0.236220472441,1135.95785373,1423.24884892,0.000461606971628,6.11718885867e-05,-0.000124688348641,0.000482047902698
72,-0.0590551181102,0.174975393701,-0.236220472441,1455.97038023,1453.75158474,0.000447566188957,6.06771405312e-05,-0.000120203457721,0.000467382156408
73,-0.0590551181102,0.166537893701,-0.236220472441,1731.51190832,1367.92314747,0.000427250312318,5.94978250585e-05,-0.000113745334805,0.000446117497698
74,-0.0590551181102,0.153881643701,-0.236220472441,902.500599155,1070.29431497,0.000399054232084,5.7408904785e-05,-0.000104872197379,0.000416579212486
75,-0.0590551181102,0.136751348616,-0.236220472441,1264.28319057,1449.61872463,0.000364220933926,5.59127378414e-05,-9.35524771603e-05,0.000380177838577
76,-0.0590551181102,0.12703683139,-0.181472072811,3367.60037644,3337.73991012,0.00029635368895,8.18229764025e-05,-9.0315810217e-05,0.000320433228609
77,-0.0590551181102,0.153881643701,-0.181472072811,2212.4030207,2146.93721418,0.000347346086859,8.979289458e-05,-0.000107173179981,0.000374430445451
78,-0.0590551181102,0.166537893701,-0.181472072811,2103.12673728,1984.80662759,0.000373476289616,9.27183089055e-05,-0.000115328382217,0.000401723610778
79,-0.0590551181102,0.174975393701,-0.181472072811,1890.97131176,1855.57739265,0.000391439688242,9.42544721877e-05,-0.000121336528655,0.000420513362742
80,-0.0590551181102,0.180600393701,-0.181472072811,2070.46783618,2317.13745781,0.000403773176634,9.54527607123e-05,-0.000125306870214,0.000433411835809
81,-0.0590551181102,0.184350393701,-0.181472072811,1323.15395603,1565.44349713,0.00041231526369,9.60969905747e-05,-0.000127936464293,0.000442273950358
82,-0.0590551181102,0.0730011012259,-0.153259915834,4870.74134209,5527.25738422,0.000169020201706,3.83187626461e-05,-6.86673029039e-05,0.000186417152225
83,-0.0590551181102,0.0773761358581,-0.162544216421,5608.83816031,5864.95618038,0.00018912082946,4.73200934935e-05,-6.9658542002e-05,0.000207022201364
84,-0.0590551181102,0.0838680169631,-0.170404895042,6241.50390889,6446.93574361,0.000209851678773,5.60037049152e-05,-7.12582462908e-05,0.000228586700646
85,-0.0590551181102,0.0921256925062,-0.176388406125,6400.33331016,5840.66902846,0.000230173750896,6.29387661229e-05,-7.33296919132e-05,0.00024963671124
86,-0.0590551181102,0.101604124848,-0.180161304082,6466.55417963,5731.15812604,0.000249771370922,6.94957384482e-05,-7.68416528711e-05,0.000270407165235
87,-0.0590551181102,0.0709842519685,-0.0878084647403,2147.31684285,2289.75688719,7.69166412411e-05,5.42250528578e-06,-5.99183491101e-05,9.76513278121e-05
88,-0.0590551181102,0.0709842519685,-0.0975116335521,1981.16080891,2141.59370718,8.79891144755e-05,7.8750483688e-06,-6.20857634286e-05,0.000107975657782
89,-0.0590551181102,0.0709842519685,-0.11206638677,2139.31592476,2271.82014724,0.000106663036093,1.17298736831e-05,-6.33517312245e-05,0.000124611536602
90,-0.0590551181102,0.0709842519685,-0.128439625932,2662.03069543,3551.37795486,0.00012878180852,2.02037504333e-05,-6.55358328356e-05,0.000145903704966
91,-0.0590551181102,0.0857422708207,-0.0616616318242,119.299274649,526.988961515,4.90558382337e-05,2.79065600796e-07,-5.20737213496e-05,7.15417751919e-05
92,-0.0590551181102,0.0809415568043,-0.0636090764007,531.502270085,862.76531379,5.09328746948e-05,6.05865307364e-07,-5.27901631375e-05,7.33575225967e-05
93,-0.0590551181102,0.0776135452231,-0.0659776596499,1051.1251972,1327.85489391,5.32618893949e-05,9.91632287082e-07,-5.36773041473e-05,7.56245011688e-05
94,-0.0590551181102,0.0748853455263,-0.068955669837,1728.31356234,1788.96914525,5.63058518546e-05,1.55945270439e-06,-5.47962495957e-05,7.85837757782e-05
95,-0.0590551181102,0.0731371912194,-0.0717906287097,2169.67850439,2159.10274868,5.92424246566e-05,2.11494169004e-06,-5.58117145911e-05,8.14191951762e-05
96,-0.0590551181102,0.0716210597448,-0.0757903740963,2288.60559639,2285.27678568,6.35716060193e-05,2.91717583311e-06,-5.71832347177e-05,8.55557206708e-05
97,0.0349272295542,0.10968503937,-0.204893023219,362.424282937,2501.05010956,0.00028479978298,-8.47651309529e-05,-1.34813847675e-06,0.000297149560471
98,0.00760940500771,0.10968503937,-0.213998964735,386.481024314,1804.36351272,0.000291950480961,-4.72495484062e-05,-2.27792145216e-05,0.000296625177239
99,-0.0305986003552,0.10968503937,-0.226734966523,536.47290353,1040.33807224,0.000303974619479,9.37652195752e-06,-5.39185672719e-05,0.000308861943833
100,0.0590551181102,0.00649894505313,-0.12043758218,31.2298129073,3923.9478559,9.01946391671e-05,-3.23594208511e-05,5.730308957e-05,0.000111650567068
101,0.0590551181102,0.0196004066462,-0.147190143486,411.293243643,3257.85936393,0.000119915447195,-5.26653827616e-05,5.82145226093e-05,0.000143325809469
102,0.0590551181102,0.038408467094,-0.16911304691,160.91434142,3598.55579962,0.000153961270555,-7.56631579834e-05,5.428172599e-05,0.000179931909576
103,0.0590551181102,0.0610675453815,-0.184869578687,334.075530227,3365.15544155,0.000194186710571,-9.61592269725e-05,4.42098548577e-05,0.000221155119228
104,0.0590551181102,0.0845034143552,-0.193762540452,76.4051832065,3470.86394506,0.000235242320515,-0.00011084554114,3.17034372801e-05,0.00026197479132
105,0.0590551181102,0.0709842519685,-0.112077528982,919.892339566,2908.52530996,0.00010703035697,-2.70969225678e-05,3.68041054025e-05,0.000116379906772
106,0.0590551181102,0.0709842519685,-0.0975190996999,851.800072868,2444.45011974,8.62515588617e-05,-1.59216431122e-05,3.46362355718e-05,9.43000474021e-05
107,0.0590551181102,0.0709842519685,-0.0878134801783,393.407644325,1839.02263728,7.36056246466e-05,-1.06379463599e-05,3.46308232179e-05,8.20380874907e-05
108,0.0590551181102,0.0999245974616,-0.168479169955,153.601660043,4894.05119393,0.000235554055728,-9.9722659259e-05,2.56139377193e-05,0.000257072744073
109,0.0590551181102,0.0904537761903,-0.164207152288,37.6582563802,5292.14335031,0.000213685787585,-9.02548861686e-05,3.02513923499e-05,0.000233928850364
110,0.0590551181102,0.0823839830525,-0.157698053613,763.198904173,6536.80267179,0.000191637068629,-7.82869253008e-05,3.47861795314e-05,0.000209913522747
111,0.0590551181102,0.0762046747928,-0.149340022868,937.914901591,5705.51008053,0.000170744551744,-6.6173757497e-05,3.77935301163e-05,0.000186978659344
112,0.0590551181102,0.0723162663736,-0.13967311033,1313.9816427,5246.35823121,0.000149396214002,-5.34065675227e-05,3.89629427916e-05,0.00016336952324
113,0.0590551181102,0.128127658882,-0.17023467645,141.263464439,2014.51322765,0.0002889784288,-0.000111019429097,1.33435129449e-05,0.000309857863038
114,0.0590551181102,0.133039657586,-0.196850393701,72.0138806868,1896.89514811,0.000321381963532,-0.000124573610886,9.90017056288e-06,0.000344823091439
115,0.0590551181102,0.0680217027017,7.12841585847e-16,-21.0473453657,6201.32762862,8.63835078147e-06,1.01152890792e-06,0,8.69737287663e-06
116,0.0590551181102,0.0453346456693,7.12841585847e-16,664.960455236,5812.20360779,7.83836336124e-06,1.44313988054e-06,0,7.97010620366e-06
117,0.0590551181102,0.0226475886369,7.12841585847e-16,478.360964451,6459.35433972,7.73327876613e-06,9.85870958573e-07,0,7.79586698332e-06
118,0.0590551181102,0.0906692913386,-0.0539238192011,79.5016495271,1717.3049116,3.36459525127e-05,0,2.30981882024e-05,4.08114741062e-05
119,0.0590551181102,0.0906692913386,-0.0444665493091,132.275418658,2223.85133151,2.72011231425e-05,0,2.15522521013e-05,3.47044762365e-05
120,0.0590551181102,0.0906692913386,-0.0306506155644,252.490699905,3503.58033296,1.78244229525e-05,0,1.75236675349e-05,2.49957791929e-05
121,0.0590551181102,0.0906692913386,-0.0162114913765,-11.3865089607,5156.52585127,1.08914524885e-05,0,1.0512349545e-05,1.51371473622e-05
122,0.0590551181102,0.07162386412,-0.0757754505391,383.885265397,2688.3689703,5.77745244998e-05,-3.72591615293e-06,3.23820354502e-05,6.63353175333e-05
123,0.0590551181102,0.0735728689104,-0.0709753697302,337.207784954,2743.71119016,5.12037865145e-05,-1.5965732246e-06,3.04382039579e-05,5.95891018532e-05
124,0.0590551181102,0.0759425336969,-0.0676481281562,459.055202363,2397.29235494,4.69104324032e-05,-4.9799744805e-07,2.86048727639e-05,5.49461137438e-05
125,0.0590551181102,0.0789214304395,-0.0649208965094,714.046106336,2455.71627713,4.3703450413e-05,-2.00949510775e-08,2.67893056679e-05,5.1260695274e-05
126,0.0590551181102,0.0817569573434,-0.0631736637064,217.810214819,1691.95294488,4.14025681701e-05,2.26784100601e-07,2.55302962039e-05,4.86417527065e-05
127,0.0590551181102,0.0857571952883,-0.0616588322995,224.27876413,1200.18332539,3.95267411962e-05,1.77751051483e-07,2.44221289795e-05,4.64632677382e-05
128,0.0390011250693,0.0906692913386,0,1232.86778304,4805.77597462,2.63145308194e-06,0,0,2.63145308194e-06
129,0.0295275590551,0.0799705030441,0,2236.5353574,5361.73099643,0,4.15644687075e-07,0,4.15644687075e-07
130,0.0295275590551,0.066391350556,0,2169.01223762,5260.41331869,0,8.42455557004e-07,0,8.42455557004e-07
131,0.0295275590551,0.0477286006534,0,1086.04467512,4958.40641967,0,1.15541064666e-06,0,1.15541064666e-06
132,0.0295275590551,0.0242779407826,0,2487.06002798,5467.64215801,0,8.90360485179e-07,0,8.90360485179e-07
133,0.0295275590551,0.0106987882945,0,945.196417065,5866.71131994,0,5.45470839752e-07,0,5.45470839752e-07
134,-0.0286882912288,0.090669291339,-0.0069898991514,472.924620086,629.08147281,6.10675368321e-06,0,-2.50636405278e-05,2.57968702957e-05
135,-0.0262181971121,0.090669291339,-0.0135824476428,746.426438635,936.185746807,1.16897439455e-05,0,-2.25647104175e-05,2.5412915412e-05
136,-0.0221964088222,0.090669291339,-0.0194729602058,1226.05748153,1572.65888805,1.6287093114e-05,0,-1.85649728374e-05,2.46967127075e-05
137,-0.016879487793,0.090669291339,-0.0242272498568,1636.61904155,2259.07134518,1.94355685351e-05,0,-1.35410516579e-05,2.3687579114e-05
138,-0.0105776697262,0.090669291339,-0.0275679097311,1963.1418281,2895.57942891,2.08103696629e-05,0,-7.98483524216e-06,2.22896630605e-05
139,-0.00365865784113,0.090669291339,-0.0293000164945,2323.59260031,3530.87887065,2.03646289842e-05,0,-2.54290674303e-06,2.05227797427e-05
140,0.00347383215137,0.090669291339,-0.0293225038829,2774.76765307,4303.28394376,1.82342983846e-05,0,2.16021429271e-06,1.83618126384e-05
141,0.0104036283643,0.090669291339,-0.0276340597929,3131.84225456,5059.54564001,1.47956444346e-05,0,5.57024147959e-06,1.58094492117e-05
142,0.0167263858599,0.090669291339,-0.0243332028274,3147.23258705,5481.02449474,1.0651872527e-05,0,7.32198433889e-06,1.29257047386e-05
143,0.0220731796554,0.090669291339,-0.0196125338414,2962.46729871,5542.89215519,6.41858019908e-06,0,7.22387402935e-06,9.66346354905e-06
144,0.0261320309961,0.090669291339,-0.0137474979467,2360.20175847,5254.59172333,3.01222629317e-06,0,5.72581195437e-06,6.46980909905e-06
145,0.0286661109362,0.090669291339,-0.00708031267467,2120.37327368,5469.87898262,8.00875383451e-07,0,3.24250957039e-06,3.33995055261e-06
146,0.0519553152639,0.0906692913386,-0.0610236220472,555.462553359,1081.27718882,3.82224593751e-05,0,1.90908393672e-05,4.2724893779e-05
147,0.0427511289876,0.0906692913386,-0.0610236220472,878.679174599,1466.23053139,3.78567735881e-05,0,1.39956733544e-05,4.03610477954e-05
148,0.0302227786005,0.0906692913386,-0.0610236220472,967.004490315,1942.09187345,3.77562760314e-05,0,8.18460383405e-06,3.86331997081e-05
149,0.0155104516168,0.0906692913386,-0.0610236220472,648.65447391,2215.40868646,3.89973216462e-05,0,2.22124318284e-06,3.90605301661e-05
150,0.000614912739583,0.0906692913386,-0.0610236220472,473.88539899,2209.14314342,4.18525473867e-05,0,-5.31772760835e-06,4.2189026413e-05
151,-0.0158503261024,0.0906692913386,-0.0610236220472,375.43773142,1713.33697164,4.51977407388e-05,0,-1.64391221769e-05,4.80944955877e-05
152,-0.0305292326359,0.0906692913386,-0.0610236220472,247.981780511,1074.18137157,4.72422424105e-05,0,-2.8222888064e-05,5.50305449605e-05
153,-0.0429718146888,0.0906692913386,-0.0610236220472,-92.8789386245,668.056951153,4.82018749457e-05,0,-3.87034856533e-05,6.18173159397e-05
154,-0.0519502998264,0.0906692913386,-0.0610236220472,204.675118195,633.823923448,4.84015916714e-05,0,-4.60734892214e-05,6.6824250728e-05
155,0.0157669317002,0.184535431467,-0.211279789171,111.547615181,2066.24831659,0.00043318473541,-6.57883094918e-05,-5.39842899057e-05,0.0004414650838
156,0.0373360412518,0.171054737997,-0.204090085987,-68.3490496219,1735.4371995,0.000397945361467,-9.63924766327e-05,-2.70264919143e-05,0.000410344308513
157,-0.0566834098651,0.196850393701,-0.235429903026,-195.306130113,1613.35792954,0.00050415811101,5.71751650356e-05,-0.000136812374951,0.000525511204765
158,-0.0531258474974,0.196850393701,-0.234244048903,465.407128609,2859.94407709,0.00050229932155,4.9419569655e-05,-0.000133409293761,0.000522058370258
159,-0.0477895039459,0.196850393701,-0.23246526772,271.123471836,3942.07381789,0.00049869561836,3.81664087224e-05,-0.000127681161721,0.000516194220798
160,-0.0397849886186,0.196850393701,-0.229797095944,568.00448572,3986.19775938,0.000492191601982,2.32581420738e-05,-0.000118298895813,0.000506742679262
161,-0.0278510268995,0.196850393701,-0.225819108704,-90.5663852243,3549.83795044,0.000482458042572,2.41390051722e-06,-0.000104931374638,0.000493743033511
162,-0.00393700787402,0.196850393701,-0.196685458676,177.064783144,2017.03370178,0.000445094597758,-2.21447932301e-05,-7.93149596826e-05,0.000452648269244
163,-0.0565663571703,0.196850393701,-0.181235283909,357.567279424,1399.36858097,0.000440400925481,9.13690294276e-05,-0.000131813480189,0.000468696136385
164,-0.0528332157605,0.196850393701,-0.180880100556,491.509655297,2268.46643263,0.000439361737194,8.32396589535e-05,-0.000127125560666,0.000464896208962
165,-0.0472335036457,0.196850393701,-0.180347325527,387.055596692,2675.70585408,0.000437554466022,7.1222637671e-05,-0.000120725773237,0.000459457601065
166,-0.0388339354735,0.196850393701,-0.179548162983,18.0819521829,2717.00763705,0.000434548780233,5.41011851694e-05,-0.000112020654718,0.000452004654536
167,-0.0272165838281,0.196850393701,-0.178442849936,309.818873024,2328.8327883,0.000430576620193,3.19243914007e-05,-0.000100660070593,0.000443337165637
168,0.0427334501367,0.111732283465,-0.171787573627,181.659413755,3255.13978203,0.000259281132148,-7.95916606213e-05,5.69748953844e-06,0.000271282139691
169,0.0221874142802,0.111732283465,-0.173742391058,815.845909287,2958.27512424,0.000260292883637,-4.96721742965e-05,-1.15852672216e-05,0.000265243149936
170,-0.00149516062212,0.111732283465,-0.17599562913,1990.08657718,2624.56588465,0.000261488583168,-1.55306754753e-05,-3.12052517254e-05,0.000263801532867
171,-0.0245325860334,0.111732283465,-0.178187485558,2573.53517108,2371.82428397,0.000262826766378,1.85867110386e-05,-5.06935542593e-05,0.000268315507184
172,-0.0438193736789,0.111732283465,-0.180022493973,3828.60256196,3628.53709494,0.000265860998859,4.88521340504e-05,-6.80968339058e-05,0.000278757565823
173,0.039472552184,0.169719418665,-0.172097826183,324.097303039,1103.59429682,0.000365666669717,-8.18314064929e-05,-2.36361264571e-05,0.000375455934704
174,0.0184531403171,0.182856551081,-0.174097682165,231.132864086,1599.07695249,0.00039325927561,-4.78425132359e-05,-4.92106343943e-05,0.000399203520104
175,-0.0429929409993,0.0709842519681,-0.139011817861,3125.50968943,4103.86794865,0.00014419887538,1.61521560023e-05,-4.89565505407e-05,0.000153137035511
176,-0.0219742551901,0.0709842519681,-0.137012030958,3665.22768425,4957.1137173,0.000140106250354,3.60705280321e-06,-3.12579706996e-05,0.000143596075679
177,0.00155519162926,0.0709842519681,-0.134773361995,2645.06531912,3950.258353,0.000136426449768,-9.99793662275e-06,-1.35903133484e-05,0.000137465746824
178,0.024122868197,0.0709842519681,-0.132626199017,2398.83142096,4144.24897744,0.000135631394167,-2.23847347314e-05,3.64569497356e-06,0.000137514517505
179,0.0434671250674,0.0709842519681,-0.130785722792,1488.87561696,3329.53061163,0.000133611061851,-3.3683227266e-05,2.08036677425e-05,0.000139353034555
180,0.0519502993496,0.0709842519689,-0.0807086614177,1026.64959636,2839.99601299,6.40250650931e-05,-6.13776395076e-06,2.59648343035e-05,6.93617598313e-05
181,0.0429699952254,0.0709842519689,-0.0807086614177,1614.59251854,3367.86389337,6.37864633559e-05,-4.92042210222e-06,1.80832628138e-05,6.64825379713e-05
182,0.0305258725636,0.0709842519689,-0.0807086614177,2916.79836441,4331.59946256,6.35244933926e-05,-3.96712613414e-06,8.75287861041e-06,6.42472741408e-05
183,0.0158465573884,0.0709842519689,-0.0807086614177,2866.48805448,4302.98442881,6.39470429086e-05,-2.44617458152e-06,-7.34412930311e-07,6.39980267601e-05
184,-0.000611234780151,0.0709842519689,-0.0807086614177,2701.78914547,3747.61397785,6.48472824273e-05,-1.34940150614e-06,-1.11756980941e-05,6.58170733968e-05
185,-0.0155067875774,0.0709842519689,-0.0807086614177,2360.6210686,3211.51438574,6.60811479116e-05,-1.66354749387e-07,-2.14297415514e-05,6.9469270949e-05
186,-0.0302194835778,0.0709842519689,-0.0807086614177,1944.10277077,2454.3351948,6.73181411939e-05,8.7160294595e-07,-3.26912020711e-05,7.48412086911e-05
187,-0.0427493123507,0.0709842519689,-0.0807086614177,2126.66901338,2310.11453908,6.7847382653e-05,2.14369031737e-06,-4.31901016744e-05,8.04564952238e-05
188,-0.0519553147876,0.0709842519689,-0.0807086614177,2014.07037585,2099.95300812,6.84306174375e-05,3.09677639939e-06,-5.14829952184e-05,8.56903624896e-05
189,-0.0590551181102,0.186850393701,-0.18396063643,1164.60176334,1468.84298851,0.000421404571216,9.4963871224e-05,-0.000129427715444,0.000450945099768
190,-0.0590551181102,0.186850393701,-0.18644920005,1245.92051559,2126.15659881,0.000424734001371,9.35808135366e-05,-0.000129399617957,0.000453762715205
191,-0.0590551181102,0.186850393701,-0.188937763669,1276.81126943,3127.2611384,0.000427936216383,9.22428907865e-05,-0.000129364946361,0.000456479403193
192,-0.0590551181102,0.186850393701,-0.191426327289,1158.05886992,4918.03032971,0.000431167746934,9.12669437078e-05,-0.000129447846229,0.000459338683221
193,-0.0590551181102,0.186850393701,-0.193914890908,2137.70986651,5490.36106444,0.000434844562141,9.01534142323e-05,-0.000129563183174,0.000462605717383
194,-0.0590551181102,0.186850393701,-0.196403454528,2132.1614639,5118.34797435,0.000437935094527,8.91852652552e-05,-0.000129668097633,0.000465354675597
195,-0.0590551181102,0.186850393701,-0.198892018148,1794.76750048,6282.71730318,0.000441230951618,8.80406236541e-05,-0.00012970278866,0.000468250699375
196,-0.0590551181102,0.186850393701,-0.201380581767,1654.65687841,5992.70167752,0.000444396108326,8.67730541946e-05,-0.000129726301321,0.000471005708334
197,-0.0590551181102,0.186850393701,-0.203869145387,1817.43634703,6615.57805637,0.000447653909245,8.51830309764e-05,-0.000129654147329,0.000473772486694
198,-0.0590551181102,0.186850393701,-0.206357709006,1630.81161645,6580.7233472,0.000450420400068,8.40775663057e-05,-0.000129659383475,0.000476192324252
199,-0.0590551181102,0.186850393701,-0.208846272626,2365.7349992,6090.21032046,0.000453601826791,8.22541288258e-05,-0.000129551599399,0.000478856947203
200,-0.0590551181102,0.186850393701,-0.211334836245,832.893568861,6277.08354299,0.00045637866133,8.07327858965e-05,-0.000129567300153,0.000481234818467
201,-0.0590551181102,0.186850393701,-0.213823399865,994.252608815,5617.69676312,0.000458543908654,7.91307081086e-05,-0.000129608597352,0.000483034754067
202,-0.0590551181102,0.186850393701,-0.216311963484,2321.89789444,4821.09687948,0.000460655235487,7.73140211853e-05,-0.000129625211749,0.000484750863201
203,-0.0590551181102,0.186850393701,-0.218800527104,1233.94355816,5911.14673157,0.00046326446799,7.61505209766e-05,-0.000129652290615,0.000487055012918
204,-0.0590551181102,0.186850393701,-0.221289090724,1460.24544207,4451.09007195,0.000465520761127,7.4473607828e-05,-0.000129705635637,0.000488957512694
205,-0.0590551181102,0.186850393701,-0.223777654343,1524.21337748,4846.98243172,0.000467931793433,7.25291921884e-05,-0.000129726100718,0.000490967929943
206,-0.0590551181102,0.186850393701,-0.226266217963,1776.29049761,4294.79347793,0.000469776233029,7.03542988638e-05,-0.000129896389647,0.000492455590415
207,-0.0590551181102,0.186850393701,-0.228754781582,1359.20074022,3424.27096776,0.00047200983398,6.82545989071e-05,-0.000130008673935,0.000494321989137
208,-0.0590551181102,0.186850393701,-0.231243345202,1142.84852668,2614.31885088,0.000474169013571,6.63452233288e-05,-0.000130012604323,0.000496126213147
209,-0.0590551181102,0.186850393701,-0.233731908821,1121.431011,1886.37142302,0.000476298503358,6.41711503785e-05,-0.00013005363888,0.000497887687966
210,-0.0590551181102,0.183858531168,-0.232487627012,2014.76426442,2084.62397833,0.00046672491564,6.4803165951e-05,-0.000127525637366,0.000488154059065
211,-0.0590551181102,0.181555624234,-0.228577027038,1571.45841995,2113.8904593,0.000456762158242,6.73954139408e-05,-0.000125578486241,0.000478480686369
212,-0.0590551181102,0.182801238039,-0.224072400399,2005.97494919,3429.69278519,0.00045575364105,7.11857578914e-05,-0.00012651603879,0.000478314856061
213,-0.0590551181102,0.181527359277,-0.218872120574,1669.59974931,3054.67198935,0.000447329037178,7.47728227441e-05,-0.000125570812438,0.000470597780976
214,-0.0590551181102,0.182543453138,-0.212768372537,2249.07134287,3323.22507845,0.000444065699703,7.92328462532e-05,-0.000126406232972,0.000468455681268
215,-0.0590551181102,0.181006087245,-0.208184082086,3119.02089676,3690.98862584,0.000434968266512,8.13575759557e-05,-0.00012543088087,0.000459944946612
216,-0.0590551181102,0.182812357928,-0.203728057289,2393.60199264,4118.56569599,0.000434962818318,8.40538716399e-05,-0.000126637310841,0.000460754506384
217,-0.0590551181102,0.181963262405,-0.198567019708,2643.77992626,3721.90928818,0.000426273850145,8.65240594686e-05,-0.000125954841821,0.000452835986161
218,-0.0590551181102,0.18300130601,-0.193474704734,1876.74448287,3398.6016034,0.00042348643946,8.94576725153e-05,-0.000126829296178,0.000451031162945
219,-0.0590551181102,0.18273526061,-0.186573628231,1818.03808467,2063.47930286,0.000414675151796,9.29300513887e-05,-0.000126662652567,0.000443435343115
220,-0.0590551181102,0.0692210098226,-0.0667216373956,1694.43108684,1786.76013006,5.42526452953e-05,1.45527803834e-06,-5.58755219048e-05,7.7894424087e-05
221,-0.0590551181102,0.0729863949455,-0.0634284311564,1353.82417099,1440.43776473,5.11667049139e-05,8.41274362785e-07,-5.45056234717e-05,7.47636437337e-05
222,-0.0590551181102,0.0757742399156,-0.0593714707011,993.575167036,1098.87614003,4.75411660929e-05,3.45235391454e-07,-5.34819406868e-05,7.15583652732e-05
223,-0.0590551181102,0.0676894082186,-0.0716862783029,1975.39142662,2003.1139442,5.90987173993e-05,2.35606662054e-06,-5.71297948431e-05,8.22315201549e-05
224,-0.0590551181102,0.0644982879093,-0.0767467241754,2054.11486937,1996.55985728,6.39791901467e-05,3.49246842361e-06,-5.85713235267e-05,8.68109097244e-05
225,-0.0590551181102,0.0828437470741,-0.0567682987636,372.81143517,522.710603266,4.51463082241e-05,4.1160375664e-08,-5.21902292978e-05,6.90073247894e-05
226,-0.0590551181102,0.173390025269,-0.225755532703,1530.4205471,1707.43151836,0.000433220534485,6.75506893708e-05,-0.000119248843602,0.000454382453264
227,-0.0590551181102,0.171719251244,-0.212757102841,2285.02043834,2274.0471311,0.000416134487199,7.63320833752e-05,-0.000118092291925,0.000439249687309
228,-0.0590551181102,0.174298013404,-0.202419119266,2255.34302391,2262.42252708,0.000411853390711,8.27670225706e-05,-0.000120300426361,0.000436973440896
229,-0.0590551181102,0.17402147971,-0.191853347279,2701.640156,2681.0421049,0.000400424689499,8.80551139634e-05,-0.000120199948189,0.000427248946868
230,-0.0590551181102,0.0599694923969,-0.0673820271377,2023.96961128,1928.98578116,5.46026512814e-05,2.1100684585e-06,-5.70399650728e-05,7.89902495968e-05
231,-0.0590551181102,0.066617987441,-0.0572043709946,1493.2394058,1536.37730423,4.57183669502e-05,5.99048265311e-07,-5.43880676846e-05,7.10534294872e-05
232,-0.0590551181102,0.0736422080058,-0.049240987241,971.093561366,988.27870113,3.91685077638e-05,2.33345772059e-08,-5.26576931703e-05,6.56277776171e-05
233,-0.0590551181102,0.0637755860495,-0.0860432630818,1957.16802457,2015.42889464,7.3622514613e-05,5.29643993161e-06,-6.05758908359e-05,9.54869911792e-05
234,-0.0590551181102,0.0521035171552,-0.079218557384,2232.59707246,2008.17143122,6.49271876972e-05,4.19541642129e-06,-5.98614082584e-05,8.84111385511e-05
235,-0.0590551181102,0.104223650895,-0.199601754089,3515.01632728,3322.80287801,0.000271993179032,6.57166583525e-05,-7.69785148105e-05,0.00029021485208
236,-0.0590551181102,0.0911471807981,-0.191437043052,4042.79804081,3937.90225571,0.000243144892482,6.31713193375e-05,-7.23712823452e-05,0.000261433847914
237,-0.0590551181102,0.0788701711211,-0.184967053564,4320.76179094,4188.42175512,0.000217621476801,5.86295600218e-05,-6.99714776968e-05,0.000235992669726
238,-0.0590551181102,0.0688484170285,-0.176046865631,4626.92197397,4525.46276646,0.000193990188487,5.23653800729e-05,-6.96656781047e-05,0.000212667893593
239,-0.0590551181102,0.0617269852576,-0.164024304225,4435.23797309,4769.19267404,0.00017211897349,4.42116940733e-05,-7.05463575601e-05,0.00019119728945
240,-0.0590551181102,0.0562656370276,-0.0408246779608,1033.77606761,943.896719509,3.23130063778e-05,2.63359044065e-07,-5.31719454879e-05,6.22210215773e-05
241,-0.0590551181102,0.0824589885354,-0.0483380644236,619.698736346,645.732860693,3.83977960977e-05,-7.67342125788e-08,-5.19205868445e-05,6.45766519074e-05
242,-0.0590551181102,0.154936600133,-0.222057122529,1209.24174113,1338.24158279,0.000388084040097,6.66605854485e-05,-0.000105794508524,0.000407731938735
243,-0.0590551181102,0.155468498906,-0.19833390967,2050.49561496,2040.47310525,0.000366918925345,8.04258524262e-05,-0.000107182139766,0.000390622358039
244,-0.0590551181102,0.0778433755044,-0.0325597847848,434.513109487,458.041772429,2.61113416698e-05,-8.90539888464e-08,-5.12949938334e-05,5.7558548338e-05
245,-0.0590551181102,0.057994040796,-0.135006960197,2796.9512565,3431.03995058,0.000131093394352,2.34459454461e-05,-6.84663264854e-05,0.000149742539924
246,-0.0590551181102,0.0582244730523,-0.150032991192,4015.01972724,4734.64830679,0.000150339754905,3.38742362245e-05,-7.01038014399e-05,0.000169304603484
247,-0.0590551181102,0.0522020060971,-0.0940228357394,2159.71874167,1995.11938176,8.02152042718e-05,7.28028491517e-06,-6.27463107251e-05,0.000102100837677
248,-0.0590551181102,0.0519648522478,-0.0565719858102,1617.38058139,1536.82765626,4.47350900452e-05,1.17833576521e-06,-5.53647194433e-05,7.11889662487e-05
249,-0.0590551181102,0.0567816754543,-0.120022144885,2826.35662638,3200.40557473,0.000111240695696,1.568714176e-05,-6.7074702255e-05,0.000130841868216
250,-0.0590551181102,0.0480091823413,-0.180733806162,3130.56562663,3315.42469603,0.000174506818885,4.59994726688e-05,-6.73061512073e-05,0.000192610226399
251,-0.0590551181102,0.0408848984739,-0.0663066045973,2125.0541609,1861.24219141,5.19291527536e-05,2.20915893255e-06,-5.72162274407e-05,7.72995082225e-05
252,-0.0590551181102,0.0873509024599,-0.213873459425,1722.8510087,1425.88965053,0.000256981901244,5.79678097897e-05,-7.06754443065e-05,0.000272754437117
253,-0.0590551181102,0.0606411600925,-0.195050929662,2413.83421164,2521.8388574,0.000202106486158,5.24180827331e-05,-6.68256177447e-05,0.000219226709895
254,-0.0590551181102,0.0426912993784,-0.144665065024,4329.37750684,4916.50318136,0.000132238842699,2.74245977789e-05,-6.81078796411e-05,0.0001512544325
255,-0.0590551181102,0.0299615213812,-0.0463831258921,1401.68022359,1362.56315886,3.57639753627e-05,7.43332629886e-07,-5.38934710001e-05,6.46847794584e-05
256,-0.0590551181102,0.0577690329501,-0.106617274175,1906.55342938,2041.54500121,9.54439785997e-05,1.04241551459e-05,-6.46821827777e-05,0.000115767010976
257,-0.0590551181102,0.0371754614055,-0.110095732028,2965.77250883,2605.75741316,9.21753131809e-05,1.02485396147e-05,-6.47885022334e-05,0.000113132095118
258,-0.0590551181102,0.127950444114,-0.207881137217,2506.29867557,2447.26376781,0.000321824737339,6.91441025246e-05,-8.89205636174e-05,0.000340967645256
259,-0.0590551181102,0.0308825572905,-0.0845128807349,2177.60564351,2127.4306877,6.66197043483e-05,4.09375897794e-06,-6.08649665354e-05,9.03298844313e-05
260,-0.0590551181102,0.0426370011036,-0.162860911615,3147.03697937,3615.81500222,0.000151778912601,3.88435561751e-05,-6.82073193258e-05,0.00017087392597
261,-0.0590551181102,0.0450548586155,-0.128355387826,3449.12758469,3675.20501409,0.000115662910527,1.88764598643e-05,-6.70231223085e-05,0.000135004920401
262,-0.0590551181102,0.0596427494177,-0.0167847595438,340.598631463,332.110052129,1.36349963948e-05,-7.77177112833e-08,-5.17299766802e-05,5.34968191023e-05
263,-0.0590551181102,0.0255928440596,-0.13563668509,4234.57695302,4213.1541231,0.000113293072929,1.84421228081e-05,-6.59530329908e-05,0.000132382909879
264,-0.0590551181102,0.0753796502406,-0.201264739402,2546.78187616,2223.16502185,0.000227592563868,5.68667281145e-05,-6.82917468992e-05,0.000244327572306
265,-0.0590551181102,0.020427450372,-0.0637710506248,1978.21443288,1728.6793379,4.83493852627e-05,1.03674960996e-06,-5.66004324254e-05,7.44469398685e-05
266,-0.0590551181102,0.0266445786437,-0.156097454226,2876.00414578,3212.97481617,0.000132555765183,3.21898191375e-05,-6.77550074761e-05,0.00015230875345
267,-0.0590551181102,0.0308727174703,-0.0190344988806,453.783869656,504.971413438,1.53007091288e-05,6.69767566341e-08,-5.1959422926e-05,5.41654670111e-05
268,-0.0590551181102,0.185600393701,-0.18271635462,1134.70110512,1303.81947707,0.000416811984846,9.55361324091e-05,-0.000128688339795,0.000446564745705
269,-0.0590551181102,0.0773923382086,-0.0131847471203,142.493811939,184.66378962,1.0804175157e-05,-8.32475259779e-08,-5.12681025853e-05,5.23942313014e-05
270,0.0492638351471,0.163599866813,-0.184474109942,200.484591256,1294.29102378,0.000365822657562,-0.000104814987799,-1.22481034373e-05,0.000380739299904
271,0.00347991907868,0.192214814355,-0.204507855786,269.07107076,2141.3456577,0.000443307625521,-4.02057543604e-05,-6.97499076644e-05,0.000450558767696
272,0.0059651950696,0.190661516861,-0.192559748061,265.076928873,1737.89695557,0.000427723440713,-3.74161912236e-05,-6.59603530136e-05,0.000434393924072
273,0.0555084449681,0.0801976564828,-0.0640399590553,779.287590896,2067.86608103,4.23839811044e-05,-3.42687673776e-07,2.34301166713e-05,4.84302555882e-05
274,-0.0555149237327,0.0740098855739,-0.0702222428413,1840.65180182,1895.14645474,5.74720358352e-05,1.75945698426e-06,-5.19380627784e-05,7.74835011928e-05
275,0.0562500441593,0.077545611529,-0.066036585789,592.182663534,2264.86663787,4.48943631087e-05,-5.77709033482e-07,2.5221759683e-05,5.14973275828e-05
276,0.0554102288885,0.0749795714999,-0.0688202861554,472.713979339,2364.90563282,4.83340095721e-05,-1.34503525291e-06,2.5826625752e-05,5.48178821087e-05
277,-0.0562571082865,0.076001036073,-0.0675807117507,1429.80349786,1457.72371832,5.48435705372e-05,1.3301014474e-06,-5.17523157577e-05,7.54180918972e-05
278,-0.0554621853898,0.0787829679681,-0.0650173870357,922.109573154,1059.61599947,5.2243764217e-05,8.75422248551e-07,-5.02476520294e-05,7.24914049949e-05
279,0.0552394100743,0.0837703281952,-0.0622721464936,430.343778207,1270.54669354,4.01610065932e-05,-1.26644696963e-07,2.21919932253e-05,4.58847148054e-05
280,-0.0551168200502,0.0721981309182,-0.0739030014412,2129.69174437,2152.18985504,6.12760448949e-05,2.35042503565e-06,-5.27015332077e-05,8.08562290628e-05
281,0.0552117401728,0.0725835451028,-0.0729364958194,683.610872284,2559.18917668,5.37112496559e-05,-2.81910928685e-06,2.72447984174e-05,6.02919958002e-05
282,-0.0552580833422,0.0827974731929,-0.0626660658705,415.941557243,735.01594262,5.00103336632e-05,5.25765082034e-07,-4.928698831e-05,7.0217641079e-05
283,0.0521918943885,0.0776392252716,-0.0659533859785,1098.12158819,2391.35658887,4.44715058394e-05,-8.10781539753e-07,2.19174391294e-05,4.95857473103e-05
284,-0.0522445428822,0.0759273289759,-0.0676635350981,1206.21862226,1360.32837337,5.47130404431e-05,1.263317343e-06,-4.82681860277e-05,7.29721217153e-05
285,0.051376891375,0.0816662894681,-0.0632030413967,948.569076862,1870.67782463,4.09308961294e-05,-3.83387585388e-07,1.99325883667e-05,4.55279400258e-05
286,-0.0513390338452,0.0729904818568,-0.0720506899289,1842.007926,1891.80129437,5.91239308942e-05,1.83298737728e-06,-4.87424704992e-05,7.66474231626e-05
287,0.051405871278,0.0740090104749,-0.070223633209,1200.65468765,2951.77552958,4.99791169324e-05,-2.08477050194e-06,2.2942258953e-05,5.50327688132e-05
288,-0.0514461090054,0.0801709567072,-0.0640567622778,688.885305094,895.220615282,5.12269845824e-05,7.43424863331e-07,-4.65386645549e-05,6.92141887801e-05
289,0.0472792982501,0.0794187605341,-0.0645554471365,1381.96775364,2425.36510821,4.23478609258e-05,-6.91371049733e-07,1.78960223991e-05,4.59792011308e-05
290,-0.0474148038774,0.0741450226947,-0.0700105624847,1460.43447231,1577.53497291,5.68421555457e-05,1.42829494564e-06,-4.47779636035e-05,7.23749728705e-05
291,0.0512863005276,0.0856386701728,-0.0616772761374,1045.54438771,1373.24792099,3.90392655835e-05,-2.90753259291e-07,1.91209140938e-05,4.34713486165e-05
292,-0.0505765437492,0.0714373972432,-0.0765092537819,2220.34896782,2273.98537459,6.37454033826e-05,2.42609988454e-06,-4.92192744425e-05,8.05723239687e-05
293,0.0512744441439,0.0719047946632,-0.0747593388083,1081.81173978,2978.15199061,5.59104682117e-05,-3.48506917974e-06,2.42016897724e-05,6.10233393931e-05
294,-0.0513182060393,0.0846831601521,-0.0619558747336,99.906018127,539.692238676,4.92539780331e-05,3.70706650261e-07,-4.58024751587e-05,6.72603784272e-05
295,0.0474780571915,0.0757836721597,-0.0678277019559,1665.11744016,3178.42165035,4.66194137119e-05,-1.47096766198e-06,1.90463706532e-05,5.03815215705e-05
296,-0.0474423347081,0.0777971528119,-0.0658154137952,809.088930643,1075.04965465,5.27814883576e-05,9.59259531865e-07,-4.3649537346e-05,6.84988160672e-05
297,0.0470149360035,0.0871449742388,-0.0613416801356,1151.92916699,1287.27595974,3.83813427112e-05,-2.17715110903e-07,1.64499306725e-05,4.17585331078e-05
298,0.0469579136555,0.073039271412,-0.0719517685679,1666.62820448,3481.85928028,5.21798286519e-05,-2.60154539727e-06,1.99560229936e-05,5.5926249743e-05
299,-0.0470775154974,0.0816866811952,-0.063192569102,423.073659583,822.803736037,5.03081970063e-05,5.24048432316e-07,-4.26150549063e-05,6.59335439473e-05
300,0.0432312547846,0.0774387485745,-0.0661328762531,1691.84609804,2885.29022232,4.4237913171e-05,-1.03625842931e-06,1.59167745985e-05,4.70256366982e-05
301,-0.04328346341,0.0758458195893,-0.0677562307464,1200.18656563,1349.26920148,5.44904610167e-05,9.41171657078e-07,-4.08153411697e-05,6.80880916218e-05
302,0.0469833178198,0.0832973327399,-0.0624561273082,989.617789574,1665.62908709,3.98040171426e-05,-3.47050436032e-07,1.69166282977e-05,4.32510408852e-05
303,0.0468371670047,0.0714973445121,-0.0762435488916,1783.56637599,3789.15740858,5.79352637049e-05,-3.83883872898e-06,2.07668288583e-05,6.16643547293e-05
304,-0.0469801901695,0.0860310248511,-0.0615778679425,129.441216785,522.197520526,4.87982314624e-05,2.03970325731e-07,-4.21451950342e-05,6.44788838476e-05
305,0.0437331725325,0.0745781674364,-0.0693695033115,1821.99023378,3614.4351939,4.85060050715e-05,-1.75329881232e-06,1.7035307683e-05,5.14403372129e-05
306,0.0427523351717,0.0811708837586,-0.0634668219438,1371.42235952,2477.90488445,4.08637700763e-05,-5.90067273468e-07,1.48173388534e-05,4.3471248141e-05
307,-0.0437600734682,0.0791089808728,-0.0647756768595,770.01204326,1077.69035745,5.16596873728e-05,6.8454585205e-07,-4.03061875099e-05,6.55269460151e-05
308,-0.0429319587307,0.0728084029447,-0.0724328266699,1743.85099996,1927.11548394,5.90779741362e-05,1.4294271638e-06,-4.16536084513e-05,7.22998851111e-05
309,0.0394613441077,0.0754698461648,-0.0681995590756,2283.05523201,3853.80476664,4.68780619751e-05,-1.45453329814e-06,1.40448766763e-05,4.89584203433e-05
310,0.0389409213299,0.0789132795603,-0.0649195207803,1829.44395309,2930.47145394,4.26415544588e-05,-7.87715190242e-07,1.30734513163e-05,4.46075979089e-05
311,-0.0394139389295,0.0780869592032,-0.0655697812401,885.934128455,1341.67581997,5.21815255944e-05,6.50570683367e-07,-3.69070765553e-05,6.3917659183e-05
312,-0.0388141333089,0.0745362152642,-0.0694292717456,1373.64144483,1640.73285852,5.57793808619e-05,9.02750348809e-07,-3.74514759903e-05,6.71920184351e-05
313,-0.0470023305106,0.0720883523504,-0.0742087013172,2010.32078208,2026.31657841,6.10911123646e-05,1.88146619746e-06,-4.54909603586e-05,7.61911504005e-05
314,0.040980771553,0.0723613402553,-0.0734754254805,1934.5982558,3713.43171136,5.37864656333e-05,-2.62635028341e-06,1.58885160727e-05,5.61455834784e-05
315,0.0390453924526,0.0822094565383,-0.0629341861751,1682.47979543,2535.2224828,3.99799744259e-05,-4.65140449395e-07,1.27099506692e-05,4.19542316905e-05
316,0.0425061481406,0.0849020068334,-0.0618874179828,1152.38700187,1702.31884458,3.886894646e-05,-3.02791463491e-07,1.41957978384e-05,4.13812440346e-05
317,-0.0416017012413,0.0828265535247,-0.0626534062663,271.732645535,735.878257687,4.95141776738e-05,2.7149642362e-07,-3.78858653548e-05,6.23463414701e-05
318,-0.0385465225166,0.072249678445,-0.0737646974315,1914.82520952,2084.92388806,6.0247527312e-05,1.23356308423e-06,-3.82641805383e-05,7.13823068929e-05
319,0.0348727795434,0.0768960760357,-0.0666445469693,2149.84242662,3649.03132499,4.47473565817e-05,-1.00413660888e-06,1.11035055991e-05,4.61153125108e-05
320,0.0350136428793,0.0807183025084,-0.0637240037438,1884.02043122,2851.34702201,4.09133744375e-05,-5.86537218223e-07,1.08295494018e-05,4.23264382392e-05
321,-0.0346849684648,0.0765119146762,-0.0670313275753,1186.10770185,1610.27186484,5.31800825194e-05,6.3813565819e-07,-3.33277308678e-05,6.27635725456e-05
322,-0.034397126963,0.0734424898007,-0.0711830074365,1834.29443785,2080.9354308,5.72332724028e-05,8.41226433831e-07,-3.42122181795e-05,6.66845634657e-05
323,0.0352991974639,0.0738665326668,-0.0704535126615,2275.0188548,3925.52795055,4.99962549891e-05,-1.78889475735e-06,1.18295851743e-05,5.14078276411e-05
324,0.0366686232195,0.0852821196123,-0.061775115638,1091.49778809,1883.92916078,3.84919663224e-05,-2.72812008862e-07,1.12330580541e-05,4.00984724273e-05
325,-0.0353710587625,0.0805645243493,-0.0638150395712,428.232488031,1070.2935494,5.02312029642e-05,3.8775745392e-07,-3.30251194433e-05,6.0116408919e-05
326,-0.0345726747733,0.0715946300084,-0.0758447051957,1890.65377953,2224.11841913,6.21096429425e-05,1.08768625641e-06,-3.54391671258e-05,7.15173082156e-05
327,0.0305362240679,0.0749673850293,-0.0688363864356,2391.21230821,3834.72483554,4.76187176404e-05,-1.22281392954e-06,8.94690623887e-06,4.84673567968e-05
328,0.0304249009058,0.0785152920858,-0.0652237953491,1907.90187322,3282.29119968,4.28378408847e-05,-6.73441110408e-07,8.69424735379e-06,4.37164050631e-05
329,0.0306523455051,0.0831140583874,-0.0625312240281,1451.76419884,2411.42740999,3.93301516684e-05,-3.36136976831e-07,8.62469595295e-06,4.02661048353e-05
330,-0.0303747933147,0.0788391486145,-0.064974987399,706.553475521,1399.63005715,5.08384387355e-05,3.67261699809e-07,-2.92461251625e-05,5.86516629878e-05
331,-0.0300519116055,0.075120268974,-0.0686368480286,1468.24097533,1934.76393959,5.43281945336e-05,5.33315352083e-07,-3.002990445e-05,6.20776313e-05
332,-0.0300363813344,0.0724210833662,-0.0733260005974,2032.12314706,2413.77336975,5.90795606326e-05,6.86072011483e-07,-3.11852065308e-05,6.68085494956e-05
333,0.0307501849406,0.0723812587257,-0.0734252118131,3029.50319078,4462.35813918,5.37900223944e-05,-2.13148942364e-06,9.21638736418e-06,5.46154882098e-05
334,-0.0306716617906,0.0835876936892,-0.0623415236512,247.690454814,1087.95022224,4.84402308234e-05,1.56537454165e-07,-2.87531085636e-05,5.63313564391e-05
335,0.0351640958599,0.0718572531604,-0.0749114211626,2448.36704664,4045.07480661,5.57617153926e-05,-2.70844786678e-06,1.21460061236e-05,5.71334408042e-05
336,0.0262869191587,0.0734487431314,-0.0711717072689,2848.07091822,4342.79062598,5.08523332684e-05,-1.47726751632e-06,6.57466523297e-06,5.1296864827e-05
337,0.025998593656,0.0763397411483,-0.0672118185891,2136.98148403,3533.88073734,4.55965388452e-05,-8.78089741999e-07,6.50637149027e-06,4.60667805064e-05
338,0.02590063407,0.0801794461533,-0.0640514130559,1707.98777932,3044.23060466,4.15423662948e-05,-4.78929045085e-07,6.53051793156e-06,4.20552640564e-05
339,-0.0356373171734,0.0850260091333,-0.0618498666272,274.430325154,820.400235783,4.84499529464e-05,1.30331932317e-07,-3.27017294487e-05,5.84535545186e-05
340,-0.0259696915235,0.0814024035392,-0.0633412907039,426.632879089,1419.42429543,4.88519272832e-05,1.87124023013e-07,-2.52225486336e-05,5.49792940502e-05
341,-0.0257083376588,0.0772341458393,-0.0663212488494,1111.81043298,1761.17812188,5.16238646923e-05,3.09486379887e-07,-2.59068014625e-05,5.77605535777e-05
342,-0.0255550946829,0.0740075621415,-0.0702259349041,1800.29663731,2349.79258073,5.5489541638e-05,3.55821266193e-07,-2.68139359184e-05,6.16295627066e-05
343,0.0265355986667,0.0717712962808,-0.075198075443,3063.81278517,4650.75546957,5.61714729747e-05,-2.22760886934e-06,6.56607440399e-06,5.65977910391e-05
344,0.0258593465761,0.0843496304568,-0.0620656289031,1119.63092092,2187.73612123,3.90626112478e-05,-2.14574869062e-07,6.50385792508e-06,3.96009319055e-05
345,-0.0259513535848,0.0860244430923,-0.0615794648907,201.489931118,1311.97478704,4.72498351324e-05,8.61654751475e-08,-2.46738618341e-05,5.33043506886e-05
346,-0.0255870419043,0.0720279562982,-0.0743839951891,2070.33695051,2492.09822208,5.97646023859e-05,4.80818769086e-07,-2.78377657498e-05,6.59316319151e-05
347,0.0221810232496,0.0723932282729,-0.0733952289944,3084.22837108,4597.61430335,5.39046128542e-05,-1.65610230973e-06,4.08486110809e-06,5.40845269194e-05
348,0.0217029592449,0.0745448443029,-0.0694169395477,2483.70086284,3983.53241842,4.86826101968e-05,-1.02346408365e-06,4.20588119223e-06,4.88746708522e-05
349,0.0213900497333,0.077821316266,-0.0657945636732,1999.78442799,3407.1657408,4.42334923073e-05,-6.40055600404e-07,4.28869798957e-06,4.44455221964e-05
350,0.0213328627307,0.0818738845255,-0.0630978240159,1501.93781641,2895.41956061,4.07000008348e-05,-3.28765352754e-07,4.4705154264e-06,4.09461068087e-05
351,-0.0218130939953,0.0840813279027,-0.0621587419363,315.203835267,1579.6048373,4.71889089491e-05,9.69191131444e-08,-2.15389564556e-05,5.1872238879e-05
352,-0.0214490843421,0.0796361723413,-0.0644061750984,822.451863635,1720.34601389,4.9257205092e-05,1.73033577774e-07,-2.19663720057e-05,5.39335117824e-05
353,-0.0211319679305,0.0758340172014,-0.0677697504793,1484.45540051,2284.41829183,5.24374250258e-05,2.4116800749e-07,-2.27471390166e-05,5.7159199074e-05
354,-0.0210995970406,0.0730856447877,-0.0718590202405,2277.90079562,2803.76547478,5.66816644349e-05,2.38193575538e-07,-2.37843693054e-05,6.14700255616e-05
355,0.0227007090327,0.071303690246,-0.077176768255,3061.61324273,4532.15657108,5.89796362673e-05,-2.33865187999e-06,4.08215315788e-06,5.91669735684e-05
356,0.0218339970916,0.0862405560652,-0.0615282787604,913.437127548,2102.75628644,3.87627001564e-05,-1.45704285996e-07,4.8060857033e-06,3.90597825511e-05
357,-0.021696897685,0.0714965376628,-0.076247014695,2216.58568062,2812.37787342,6.1450957376e-05,3.10446165191e-07,-2.52591055298e-05,6.64404918059e-05
358,0.0183036563301,0.0716716804051,-0.0755519615225,3220.37103226,4583.96347412,5.68861282146e-05,-1.81876153823e-06,1.62355420168e-06,5.69383474034e-05
359,0.0174908180914,0.0731168614432,-0.0717972653565,2869.71944187,4216.49163817,5.22673048765e-05,-1.23588982615e-06,1.5095205703e-06,5.23037019251e-05
360,0.0169789842389,0.0757513119203,-0.06786519362,2330.22674672,3905.14306499,4.72288204916e-05,-7.48622932314e-07,1.78205257679e-06,4.72683576265e-05
361,0.0166979086782,0.0794083150618,-0.0645627273074,1797.23081259,3427.32778688,4.30078393457e-05,-4.12383836464e-07,2.18276548039e-06,4.30651688811e-05
362,0.0164893671729,0.0838925010325,-0.0622268896372,1053.74400997,2513.2723834,4.01727300215e-05,-1.97041197145e-07,2.43546722849e-06,4.02469696156e-05
363,-0.0173693130729,0.0824024507177,-0.062843608349,647.646727886,1856.2760365,4.71116956715e-05,5.69800896116e-08,-1.83143712345e-05,5.05463283482e-05
364,-0.0168047118685,0.0780025102376,-0.0656403691609,1207.04858871,2149.16246291,4.98673591723e-05,6.45106262261e-08,-1.88555118472e-05,5.33131128285e-05
365,-0.0165106842193,0.0745920058067,-0.0693498910212,2028.57701175,2700.72109295,5.34873564254e-05,7.56156721212e-08,-1.96998899645e-05,5.69999006992e-05
366,-0.0163485069764,0.0722125807057,-0.0738639110492,2245.85200948,2870.36540621,5.83790246148e-05,1.21224062441e-08,-2.07847429873e-05,6.19686711409e-05
367,0.0133112872783,0.0719560571394,-0.074600008473,3098.17349788,4539.26464217,5.60685779854e-05,-1.40696287121e-06,-1.30748562712e-06,5.61014661171e-05
368,0.0125328564118,0.0739830171424,-0.0702650495691,2662.23828686,4094.74021203,5.05951642397e-05,-8.20095454834e-07,-1.03678833445e-06,5.06124305981e-05
369,0.012144845613,0.0770567081908,-0.0664890146203,2207.08568308,3690.3983685,4.61776636356e-05,-5.12641494539e-07,-5.84355233021e-07,4.61842060794e-05
370,0.0118724138158,0.0809145053405,-0.0636105642975,1404.87513505,3072.69598244,4.25610429557e-05,-2.8415281773e-07,-8.66566446471e-08,4.25620797151e-05
371,-0.0123238078865,0.0803353239597,-0.0639542621981,949.501408024,2293.2434709,4.73801727299e-05,4.01294639754e-09,-1.49538372273e-05,4.96839816423e-05
372,-0.0120161481761,0.0765193516147,-0.0670236338033,1581.92347299,2625.93051269,5.05110309878e-05,-3.57069500057e-08,-1.57542530885e-05,5.29108875073e-05
373,-0.0117588225483,0.0736123111226,-0.0708821563979,2446.94456492,3431.16463016,5.45822877721e-05,-1.49437231442e-07,-1.66573735662e-05,5.70676490145e-05
374,0.0116352533381,0.0849260800702,-0.0618800581947,687.567517674,2417.14516235,4.05852546756e-05,-1.33631694276e-07,1.82810310052e-07,4.05858863907e-05
375,-0.0122784239319,0.0845014068231,-0.062014866308,365.594634346,1937.54961986,4.54921587917e-05,-3.69141560007e-08,-1.42416598934e-05,4.76693061697e-05
376,-0.011541123735,0.0718648499244,-0.0748868268192,2535.82560396,3126.46017856,5.90451657854e-05,-2.43500603473e-07,-1.7481215486e-05,6.15790856544e-05
377,0.00698650240266,0.0824046637388,-0.0628425844662,991.106045784,2581.63119661,4.2501723274e-05,-2.13045732729e-07,-2.45820645649e-06,4.25732856229e-05
378,-0.00767194046875,0.082671392083,-0.0627215998873,588.467597942,2292.29128287,4.52550442921e-05,-4.01340788348e-08,-1.1267181673e-05,4.66365739252e-05
379,-0.00743722912324,0.0787163036035,-0.0650681096626,1283.13723662,2710.72075366,4.76596171264e-05,-1.01854337278e-07,-1.19267075223e-05,4.91293784946e-05
380,-0.00716452094687,0.0752783769482,-0.06843590585,1988.36011698,3103.59766278,5.12099337126e-05,-1.81648830276e-07,-1.2780352955e-05,5.27809409616e-05
381,-0.00699031953789,0.0728130043705,-0.0724229031117,2835.01144202,3795.61771696,5.57006671794e-05,-3.78177206003e-07,-1.37575419547e-05,5.73757553577e-05
382,0.0071699746764,0.0783590158016,-0.0653477405078,1880.40542736,3321.9740949,4.53961848214e-05,-3.29910873765e-07,-3.00543313112e-06,4.54967588497e-05
383,0.0073145831014,0.0865781390131,-0.061453447899,474.564944671,2243.01021996,4.0907364501e-05,-8.15625819543e-08,-1.85761059205e-06,4.09496012189e-05
384,-0.00775394692224,0.0867167061377,-0.0614245268706,239.719348667,2088.58235887,4.39783635029e-05,-5.92735702599e-08,-1.09166437346e-05,4.53130563986e-05
385,-0.00730567855513,0.0714201324376,-0.0765891157395,2492.01174574,3453.77967318,6.05421234424e-05,-5.31042685692e-07,-1.49932418165e-05,6.23732957075e-05
386,0.0021199431288,0.0799108492453,-0.0642236167188,1323.88343924,2932.16698528,4.49303486766e-05,-1.78294794254e-07,-5.56385544819e-06,4.52738832958e-05
387,0.00181866518208,0.0841960386193,-0.0621184012196,577.402281928,2416.46338155,4.27058545929e-05,-8.93569126549e-08,-5.07408392597e-06,4.30063289396e-05
388,-0.00322258784766,0.0850632198525,-0.0618387717123,430.047075575,2186.99570012,4.34580805541e-05,-6.2407520645e-08,-8.10265460399e-06,4.42070319268e-05
389,-0.00282217420261,0.0811861060796,-0.0634584448294,906.817790191,2502.81356455,4.50668751877e-05,-1.24163647085e-07,-8.36948972803e-06,4.58376157113e-05
390,-0.00253989608686,0.0773426335946,-0.0662207019903,1736.3528657,3046.23077605,4.79900641803e-05,-2.09212981316e-07,-9.0423787603e-06,4.88349735716e-05
391,-0.00226877725287,0.0741485992512,-0.0700050401638,2450.67549917,3517.02718516,5.22454361193e-05,-3.81527290786e-07,-9.95200922044e-06,5.31862166909e-05
392,-0.00187175260641,0.0720653797813,-0.0742747473867,2869.25536805,3951.93059248,5.71845580249e-05,-6.44776789228e-07,-1.07749608919e-05,5.81944086304e-05
393,0.00747943749039,0.0749910096435,-0.0688052056974,2391.13974299,3689.70574342,4.93973866874e-05,-5.18873959335e-07,-3.62421033015e-06,4.95328773872e-05
394,0.00245532215652,0.0760910520255,-0.0674808228366,2094.73151102,3491.97587701,4.8652899511e-05,-3.49669101999e-07,-6.29209644408e-06,4.90593250766e-05
395,0.00280020168035,0.0733712430169,-0.071313008207,2591.79228999,3712.2509323,5.31797052479e-05,-6.05640175963e-07,-7.13185943463e-06,5.36592142066e-05
396,0.00318942434869,0.0717757644539,-0.0751827753487,3141.81467387,4351.86543285,5.77304912217e-05,-9.974937766e-07,-7.62358051922e-06,5.8240223132e-05
397,0.00786682197294,0.072671556129,-0.0727348102579,2939.14194236,4090.68636915,5.43755136793e-05,-9.11666679487e-07,-4.4129170957e-06,5.45619048541e-05
398,0.00788772462811,0.0713652700166,-0.0768543734433,3199.61262368,4300.50069897,5.94689013199e-05,-1.37715656373e-06,-5.03578194306e-06,5.96976204231e-05
399,0.0374232865745,0.0712628819142,-0.0774083510924,2342.35506682,3933.7034324,5.91328734902e-05,-3.48905896645e-06,1.37745512418e-05,6.08161863454e-05
400,-0.0551517829615,0.0712490957986,-0.0774904662441,2192.96780574,2194.3767571,6.50827739169e-05,2.96633461189e-06,-5.37531897822e-05,8.44628439819e-05
401,-0.0553273650857,0.0868599735435,-0.0613957156834,118.428337647,460.649153019,4.87922642921e-05,2.68373648176e-07,-4.89405868187e-05,6.91081624508e-05
402,0.0553182524173,0.0872646696728,-0.0613202801982,694.165250067,1010.99536795,3.88563019356e-05,-1.29993392314e-07,2.14954013781e-05,4.44058709947e-05
403,0.0553093439774,0.0713513184185,-0.0769249202469,577.654736967,2701.63671477,5.9016423893e-05,-4.42028907769e-06,2.85969851159e-05,6.57287212896e-05
404,-0.0471642907977,0.0709842519685,-0.0928745936358,1810.52426438,2008.8252887,8.18218448462e-05,4.12273749608e-06,-4.88218172069e-05,9.53697074226e-05
405,-0.0256312740592,0.0709842519685,-0.0977922691929,2079.5885647,2895.15898299,8.65430932206e-05,1.45560704964e-06,-3.11772032472e-05,9.19991509656e-05
406,-0.00563258864405,0.0709842519685,-0.0970516453391,2428.99447639,3726.06509266,8.50174473356e-05,-2.14627300225e-06,-1.65677150483e-05,8.66433033834e-05
407,0.0300265086667,0.0709842519685,-0.0946269617771,1969.64511532,3345.87957992,8.16080577095e-05,-8.40792948207e-06,7.73535527754e-06,8.24039081753e-05
408,-0.0135264479731,0.0709842519685,-0.116718084657,2549.31978212,3741.7680156,0.000112100739765,-1.88062348598e-06,-2.34922428301e-05,0.000114551290145
409,0.0102373590787,0.0709842519685,-0.093296300557,2668.40610917,3893.51293829,7.99084432756e-05,-4.33718893695e-06,-5.46125254095e-06,8.02121923022e-05
410,0.0409056298606,0.0709842519685,-0.115761855977,1756.89208693,3061.74019692,0.000111656489448,-2.25726889792e-05,1.70253651233e-05,0.000115180558174
411,0.0115575527627,0.0709842519685,-0.113385572833,2640.79337107,4226.95781558,0.000106890635938,-9.36458059924e-06,-5.91395298525e-06,0.000107462915748
412,-0.0410333143374,0.0709842519685,-0.120293627621,2160.73571706,2843.62298284,0.000116305937647,7.96557309711e-06,-4.54096072394e-05,0.000125110167118
413,0.0544171297812,0.0709842519685,-0.0854904332287,816.997261966,2347.97301152,7.05373241681e-05,-8.81129862886e-06,2.90069313987e-05,7.67760063658e-05
414,0.0494789886791,0.0738757454809,-0.145357777325,1396.52499487,4972.99857284,0.000159689760183,-5.12542123132e-05,2.6578456029e-05,0.000169806443082
415,0.049562440547,0.0787146045331,-0.154193225628,665.273704735,5183.75664113,0.00017973123782,-6.15471788964e-05,2.53607224957e-05,0.000191662566308
416,0.0496580058443,0.085680884632,-0.16167071545,686.423100111,5255.94851648,0.000201066751542,-7.18581808394e-05,2.25136940273e-05,0.000214705153985
417,0.0497506881378,0.0942414375974,-0.16715724149,213.163051995,4829.87504576,0.000222402162008,-8.05242429355e-05,1.89578830878e-05,0.000237289436549
418,-0.0507834957279,0.0995592696257,-0.178815919369,5067.86974589,4669.62865189,0.000243779334983,5.5149475997e-05,-6.81706672947e-05,0.000259069621428
419,-0.049094100884,0.0885868068008,-0.173280133043,7172.28203127,6982.75670171,0.000219431572259,4.5120708987e-05,-6.26410567291e-05,0.000232615552515
420,-0.0498702967923,0.0807092363154,-0.166204630513,6110.75047118,5878.68445432,0.000197984479036,3.97395142355e-05,-6.04899979049e-05,0.000210798773187
421,-0.0499981504746,0.0751663699561,-0.157741067078,5669.99755409,5530.52624906,0.000177642246667,3.27881935255e-05,-5.85381587432e-05,0.000189890888314
422,0.0502366427786,0.103105395172,-0.170145842631,-281.224340212,4063.13165448,0.000242239801431,-8.78371199401e-05,1.5982444869e-05,0.000258168393845
423,0.039547869628,0.0757338812225,-0.150337164299,1372.1243441,4540.75584829,0.000168746012327,-4.73913881588e-05,1.59467173532e-05,0.000175998460625
424,0.0402934199353,0.0815142292601,-0.158547391005,1291.86056121,5560.18290286,0.000189344608523,-5.5883650688e-05,1.48094173e-05,0.00019797394281
425,0.0399401370004,0.0891963222562,-0.165223572468,630.867718029,4525.73275159,0.000210420132913,-6.36542777959e-05,1.16963855379e-05,0.000220148370086
426,0.0401963240344,0.0984012134632,-0.169776450505,120.989954412,4193.76986104,0.000232265261095,-7.04499508553e-05,8.61809907315e-06,0.000242867492099
427,-0.0351803680238,0.0942495289657,-0.175241723253,4509.20365621,4257.24477451,0.000230016762453,3.01228611334e-05,-5.22430635767e-05,0.00023779073881
428,-0.041402848461,0.0842599376464,-0.169090824872,6587.14336578,6582.91962084,0.000206454866945,3.20994415401e-05,-5.41479342618e-05,0.000215837867432
429,-0.0407957546234,0.0779774402742,-0.161731550626,5322.53308928,5575.72433153,0.000186797576023,2.68630328039e-05,-5.08190029359e-05,0.000195441878826
430,0.0391299195764,0.0720682962077,-0.140577039228,2257.24716004,4781.3714548,0.000149381477417,-3.8169943432e-05,1.60159990398e-05,0.000155010588677
431,-0.0411518210463,0.0732511271462,-0.152298760665,4502.71525638,5209.18972951,0.000166504599867,2.11912695095e-05,-4.88484800293e-05,0.000174811400319
432,0.0305887653334,0.0783090673179,-0.155424869175,1456.02790524,4681.21059188,0.000179369276691,-4.29418944183e-05,7.28191598042e-06,0.000184581608015
433,0.0278855695852,0.073517963936,-0.146476613315,2612.57622174,5023.16404357,0.000159344211048,-3.38391890352e-05,5.988370585e-06,0.000163007757151
434,-0.0323770418305,0.0823704712253,-0.166383335481,5240.1781211,5287.76060247,0.000199295215201,2.06209818971e-05,-4.52986287209e-05,0.000205416098348
435,-0.0311366941672,0.0758425992065,-0.157266837245,4481.0933355,5050.55041125,0.000177133934194,1.55418193188e-05,-4.17281577239e-05,0.000182645059987
436,0.0326800172976,0.0841524245428,-0.161943393523,1352.89812898,4886.2331719,0.000197343142268,-5.08748453855e-05,7.0662968217e-06,0.000203917871321
437,0.0252496471408,0.0825052272554,-0.161040546935,1593.62755844,4919.87865337,0.000193104573707,-4.13540543009e-05,1.41880915233e-06,0.000197488093851
438,-0.0221857245617,0.0792262074776,-0.161714582905,5008.01446465,4953.35601152,0.000188316711004,7.98088657293e-06,-3.56401293543e-05,0.000191825694354
439,0.0271884599298,0.0912798227599,-0.16773710904,997.293101741,4167.64717265,0.00021655487336,-4.95165217536e-05,6.95748181785e-08,0.000222143881174
440,-0.0212921351346,0.0736939641126,-0.151624355,3599.17767437,4629.43701766,0.000165604918784,5.18560346851e-06,-3.29059117358e-05,0.000168922108192
441,-0.023921916055,0.0866547337284,-0.169459639804,5234.30208075,5507.48136067,0.00020985646771,1.20375981625e-05,-3.99147692867e-05,0.000213957541621
442,-0.0316335013095,0.0721433034443,-0.147624217766,3797.6037818,4685.66855193,0.000157915978464,1.20597959538e-05,-4.06950885677e-05,0.000163520595541
443,-0.0108762581432,0.0768217254453,-0.157066625543,3575.75287073,4575.20844772,0.000178114777334,-3.37599805551e-06,-2.60179340823e-05,0.00018003667449
444,-0.0131673826616,0.0846434353715,-0.166751626791,3326.80420349,3906.97943242,0.000202982275063,-5.22960731888e-07,-2.99912523436e-05,0.000205186628938
445,-0.0101516838298,0.0724434767208,-0.146743018853,3278.79864466,4834.11602438,0.000156713871216,-3.64707216185e-06,-2.39838679125e-05,0.000158580466914
446,-0.0168613586765,0.0961569605339,-0.17434945138,3226.84828719,3204.3925292,0.000231413389318,5.62525124869e-06,-3.75478080872e-05,0.000234507223981
447,-0.00337264575611,0.0922253912249,-0.171179227597,2348.73579765,3167.80882064,0.000221056857418,-1.26018592022e-05,-2.48094120478e-05,0.000222801364432
448,-0.00138243867825,0.0817913324318,-0.162817167778,3478.0656746,4664.78897203,0.000193698605646,-1.39921489971e-05,-1.99569136908e-05,0.00019522604454
449,0.00685501316417,0.0874972285866,-0.167174709133,2050.75090057,3734.75218501,0.00020828341873,-2.41966474124e-05,-1.50082647475e-05,0.000210220618101
450,0.00888454647696,0.0803474199014,-0.160181697313,2232.30691365,4571.44944617,0.000188538806002,-2.35147501404e-05,-1.12345391866e-05,0.000190331394451
451,0.00591775214871,0.0969611100665,-0.172506292105,2216.88861008,3440.04375056,0.000231093015458,-2.52255363306e-05,-1.92326959956e-05,0.000233259953853
452,0.016952714483,0.0846839730296,-0.163922090856,1621.01981316,4248.21697798,0.000200308966459,-3.41030882944e-05,-6.21568846499e-06,0.000203286343511
453,0.0145697105892,0.0928631342518,-0.169814101317,1876.26126358,3835.37601234,0.00022097767644,-3.49194478683e-05,-1.07545305263e-05,0.00022397803743
454,0.0125751732682,0.102395733823,-0.173567979254,1352.98900105,3046.85957057,0.000242031726957,-3.48175908815e-05,-1.58654401863e-05,0.000245037412819
455,0.0215732278548,0.0998522916585,-0.172022587806,910.08018687,3596.9955038,0.000236370937173,-4.61642264176e-05,-7.54001359153e-06,0.000240954783198
456,0.0308688319227,0.102437963794,-0.171837422024,573.700031446,3678.69406931,0.00024140104871,-5.95543684412e-05,-7.22298173829e-07,0.000248639720948
457,0.0186401507776,0.0767445238574,-0.154128974066,2492.52047636,5020.97281165,0.000174653021591,-3.05550987121e-05,-2.41032241269e-06,0.000177322028136
458,0.0151093865758,0.072334060965,-0.143931805855,2812.81712719,4841.901131,0.000152944085764,-2.17322540297e-05,-4.31692082786e-06,0.00015454067439
459,0.00315796627087,0.0747783071888,-0.151868313826,3145.70896032,4858.57729494,0.000167598585475,-1.54816122289e-05,-1.40542476666e-05,0.000168897862769
460,-0.0505056533085,0.072002955802,-0.148821915147,3945.16258956,4453.19963007,0.000160758159825,2.70947767051e-05,-5.79588408725e-05,0.000173021790854
461,0.0500446635799,0.0715947879565,-0.137218990355,1411.46477892,4209.46512146,0.000144598290814,-4.36476959049e-05,2.79037301291e-05,0.000153598194062
462,-0.0590551181102,0.189350393701,-0.181472072811,663.844357717,1425.11078596,0.000423949656976,9.66283136931e-05,-0.000131080585181,0.000454150264196
463,-0.0590551181102,0.191850393701,-0.181472072811,289.739221091,1469.50276549,0.000429553604487,9.68044231262e-05,-0.000132638587995,0.000459869971285
464,-0.0590551181102,0.194350393701,-0.181472072811,133.600412153,1212.84531787,0.000435243740433,9.68858128183e-05,-0.000134133501566,0.000465634803847
465,-0.0550609017801,0.193491018701,-0.181092049931,325.290460602,1629.19388716,0.000432328046485,8.78056391622e-05,-0.000128025996592,0.000459356099175
466,-0.055214280102,0.188894664534,-0.181106642849,777.012381872,1617.58028256,0.000421989815674,8.77402767164e-05,-0.000125690712836,0.000448967611287
467,-0.0517155674163,0.183614716617,-0.180773763817,888.762985615,1709.48731088,0.000409128544176,7.94093573481e-05,-0.000118435443295,0.000433265468186
468,-0.0422426320512,0.173296464248,-0.179872477588,923.138538849,1326.72770725,0.000385419850351,5.91749924733e-05,-0.000102383206611,0.000403153149281
469,-0.0410728676588,0.128538042674,-0.179761182356,2473.43420536,2409.55487545,0.00029601139702,4.96306553843e-05,-7.43121352211e-05,0.000309205825561
470,0.0402931141192,0.129365713993,-0.172019755222,266.468367572,2150.37310353,0.000291839065746,-7.96916255228e-05,-3.65075652375e-06,0.000302546068388
471,0.0125577058806,0.132012331012,-0.174658593188,776.060917871,1957.69529508,0.000297981158808,-3.67037359356e-05,-2.82005131673e-05,0.000301554645428
472,-0.013688775712,0.131828627722,-0.177155769777,1604.43108756,1649.87225482,0.000299440852538,4.6398959814e-06,-5.09203515769e-05,0.000303774974295
473,-0.0131784103874,0.176035871037,-0.177107211941,426.678334652,1545.51090164,0.000385726309653,5.52449023552e-06,-7.50008261974e-05,0.00039298909639
474,0.0276813633124,0.153433911021,-0.173219678676,332.836290467,1522.66143014,0.000337076209598,-6.20709109466e-05,-2.56574184444e-05,0.000343702592635
475,0.000541258629666,0.154552986229,-0.175801877504,722.376835106,1469.1811073,0.000342157006648,-1.80687235549e-05,-5.04518958745e-05,0.00034632829767
476,-0.0281310044679,0.152403839486,-0.178529850924,1080.98818774,1280.48452399,0.00034025691845,3.07954468579e-05,-7.56345473277e-05,0.000349919583404
477,-0.0590551181102,0.196850393701,-0.18396063643,354.48861755,2184.01314616,0.000444764024843,9.5783303457e-05,-0.000135412306045,0.000474685128947
478,-0.0590551181102,0.196850393701,-0.18644920005,817.334105337,3378.4911109,0.000448904909891,9.47428137152e-05,-0.000135558656985,0.000478401471944
479,-0.0590551181102,0.196850393701,-0.188937763669,518.108952062,3591.79701249,0.000453202915771,9.38261257506e-05,-0.00013556051215,0.000482258102255
480,-0.0590551181102,0.196850393701,-0.191426327289,368.625623592,4983.84687136,0.000457267665926,9.28417700513e-05,-0.000135559280044,0.000485890554522
481,-0.0590551181102,0.196850393701,-0.193914890908,115.013467727,6245.8437463,0.000461675717674,9.21026623979e-05,-0.000135760943837,0.000489957551817
482,-0.0590551181102,0.196850393701,-0.196403454528,110.113830521,7245.16842579,0.000465801942628,9.11018415157e-05,-0.000135969734845,0.0004937193171
483,-0.0590551181102,0.196850393701,-0.198892018148,-358.876122648,7376.21216021,0.000469977483563,9.02055923131e-05,-0.000136070255844,0.000497524872209
484,-0.0590551181102,0.196850393701,-0.201380581767,-55.0377705039,8392.53906046,0.000473890198375,8.91956337873e-05,-0.000136083963191,0.000501045533101
485,-0.0590551181102,0.196850393701,-0.203869145387,74.7743229537,8681.8092606,0.00047746608194,8.81243861927e-05,-0.000136150846843,0.000504258683556
486,-0.0590551181102,0.196850393701,-0.206357709006,-95.9188760412,8680.09096781,0.000480670141688,8.67532892088e-05,-0.000136315337619,0.000507101360252
487,-0.0590551181102,0.196850393701,-0.208846272626,-186.164807062,8685.83373285,0.000483648535064,8.53450784476e-05,-0.000136409168801,0.000509712810529
488,-0.0590551181102,0.196850393701,-0.211334836245,-26.1268257736,8881.12386999,0.000486414597615,8.37352437288e-05,-0.000136564358176,0.000512113830842
489,-0.0590551181102,0.196850393701,-0.213823399865,-435.281397355,8637.05206969,0.000488769707232,8.19860918489e-05,-0.000136638133121,0.000514089024768
490,-0.0590551181102,0.196850393701,-0.216311963484,-416.393057705,8490.73337333,0.000491031958218,8.02278400607e-05,-0.000136844188731,0.000516018625925
491,-0.0590551181102,0.196850393701,-0.218800527104,-24.0365028585,7811.12485153,0.000492968768143,7.82528122355e-05,-0.000137104788674,0.000517628662329
492,-0.0590551181102,0.196850393701,-0.221289090724,36.0914384815,7171.3434833,0.000494606209516,7.61364728864e-05,-0.000137301973515,0.000518925714267
493,-0.0590551181102,0.196850393701,-0.223777654343,4.61766932912,6370.39723799,0.00049620481113,7.39321031995e-05,-0.000137695757022,0.000520235804203
494,-0.0590551181102,0.196850393701,-0.226266217963,410.452574293,5189.69787401,0.000497947955636,7.17147449448e-05,-0.000137991015147,0.000521667222879
495,-0.0590551181102,0.196850393701,-0.228754781582,160.691017266,3870.95860186,0.000499541177494,6.93832177838e-05,-0.000138345271536,0.000522967334619
496,-0.0590551181102,0.196850393701,-0.231243345202,354.361582785,2801.42673977,0.000501339505093,6.71139733938e-05,-0.000138490190826,0.00052442837237
497,-0.0590551181102,0.196850393701,-0.233731908821,259.5802101,2156.2865002,0.000503015318959,6.47638546137e-05,-0.000138746050473,0.000525803418107
498,-0.0566039012737,0.196850393701,-0.232467739202,110.457815473,2443.74928663,0.000501513129746,5.96384147883e-05,-0.000136650269402,0.000523206895935
499,-0.054236035383,0.196850393701,-0.227510499772,2.12845885923,4872.0327097,0.000496325911039,5.79720477048e-05,-0.000134064947742,0.000517371799093
500,-0.0547693284108,0.196850393701,-0.221600214301,-84.4485690255,6686.73580365,0.000491657172843,6.42529932908e-05,-0.00013367675279,0.000513541329389
501,-0.053499786633,0.196850393701,-0.217055076232,341.343486011,8140.58033507,0.000486829956725,6.42799109711e-05,-0.000131596514875,0.000508382687005
502,-0.055513899851,0.196850393701,-0.212648025042,-107.535875728,8758.62006074,0.000484450880291,7.28349514881e-05,-0.000133045144861,0.000507640223135
503,-0.0556612117422,0.196850393701,-0.20784275772,-177.846264558,8695.81834822,0.000479393245218,7.64560547041e-05,-0.000132531831156,0.000503217744253
504,-0.0543328896179,0.196850393701,-0.2031338815,-311.904805162,8371.10051168,0.00047227976158,7.55536223001e-05,-0.000130366992276,0.000495733875901
505,-0.0554674664164,0.196850393701,-0.197905531758,287.352030072,7541.28887912,0.000465639134029,8.11165188496e-05,-0.000130986687396,0.000490466313874
506,-0.053843738942,0.196850393701,-0.19296900066,158.739649884,5551.81513408,0.000457086879949,7.93945096959e-05,-0.000128629640078,0.000481432745353
507,-0.0549498191969,0.196850393701,-0.185868725218,396.966764384,2900.11454299,0.00044678854688,8.53120766841e-05,-0.000129643970125,0.000472975385238
508,-0.0451460728001,0.196850393701,-0.220438919349,255.375896143,5425.82893324,0.000483988485929,4.19307697504e-05,-0.000123394140109,0.000501227650651
509,-0.0495326039467,0.196850393701,-0.208649266554,760.514674453,7705.80562423,0.00047454943027,6.01207570517e-05,-0.00012601383468,0.000494662666601
510,-0.0489325210705,0.196850393701,-0.198794287435,496.104599771,6225.77604534,0.000461680889558,6.45672495571e-05,-0.000123724790407,0.000482313173425
511,-0.0461894861677,0.196850393701,-0.189690183444,272.912628371,4200.73832341,0.000448771988581,6.36456666239e-05,-0.000119978132953,0.000468872926283
512,-0.0342289413323,0.196850393701,-0.200417860695,15.712599046,3994.68951207,0.000456451914785,3.26042908644e-05,-0.000109240068279,0.000470472935259
513,-0.0578107376403,0.196850393701,-0.18259796017,-133.421590038,1434.33159813,0.000442515579753,9.35448863791e-05,-0.000133575546079,0.000471606945032
514,-0.0171061559662,0.196850393701,-0.205666870282,292.634680522,2544.53031599,0.000457174325777,-4.06414986116e-06,-9.27001365652e-05,0.000466495655696
515,-0.0172851393749,0.196850393701,-0.19148819882,288.696149441,2155.05790548,0.000442285873387,5.43669479547e-06,-9.19577560453e-05,0.000451777135704
516,-0.0590551181102,0.194350393701,-0.236220472441,43.0111963662,889.050370105,0.000498658971164,6.24321924222e-05,-0.000136607090381,0.000520787908189
517,-0.0590551181102,0.191850393701,-0.236220472441,372.980322477,1303.36665212,0.000492283672136,6.23408972848e-05,-0.000134451985853,0.000514107904847
518,-0.0590551181102,0.189350393701,-0.236220472441,602.787568798,1487.13717089,0.00048553809343,6.21802180402e-05,-0.00013225079668,0.00050705413213
519,-0.054708367339,0.185488786558,-0.234771555517,892.767526492,1796.53213328,0.000473101816436,5.17402042497e-05,-0.000124927182072,0.000492045910735
520,-0.0544623248425,0.190600393701,-0.234689541352,485.241278109,2088.78701626,0.000487005946083,5.15797458634e-05,-0.000129266185519,0.000506502723015
521,-0.0569061560893,0.194558727034,-0.235504151767,223.10672801,1617.66424511,0.000498423903658,5.75489197202e-05,-0.000134993524166,0.000519578211115
522,-0.0458107627434,0.187861288323,-0.231805687319,474.182086109,3108.70607644,0.000475073859136,3.33668430709e-05,-0.000118070658934,0.00049066200011
523,-0.0495578024731,0.176641222042,-0.233054700562,1010.99220584,1791.59394831,0.000448173492367,4.06619048902e-05,-0.000112652932082,0.000463900369558
524,-0.0285615892411,0.180736540235,-0.226055962818,401.888656802,2603.70843705,0.000448103045281,2.75592748477e-06,-9.4656610446e-05,0.000457999790641
525,-0.0421157398124,0.162102064238,-0.230574013008,653.367664137,1288.95054946,0.000411361462528,2.6209836996e-05,-9.49175712496e-05,0.000422982923699
526,-0.0180256412338,0.157703530159,-0.222543980149,406.990331235,2068.01615784,0.000393103376403,-1.36906327416e-05,-6.96644274416e-05,0.000399463177797
527,0.0105190662736,0.157955471372,-0.213029077646,395.679305924,2123.31760683,0.000382587543233,-5.64029695972e-05,-4.38931550497e-05,0.000389205771124
528,-0.00459925461304,0.17521411515,-0.218068517942,197.441102889,2296.88276685,0.000424239335337,-3.50519958569e-05,-6.76450986503e-05,0.0004310261192
529,0.0331435822873,0.134410270815,-0.205487572308,287.00909037,2004.04153988,0.00033047309894,-8.63262257121e-05,-1.30071113126e-05,0.000341809700438
530,-0.0384391697057,0.137111555587,-0.229348489639,825.767593104,1116.33101197,0.000357495848613,2.05588960127e-05,-7.52312160315e-05,0.000365903929805
531,-0.00596522628769,0.134425151112,-0.218523841833,451.152176967,1792.24852824,0.000342038416078,-3.04977732888e-05,-4.57965616786e-05,0.000346435733305
532,0.0353971972137,0.0906692913386,-0.0101643705633,1662.60127493,4978.16184425,3.84677175632e-06,0,4.06067934438e-06,5.59345775734e-06
533,0.0319286984253,0.0906692913386,-0.0209775025162,2162.35425552,4697.73054444,8.48392565165e-06,0,7.06891779823e-06,1.10429431449e-05
534,0.0251149456607,0.0906692913386,-0.0284460605113,2606.81220578,4734.52436301,1.34185226106e-05,0,7.39131937668e-06,1.53195414807e-05
535,0.017973098122,0.0906692913386,-0.0339274054348,2787.5217084,4676.88554221,1.85950465224e-05,0,5.62815604413e-06,1.94281212583e-05
536,0.00947431816173,0.0906692913386,-0.0377695540003,2425.72914265,3857.35091006,2.30891698961e-05,0,2.37619220167e-06,2.32111192292e-05
537,2.94745649289e-05,0.0906692913386,-0.0388236310527,2095.90406982,3148.73841718,2.59967028638e-05,0,-2.73824713315e-06,2.61405156252e-05
538,-0.00941882320119,0.0906692913386,-0.0378632492825,1808.27815817,2690.75625112,2.7263639969e-05,0,-9.2464954301e-06,2.87889517367e-05
539,-0.0182448380471,0.0906692913386,-0.0345426002815,1481.6663878,2066.09414308,2.61804875796e-05,0,-1.60860470526e-05,3.07274932216e-05
540,-0.0262064239256,0.0906692913386,-0.0290874349597,1343.76932602,1734.51470315,2.30486139732e-05,0,-2.28034976604e-05,3.24228023408e-05
541,-0.0324364034046,0.0906692913386,-0.0208511209868,940.292965521,1137.03344541,1.70579218001e-05,0,-2.82967699748e-05,3.30405794008e-05
542,-0.0355506155748,0.0906692913386,-0.0101512250615,452.979827946,491.773657649,8.52072922109e-06,0,-3.11428938233e-05,3.22875000913e-05
543,0.0505011901856,0.0906692913386,-0.049221534707,324.358446358,1650.79080571,2.9832906299e-05,0,1.75160799816e-05,3.45950192393e-05
544,0.0450515082536,0.0906692913386,-0.019966654772,590.030209036,3937.23024001,9.79241808189e-06,0,8.43034861977e-06,1.29213865255e-05
545,0.0270142187865,0.0906692913386,-0.0383079770175,1548.20192568,3607.59061845,2.11942889337e-05,0,7.54288016647e-06,2.2496509165e-05
546,0.0191050918986,0.0906692913386,-0.0470735784592,1423.35003529,2930.82790713,2.89228049989e-05,0,4.50867419346e-06,2.92721162882e-05
547,0.00644518635708,0.0906692913386,-0.0491654090971,1199.81059168,2721.40882634,3.24434823936e-05,0,-1.04318712844e-06,3.24602493707e-05
548,-0.00606313083916,0.0906692913386,-0.0492784469759,935.109842267,2243.52300977,3.4816410831e-05,0,-8.51021027372e-06,3.5841402624e-05
549,-0.0182378770086,0.0906692913386,-0.0476389032444,721.450109847,1555.69031891,3.54938135283e-05,0,-1.74394573575e-05,3.9546750457e-05
550,-0.0300713594056,0.0906692913386,-0.0423499386728,690.211841308,1173.70163293,3.26914928525e-05,0,-2.70372350411e-05,4.24234107963e-05
551,-0.0397218705967,0.0906692913386,-0.0323410096134,704.509524013,953.864263564,2.56839755633e-05,0,-3.50187485568e-05,4.34278637653e-05
552,-0.0455251255301,0.0906692913386,-0.0201253210828,449.225574138,516.2403109,1.63919609053e-05,0,-3.97588850291e-05,4.30054103698e-05
553,0.0345985108643,0.0906692913386,-0.048337936381,1031.24393669,2380.64728695,2.87666753298e-05,0,9.97802835356e-06,3.04480321097e-05
554,0.0379966567272,0.0906692913386,-0.0333772840078,861.065630384,3202.66362612,1.73938237088e-05,0,9.85081415266e-06,1.9989588357e-05
555,-0.0474879142199,0.0906692913386,-0.0494660618906,368.180854729,589.758724526,3.89731131056e-05,0,-4.20582080423e-05,5.73393094559e-05
556,-0.047508616798,0.0906692913386,-0.00950978656652,180.183606363,210.687216695,7.80101648763e-06,0,-4.14722851812e-05,4.21996006662e-05
557,-0.0555027089683,0.0906692913386,-0.0574712129053,89.8412995956,377.450624378,4.55596477172e-05,0,-4.88493045849e-05,6.67977249504e-05
558,0.0474733477604,0.0906692913386,-0.00937862603335,471.024674905,5134.90192314,6.37863029251e-06,0,4.62802957593e-06,7.88070949625e-06
559,0.0275388080042,0.0842652148184,-0.0106532059721,2205.28236785,5371.25670006,1.81740443166e-06,2.02179965791e-07,4.6980366134e-06,5.04136723792e-06
560,0.0243984698736,0.0841539656514,-0.0166310375985,2598.19215973,5177.43575306,4.52248365462e-06,2.18814296386e-07,6.63468412543e-06,8.03242003053e-06
561,0.0197476408292,0.0837390736553,-0.0219523899714,2777.15536308,5199.04945122,8.30001622338e-06,1.91066459245e-07,7.4664188942e-06,1.11657595713e-05
562,0.0137578394867,0.0835911868245,-0.0261265879218,3110.2569452,5170.30532231,1.25743502152e-05,1.52484605736e-07,6.62144985899e-06,1.42120066537e-05
563,0.00694787688751,0.083568720375,-0.0286984973567,3211.99451841,4931.04883939,1.66782537984e-05,3.76245430466e-08,4.03778820367e-06,1.71601077779e-05
564,-0.000221969010152,0.0836468327057,-0.0295267247343,2580.62737228,3849.76168811,1.96217648381e-05,-9.4444090078e-08,-1.475078512e-07,1.96225465629e-05
565,-0.00726922825224,0.0838082296168,-0.0286187886605,2268.3338087,3342.02001615,2.08063119347e-05,-1.41280977055e-07,-5.2848438952e-06,2.1467467285e-05
566,-0.0139124764001,0.0838452615208,-0.0260445722598,2025.81821238,2699.22171254,2.04057892062e-05,-1.39611588242e-07,-1.09003541285e-05,2.31351128082e-05
567,-0.0199487080489,0.0838670412752,-0.0217698367232,1517.98814556,1934.74219757,1.79434322973e-05,-1.01859396723e-07,-1.64423967366e-05,2.43378213566e-05
568,-0.0250454852665,0.084168346772,-0.0156397062486,979.904890486,1240.00364145,1.33491948605e-05,-1.13776687127e-07,-2.13774515308e-05,2.520336054e-05
569,-0.0284516949263,0.085577966762,-0.00789796173695,547.192001126,624.289329427,6.89466977164e-06,-9.23350719647e-08,-2.48374257776e-05,2.5776786384e-05
570,0.0274394175241,0.00609101498526,-0.0109066543777,1664.0402078,5309.34526297,2.26482618718e-06,1.52882524138e-07,5.69794450392e-06,6.1334641349e-06
571,0.0242136626441,0.00608871657211,-0.0168989729018,1619.55588643,4684.79745818,5.298901305e-06,1.27858773964e-07,7.59252111292e-06,9.25964792832e-06
572,0.0196123461879,0.00658017081108,-0.0220733463884,1282.62359679,3747.80261863,8.86274996324e-06,2.34503640661e-07,7.8746247804e-06,1.18580371184e-05
573,0.0136636569913,0.00680221608868,-0.0261759664846,1519.42556771,3329.39397864,1.26205796802e-05,2.00750105483e-07,6.5878473631e-06,1.42379445479e-05
574,0.00690333177664,0.00688266520671,-0.0287092450991,1955.08825528,3344.51156592,1.5860910497e-05,1.61198099152e-07,3.81386299301e-06,1.6313798379e-05
575,-0.000209053095662,0.00680082865025,-0.0295268190054,2375.37874643,3476.22967753,1.82384055587e-05,7.32946799143e-08,-1.29129898527e-07,1.82390099502e-05
576,-0.00726284883947,0.00665782103769,-0.028620408287,2831.84532516,3800.42965493,1.96567199803e-05,6.71900442593e-08,-4.98818131682e-06,2.02798695197e-05
577,-0.013794634365,0.00643978606259,-0.026107179214,2697.8902157,3836.62012931,1.95414322816e-05,2.82795010527e-08,-1.03253940644e-05,2.21016320197e-05
578,-0.0195024372887,0.00649590623234,-0.022170513832,2909.0378584,3390.86803299,1.79172520945e-05,1.17794350068e-09,-1.57610278231e-05,2.38628984419e-05
579,-0.0242111799,0.0065291327197,-0.0169025297404,1762.91743976,2143.2339101,1.44608329851e-05,-2.95385922661e-08,-2.07136939959e-05,2.52620997169e-05
580,-0.0274928062817,0.00657246447359,-0.0107713669762,937.039794373,1126.10524928,9.49088189579e-06,4.81023568719e-09,-2.42244998216e-05,2.60173644689e-05
581,0.0263735572977,0.0777888533376,-0.0132782611528,2472.31160338,5249.33762616,2.82624813562e-06,4.67456233789e-07,5.61355223759e-06,6.30223472895e-06
582,0.0229529701556,0.076184549895,-0.0185751959563,2828.98710845,5473.39386146,5.83570306075e-06,4.53087878839e-07,7.21105276652e-06,9.28762622206e-06
583,0.0172427642595,0.07571814389,-0.0239700610026,2906.12955182,5069.58377582,1.01732110871e-05,3.49875290668e-07,7.31805732628e-06,1.25367699019e-05
584,0.0104742729458,0.0757532808139,-0.0276073604322,3056.96910069,4997.0818336,1.46481842314e-05,1.76013072746e-07,5.55754253206e-06,1.56680107503e-05
585,0.00314295967575,0.0760151350716,-0.0293598117885,2971.73963224,4595.52735506,1.83663554681e-05,4.61823297718e-09,1.96611323814e-06,1.84712922064e-05
586,-0.00404981788023,0.0764670726834,-0.029248516525,2604.25202571,3668.91611636,2.05177237834e-05,-1.37310400504e-07,-2.84093193473e-06,2.07139261767e-05
587,-0.0107240383867,0.0769426216869,-0.0275113021222,2259.34891739,3176.17070832,2.09157278492e-05,-1.97580181408e-07,-8.15305169287e-06,2.24494757466e-05
588,-0.0171550896474,0.0765486660742,-0.0240328866965,1781.35983028,2350.80588285,1.94391523243e-05,-2.07628371524e-07,-1.38760027039e-05,2.38844552726e-05
589,-0.0230560755657,0.0765466164118,-0.0184470627279,1232.13231597,1510.72340771,1.56195109684e-05,-2.01852198263e-07,-1.95220578201e-05,2.50024120583e-05
590,-0.0278859288956,0.0770175851948,-0.00970833216398,590.387576022,664.151894492,8.48895541994e-06,-1.7478150831e-07,-2.43834268462e-05,2.58194581171e-05
591,0.0261112565721,0.0115853880077,-0.0137869149559,1428.01700946,5044.29002916,3.6227155129e-06,3.12298502736e-07,6.86111805053e-06,7.76508460647e-06
592,0.0226117532157,0.0133323379411,-0.0189890852937,1497.23235185,4417.12859246,6.69938868307e-06,3.95631353149e-07,7.97747344089e-06,1.04248940232e-05
593,0.0169742861306,0.0141049436953,-0.0241609261853,1616.19007992,3582.90025852,1.06036614933e-05,3.73758164664e-07,7.44961442438e-06,1.29643390616e-05
594,0.0102514921057,0.0143372106645,-0.027690858661,1908.02450009,3406.83085732,1.44511667506e-05,2.82993285624e-07,5.34999740078e-06,1.54122930754e-05
595,0.00304945737775,0.0142325480325,-0.0293696706396,1997.12846517,3384.84501997,1.73878821544e-05,2.2210507174e-07,1.80538645359e-06,1.74827685658e-05
596,-0.00401731774936,0.0137928405974,-0.029252998169,2508.01217562,3633.35415173,1.91064448902e-05,1.3485219902e-07,-2.62389036983e-06,1.9286244376e-05
597,-0.0110284925112,0.013740388501,-0.0273906753606,2615.13008885,3792.16239593,1.98079039963e-05,1.03035260911e-07,-7.97539009203e-06,2.13534663254e-05
598,-0.0165565097458,0.0123140073044,-0.0244491048673,2716.10162214,3524.12095874,1.91233838094e-05,1.24786466371e-08,-1.295002382e-05,2.30956073957e-05
599,-0.0219902463009,0.0141216749402,-0.0197054766855,2065.27779024,2756.80375137,1.64726246755e-05,4.10141006002e-08,-1.83825432036e-05,2.46833332533e-05
600,-0.0261085154891,0.0130754286443,-0.013792105087,1424.92040819,1631.98987328,1.20308073688e-05,5.55986686642e-09,-2.2774370414e-05,2.57567914269e-05
601,0.0286833044301,0.0766446604018,-0.00701033456742,2022.70241498,5291.95392825,7.79685660591e-07,5.39665287704e-07,3.19014162537e-06,3.32808532674e-06
602,0.0285249827408,0.0129630048508,-0.00762903030617,1954.36756772,5999.10684875,1.09467239132e-06,5.87324861558e-07,4.09298550563e-06,4.27735765241e-06
603,-0.0286108638626,0.014107274184,-0.0073003570333,782.946493829,771.295946215,6.50073887465e-06,-1.06761349143e-08,-2.54770757496e-05,2.62933662479e-05
604,0.0268289257894,0.0669482606005,-0.0123322943835,1688.13385744,4790.72450315,2.46658909194e-06,8.33206089485e-07,5.36606316996e-06,5.96430449256e-06
605,0.0207594276817,0.0681690677877,-0.0209981643509,2562.23895423,5212.14319852,7.68352801977e-06,6.67718765389e-07,7.59617079787e-06,1.08251679881e-05
606,0.0140381298568,0.0663785181176,-0.0259770601474,2667.30892344,4765.25648327,1.25693239847e-05,4.0658080726e-07,6.79252070002e-06,1.42930595341e-05
607,0.00660346202153,0.0680403892112,-0.0287796982803,3085.83662057,4588.6347456,1.67478416197e-05,1.92813216529e-07,3.84276912847e-06,1.71841278635e-05
608,-0.0012755184615,0.0674906627927,-0.0294999965497,2760.7807446,4160.33630026,1.9755722959e-05,-8.87924234028e-08,-8.54196349212e-07,1.97743805246e-05
609,-0.00767349591354,0.0706601606135,-0.0285130532255,2596.7205958,3681.71692312,2.0881634498e-05,-1.9588872195e-07,-5.61971163597e-06,2.16254986202e-05
610,-0.0135896917859,0.0700841334345,-0.0262144429836,2228.18149018,2756.95671197,2.05608781836e-05,-2.27610892677e-07,-1.0658854726e-05,2.31605851063e-05
611,-0.0199723097152,0.0680063221159,-0.0217481858649,1634.50263022,2097.52905041,1.80605209186e-05,-2.65145035576e-07,-1.65857657548e-05,2.45222418105e-05
612,-0.0261575460233,0.0690837019962,-0.0136988879044,1036.44522919,1215.78873751,1.18711354826e-05,-2.39505953036e-07,-2.26675160279e-05,2.55890113842e-05
613,0.0262802750326,0.0196082874732,-0.0134619422071,1346.4809539,4999.24828058,3.31317285306e-06,5.94490734511e-07,6.46794408827e-06,7.29142196808e-06
614,0.0203150487223,0.0225338030121,-0.0214283816278,1255.4991045,3996.52928349,8.25754051823e-06,6.44631609042e-07,7.82851174046e-06,1.13968469935e-05
615,0.0136753491643,0.0214346879892,-0.0261698599349,1865.15798089,3615.02390963,1.26608327186e-05,5.05624209599e-07,6.61605626144e-06,1.42942135644e-05
616,0.0061399476069,0.0229161611977,-0.0288821361253,2236.62153251,3876.79946261,1.63823466169e-05,4.49471977034e-07,3.48266310599e-06,1.67544694946e-05
617,-0.00116969544388,0.0209347283506,-0.0295043819855,2246.27914689,3603.93305133,1.86924145966e-05,2.69905148989e-07,-7.4105711482e-07,1.87090453494e-05
618,-0.0073004307491,0.0207330014921,-0.0286108450531,2593.5172738,3618.68689064,1.98753824756e-05,1.61233867241e-07,-5.07146339458e-06,2.05128390496e-05
619,-0.0162014665958,0.0225048745117,-0.0246858101735,2285.16525992,3000.89486677,1.93499628539e-05,1.22287372723e-07,-1.26995133886e-05,2.31454889116e-05
620,-0.0263806721493,0.0241713140009,-0.0132641200511,1169.60231603,1429.36123685,1.1681149186e-05,2.30165505023e-08,-2.3232340084e-05,2.60036805442e-05
621,0.0213446263966,0.0531430971319,-0.0204030308475,1655.52705888,4090.99146375,7.20181857165e-06,9.42752493791e-07,7.53418028491e-06,1.04651252056e-05
622,0.00604808809769,0.0545643492605,-0.0289015116238,2108.2856233,3583.15687573,1.68155338046e-05,3.60193294418e-07,3.51890611791e-06,1.71835565762e-05
623,-0.0116403145452,0.057781896891,-0.0271363192247,2148.63038331,2921.2329699,2.08271299527e-05,-1.61333067804e-07,-8.93394353405e-06,2.26629812137e-05
624,-0.0252418574006,0.0572889420229,-0.0153207499407,1057.04679574,1249.02579415,1.3358505468e-05,-2.66038546456e-07,-2.20089414634e-05,2.57471153566e-05
625,0.0255276986909,0.033578516115,-0.0148395870334,684.156353379,4421.88813102,3.40764981704e-06,1.03386898945e-06,5.86198637593e-06,6.85885169941e-06
626,0.0137055233777,0.0345703905601,-0.0261540699074,1501.2709093,3578.35622328,1.26040223264e-05,6.64659851369e-07,6.60488705462e-06,1.42452688472e-05
627,-0.00424780952626,0.0341974293641,-0.0292204185118,2208.74476171,3346.07961758,1.98050158444e-05,2.89233397296e-07,-2.87908001652e-06,2.00152794209e-05
628,-0.0211879707348,0.0397698106922,-0.0205656665323,1769.28169156,2178.9452344,1.72796198016e-05,-9.83670854844e-08,-1.78024895088e-05,2.4809747465e-05
629,0.0290693953921,0.005950561626,-0.00518140862283,1930.28081632,6010.63550248,5.14087051794e-07,3.24633314292e-07,2.88419169993e-06,2.9475810502e-06
630,-0.0290891863508,0.00620828216362,-0.0050691203599,675.640991377,784.230997285,4.51690539172e-06,2.90256626198e-08,-2.59202369689e-05,2.63108715426e-05
631,0.0291000862227,0.0845037800542,-0.00500616875537,2295.51557171,5351.18414037,4.02706926705e-07,2.11960394031e-07,2.34086671199e-06,2.38469223188e-06
632,0.0409165284617,0.0184036083949,0,1500.77608811,5764.47725546,3.27905713783e-06,6.69419294563e-07,0,3.34669058998e-06
633,0.0437439025499,0.0358495754894,0,698.042206365,5707.85245208,3.96145334504e-06,1.15139607672e-06,0,4.12538792484e-06
634,0.0438666709498,0.0566995985063,0,702.420383982,5322.81251715,4.53346543947e-06,1.17654030702e-06,0,4.68364772211e-06
635,0.0470337730744,0.00974457301559,0,374.273711753,6294.28972761,4.63462578966e-06,4.48333725864e-07,0,4.65626023113e-06
636,0.0371409756207,0.00767166804613,0,1672.67925117,6017.19915146,2.3519193933e-06,3.34942687525e-07,0,2.37564968725e-06
637,0.0422907688183,0.0768717159679,0,1080.3042212,5336.33351605,4.05102168154e-06,4.86916671566e-07,0,4.08017947024e-06
638,0.0342643420622,0.0853198971913,0,1946.68334723,5113.05536426,1.37871372861e-06,2.10126863969e-07,0,1.3946343049e-06
639,0.0590551181102,0.0787224066021,-0.0586151735496,101.340586796,1871.91367288,3.8244490404e-05,9.70849719947e-07,2.60018790794e-05,4.6256689366e-05
640,0.0590551181102,0.0683145257013,-0.0647229128162,154.29103427,2489.8008464,4.54796916292e-05,-2.49944329047e-07,3.07316596671e-05,5.48898873086e-05
641,0.0590551181102,0.066861491707,-0.0710460334161,362.107824962,2561.42888104,5.23690930621e-05,-2.11086883114e-06,3.27900146139e-05,6.18236421909e-05
642,0.0590551181102,0.0639376662126,-0.0784740951476,556.045981926,2458.74069429,6.13135247301e-05,-5.48472736307e-06,3.57404555423e-05,7.11815335002e-05
643,0.0590551181102,0.05583344428,-0.0651833097543,59.6859321379,2662.19950193,4.66455357258e-05,-1.12616796489e-06,3.42398154073e-05,5.78743398801e-05
644,0.0590551181102,0.0576633811624,-0.0908287821581,357.394171959,2324.05820421,7.54549344365e-05,-1.25854644283e-05,3.9793966757e-05,8.62287703493e-05
645,0.0590551181102,0.0505166206352,-0.140159689561,876.478245243,3857.15052228,0.000134000598655,-5.13117728766e-05,4.85274713706e-05,0.000151472683852
646,0.0590551181102,0.0615950023384,-0.15305600666,777.434078128,4163.20196514,0.000159016099165,-6.67465741994e-05,4.48204111371e-05,0.000178185561187
647,0.0590551181102,0.0706595518864,-0.167435200211,511.615794517,4666.44161666,0.000187608596332,-8.45636631243e-05,4.05705254607e-05,0.000209747386336
648,0.0590551181102,0.0676075761297,-0.0442521347861,-73.3783371092,3236.15838425,2.77084710558e-05,1.4962304732e-06,2.47177089156e-05,3.71613133233e-05
649,0.0590551181102,0.0599938050194,-0.104663584641,724.917309639,2674.60848815,9.244656029e-05,-2.17671409117e-05,4.14585698592e-05,0.000103629088328
650,0.0590551181102,0.0449914083325,-0.103156947858,510.47624032,3119.3323234,8.66218239608e-05,-1.97997453212e-05,4.42652996496e-05,9.92712801074e-05
651,0.0590551181102,0.0551198726378,-0.118415586594,868.903740697,2996.19515342,0.000108826400875,-3.15263979117e-05,4.44491985667e-05,0.000121707972401
652,0.0590551181102,0.0705854967618,-0.0176519386841,229.519444908,4951.28287788,1.11223299319e-05,1.03522305344e-06,1.13229146589e-05,1.59055432557e-05
653,0.0590551181102,0.0509888156592,-0.07682314851,110.171761521,2716.48339638,5.89334399303e-05,-5.47658220782e-06,3.81138519493e-05,7.03975070945e-05
654,0.0590551181102,0.0379828286286,-0.0659529800981,-95.6771741665,3118.52069003,4.70694145126e-05,-1.41169173698e-06,3.66585805955e-05,5.96772501662e-05
655,0.0590551181102,0.0332489042913,-0.121123861783,756.182399198,3705.99528182,0.000101367875795,-3.43438417537e-05,5.03629943044e-05,0.000118285150822
656,0.0590551181102,0.0449320148555,-0.0486764124837,19.8817822546,4133.80711029,3.22177067764e-05,5.77554822504e-07,2.91898483988e-05,4.34782870988e-05
657,0.0590551181102,0.0395267580122,-0.0836765753919,281.58945942,2987.71051949,6.47357322986e-05,-8.51625277858e-06,4.17734489165e-05,7.75129836351e-05
658,0.0590551181102,0.0221793201765,-0.0420899506877,-110.003186276,4629.13559024,2.68325910241e-05,5.1553608589e-07,2.91120991316e-05,3.95950506298e-05
659,0.0590551181102,0.04113413816,-0.0240501661273,189.234382431,4972.89105624,1.46571035109e-05,1.31397385326e-06,1.65807389778e-05,2.21693057101e-05
660,0.0590551181102,0.0200307088462,-0.0690786500404,-555.435136345,2826.97357293,4.91612638881e-05,-1.28341632934e-06,4.11731419766e-05,6.41381683927e-05
661,0.0590551181102,0.024049453832,-0.0964522883517,-255.088751329,3351.89624154,7.52396646747e-05,-1.38141562224e-05,4.59763099048e-05,8.92505413147e-05
662,0.0590551181102,0.0171922093947,-0.0177575410904,117.085411642,6453.43869484,1.19160491565e-05,6.35695626374e-07,1.39190046917e-05,1.83339856015e-05
663,0.0590551181102,0.144031986597,-0.183542535076,286.822710654,1427.43469138,0.000329503220052,-0.000119299692314,5.41582965878e-06,0.000350476989005
664,0.0590551181102,0.0864545461419,-0.0588053617744,407.717410641,1258.64510864,3.73533732283e-05,3.91623639407e-07,2.41969984049e-05,4.45075565765e-05
665,0.0401790464063,0.0714833877531,-0.195903412762,302.415041971,2351.62767402,0.000216789425857,-8.07615309119e-05,1.98345979605e-05,0.000232192789111
666,0.0363952825465,0.0458742956643,-0.182824469393,311.174373609,2621.49499681,0.000172919573725,-6.28445940415e-05,2.73165786377e-05,0.000186002197423
667,0.0292580502446,0.0204283175169,-0.158362825886,344.132169844,2296.80536669,0.00012844352327,-3.80830129667e-05,2.67703378045e-05,0.000136618833009
668,0.0336300329733,0.00388402392672,-0.120202283865,-30.626031279,2795.56874629,8.70834197178e-05,-2.16343286508e-05,3.29621057719e-05,9.55932350265e-05
669,-0.00901438418063,0.076597595787,-0.214154268839,249.156173848,786.109020665,0.000238917962035,-1.77882055595e-05,-2.42217570986e-05,0.000240800553066
670,0.0230065696717,0.0870996920909,-0.206388964415,370.400762924,1727.64285726,0.000248070414567,-6.3698736219e-05,-1.64511341859e-06,0.000256123341336
671,-0.0327594103211,0.0143476769845,-0.169007317465,1429.58380742,1879.21088922,0.000134143845561,1.49828551443e-05,-4.39253275793e-05,0.000141945382641
672,-0.0345982205772,0.030330080888,-0.192266435203,1189.07862666,1534.52677871,0.000165677220054,2.04481705229e-05,-4.43387666573e-05,0.000172722306467
673,-0.0349054630336,0.0529230382962,-0.211484946286,504.62643211,964.378124574,0.000206214845451,2.1264139821e-05,-4.39756834254e-05,0.000211921180771
674,-0.0411058911994,0.0806746259375,-0.226120104335,514.73245102,712.805344891,0.000257416722504,2.70073301019e-05,-5.33239654287e-05,0.000264265416188
675,0.000529944539017,0.00454198074209,-0.133667204966,451.305589107,1108.50659516,9.80716300156e-05,-8.64470762144e-06,-4.93830853987e-06,9.85756687779e-05
676,-0.0306459238759,0.00412506768488,-0.142542043983,1959.09988167,2115.88613172,0.000106963425322,8.54196466375e-06,-4.10577918501e-05,0.00011489073848
677,0.0156522824168,0.0588199101326,-0.198134335278,331.849370898,1376.51004208,0.000201331324557,-4.62354463407e-05,1.55024101656e-06,0.000206577883602
678,0.00994137193441,0.0333613730605,-0.180639634876,475.12666033,1836.43653595,0.000158173122474,-3.05774913166e-05,2.6242582594e-06,0.00016112295423
679,-0.0059531527905,0.0153417406426,-0.16187573245,987.655525617,2144.52982722,0.000128212707084,-8.24270216307e-06,-1.30293315707e-05,0.000129136377052
680,-0.0144515825842,0.0265546877985,-0.181160290702,696.509087994,1314.3132308,0.000152835335949,-2.3971575551e-06,-2.33627578498e-05,0.000154629249282
681,-0.0106768192483,0.0451497629207,-0.197964192131,416.52694237,962.197242098,0.000184878365823,-9.80865013107e-06,-2.05002642174e-05,0.000186269913297
682,0.0435512012074,0.0924458831807,-0.200581419593,341.500169798,2339.83238904,0.000252638981631,-9.26468859745e-05,1.32051422897e-05,0.00026941469207
683,-0.0590551181102,0.193162034547,-0.1834367078,587.450921124,1408.3992104,0.000435525400569,9.58096628919e-05,-0.000133466364321,0.000465483766043
684,-0.0590551181102,0.190650153615,-0.183438467126,877.773225835,1738.62853108,0.000429759721085,9.56462471294e-05,-0.000131805539263,0.000459580594278
685,-0.0590551181102,0.194767164741,-0.232547487794,307.662508757,2381.85600004,0.000496798355579,6.57793086599e-05,-0.000136823304741,0.000519476794741
686,-0.0590551181102,0.194481576668,-0.230132706099,379.798341485,3330.27610409,0.000494383141032,6.79633646964e-05,-0.000136343321804,0.000517323119992
687,-0.0590551181102,0.194474114719,-0.227558384943,-263.428330145,4374.93240556,0.00049254689583,7.02056670425e-05,-0.000136143854044,0.000515816274725
688,-0.0590551181102,0.194475468407,-0.225037853174,-105.864382622,5690.24492733,0.000490861422326,7.24600762506e-05,-0.000135908527264,0.000514457506857
689,-0.0590551181102,0.194480432504,-0.222537878274,-330.599641588,6670.66565996,0.000489101480253,7.45704874212e-05,-0.000135567840187,0.000512990891608
690,-0.0590551181102,0.194482482174,-0.220045984402,-416.465221614,6920.71001192,0.000487387639151,7.66687367523e-05,-0.000135311508123,0.000511599462688
691,-0.0590551181102,0.194483127377,-0.217556536324,-468.131358782,7698.66439552,0.000485539564012,7.86471862437e-05,-0.000135223590097,0.000510117111498
692,-0.0590551181102,0.194483307787,-0.215067751024,-496.168842503,8107.71679417,0.000483394951751,8.04313307895e-05,-0.000135079718776,0.000508317232421
693,-0.0590551181102,0.19448335482,-0.212579134089,-400.111281621,8182.20788514,0.000481007528466,8.21653686268e-05,-0.000134976184053,0.000506298292022
694,-0.0590551181102,0.194483366502,-0.210090558052,-269.312764258,8484.28989255,0.000478453311396,8.38376938626e-05,-0.000134876921504,0.000504121130337
695,-0.0590551181102,0.194483369299,-0.207601991614,-231.056399057,8573.18167092,0.000475599024625,8.53455435051e-05,-0.000134875401912,0.000501666889541
696,-0.0590551181102,0.194483369949,-0.20511342737,-350.012913624,8444.39269218,0.000472624943528,8.66984035841e-05,-0.000134828053656,0.000499068687138
697,-0.0590551181102,0.194483370096,-0.202624863614,-535.505853054,7910.89841825,0.000469281073905,8.79676206985e-05,-0.000134826746213,0.000496126274361
698,-0.0590551181102,0.194483370129,-0.200136299965,-203.105378279,7633.3215182,0.000465727523119,8.90976239221e-05,-0.000134744188389,0.000492946760496
699,-0.0590551181102,0.194483370136,-0.197647736339,200.355822134,7161.74993971,0.000461740444435,9.00619081041e-05,-0.000134809906597,0.000489376231784
700,-0.0590551181102,0.194483370138,-0.195159172719,-28.3078538271,6502.1946985,0.000457668113366,9.10698171651e-05,-0.000134626598476,0.000485672867894
701,-0.0590551181102,0.194477490235,-0.192663919046,346.764865434,5804.2594138,0.000453552943636,9.20769797529e-05,-0.000134560863626,0.000481969987553
702,-0.0590551181102,0.194482397104,-0.190140951419,483.330892774,4571.68413708,0.000449418767561,9.30259746785e-05,-0.000134313732841,0.000478195817035
703,-0.0590551181102,0.19450375185,-0.187557900111,614.530516516,3441.63970769,0.000445241536697,9.40801641858e-05,-0.000134356655417,0.000474492164475
704,-0.0590551181102,0.194837651801,-0.185125741504,284.92853137,2244.61180473,0.000441898718498,9.51046117852e-05,-0.000134399641733,0.000471574626428
705,-0.0590551181102,0.190640266554,-0.234242251825,421.797853755,1731.9437127,0.000487323008886,6.40774356481e-05,-0.00013334123187,0.000509283336528
706,-0.0590551181102,0.193123898089,-0.234240703201,210.865073424,1612.61315156,0.000493922971465,6.41684716735e-05,-0.000135534524558,0.000516185142992
707,-0.0590551181102,0.189026601079,-0.232542056671,606.38103206,2546.00997093,0.000481491847151,6.54560152365e-05,-0.000131851876062,0.000503491614652
708,-0.0590551181102,0.189367502379,-0.230077176273,537.470691294,3177.89945693,0.000480693582805,6.76383361932e-05,-0.000131939322747,0.000503040008309
709,-0.0590551181102,0.189445267253,-0.227552898891,216.361155308,4106.58111527,0.000479026027016,6.97322495206e-05,-0.000131938077888,0.000501733173688
710,-0.0590551181102,0.189469963043,-0.225036620285,245.65693508,4840.92516382,0.000477376172808,7.19883449245e-05,-0.00013176982399,0.000500433430821
711,-0.0590551181102,0.189478689751,-0.222537598541,-470.955519118,5498.88449787,0.000475386282299,7.3855328411e-05,-0.000131765114754,0.000498807349985
712,-0.0590551181102,0.189481322752,-0.220045921498,-138.111771307,6629.91175968,0.000473389817569,7.58435912538e-05,-0.0001315812781,0.000497155712487
713,-0.0590551181102,0.189482053397,-0.217556522412,403.994290062,7520.67694539,0.000471210860529,7.75126921246e-05,-0.000131541647212,0.000495329281864
714,-0.0590551181102,0.189482245214,-0.215067748005,1126.5107937,8074.48193997,0.000468933908008,7.93778037971e-05,-0.000131504299537,0.000493450328414
715,-0.0590551181102,0.189482293511,-0.212579133446,556.736707917,8600.24887418,0.000466382618485,8.08672348694e-05,-0.000131521052387,0.00049127389888
716,-0.0590551181102,0.189482305266,-0.210090557917,251.888858033,9152.57506774,0.000463730490784,8.25355574946e-05,-0.000131429849992,0.000489011136686
717,-0.0590551181102,0.189482308046,-0.207601991587,794.036914647,8032.21220133,0.000461263246745,8.39914565052e-05,-0.000131389251809,0.000486910138583
718,-0.0590551181102,0.189482308688,-0.205113427364,148.27632672,7632.28124148,0.000458418157035,8.55347172718e-05,-0.000131537249932,0.000484525997938
719,-0.0590551181102,0.189482308833,-0.202624863613,848.064790132,7486.4904648,0.000455226715656,8.70075523485e-05,-0.000131669565053,0.000481807587294
720,-0.0590551181102,0.189482308865,-0.200136299965,-16.7976552614,7331.9284297,0.000451851028919,8.81482475956e-05,-0.000131653867801,0.000478823774259
721,-0.0590551181102,0.189482308872,-0.197647736339,318.773838303,6965.32402274,0.000448290541001,8.92252659524e-05,-0.000131633814081,0.000475660612459
722,-0.0590551181102,0.189482308873,-0.195159172719,450.924277983,5790.84461352,0.000444373486524,9.00960028252e-05,-0.000131388768424,0.000472067891005
723,-0.0590551181102,0.189472563315,-0.192661889028,1315.56932525,5578.53890393,0.000440639142775,9.13329066742e-05,-0.000131409950759,0.000468799668457
724,-0.0590551181102,0.189460825727,-0.190141163566,1681.02366127,5273.75748589,0.000436785730713,9.23615071355e-05,-0.000131222709301,0.000465329799166
725,-0.0590551181102,0.189516343654,-0.1876204012,1215.00083505,4102.21145735,0.000433177795591,9.3436205044e-05,-0.000131119047893,0.000462131509125
726,-0.0590551181102,0.189018748556,-0.18520491824,800.474419947,2416.63832134,0.000428353907446,9.45394685072e-05,-0.000130790203804,0.000457745407995
727,-0.0590551181102,0.191985286511,-0.18589566377,397.43751636,2630.25926841,0.000436545306794,9.45382459251e-05,-0.000132746152583,0.000465972988329
728,-0.0590551181102,0.191940299388,-0.231800066023,266.428701852,2830.66277321,0.000488777302579,6.62604399379e-05,-0.00013438724555,0.000511227570837
729,-0.0590551181102,0.191960108629,-0.228904028792,-444.16815239,3907.44790632,0.000486789794592,6.88163810244e-05,-0.000134113160556,0.00050959428789
730,-0.0590551181102,0.191983035921,-0.226312676984,-660.721905745,4596.33332305,0.00048519224519,7.10660420602e-05,-0.000133924828457,0.000508328394646
731,-0.0590551181102,0.191994407294,-0.22379228469,-534.776044483,5326.19225625,0.000483339442397,7.31578063662e-05,-0.000133751631408,0.000506812174394
732,-0.0590551181102,0.191999597049,-0.221293440633,-597.973952561,6457.84764817,0.000481491526944,7.52692069591e-05,-0.000133541626186,0.000505304769381
733,-0.0590551181102,0.192001528045,-0.218801744652,-671.355387063,6862.68786046,0.000479584020537,7.72133137425e-05,-0.000133354701888,0.000503732275211
734,-0.0590551181102,0.192002154442,-0.216312287285,-919.557779454,7586.5388335,0.000477524081972,7.90380611512e-05,-0.000133325199876,0.000502047679902
735,-0.0590551181102,0.192002339786,-0.213823482439,-423.304898007,7858.69581963,0.00047523154995,8.07240949239e-05,-0.000133311182322,0.000500133259144
736,-0.0590551181102,0.192002391143,-0.211334856586,-749.633749113,7933.4951131,0.000472717551293,8.24758630757e-05,-0.000133239698754,0.000498013020528
737,-0.0590551181102,0.192002404685,-0.208846277493,-130.576392159,8075.04753531,0.000470083591157,8.39326386016e-05,-0.000133215540435,0.000495751601823
738,-0.0590551181102,0.192002408118,-0.206357710142,-1031.42659906,7667.39231579,0.000467315435671,8.53375966102e-05,-0.000133221849332,0.000493370330433
739,-0.0590551181102,0.19200240896,-0.203869145646,-174.519121228,7765.41942612,0.000464217243701,8.67401070655e-05,-0.000133272730348,0.000490696562223
740,-0.0590551181102,0.192002409162,-0.201380581825,-911.542367857,7284.39203685,0.000460817217665,8.80822617699e-05,-0.000133344735523,0.000487741541625
741,-0.0590551181102,0.192002409209,-0.19889201816,-232.608565342,7071.60668521,0.000457137856645,8.91389338381e-05,-0.000133315270547,0.000484451990258
742,-0.0590551181102,0.192002409219,-0.196403454531,128.012835048,6732.43979128,0.000453173658824,9.00705472309e-05,-0.000133255266241,0.000480870080699
743,-0.0590551181102,0.191996168915,-0.193908354667,-61.5312325479,5479.41301446,0.000449286948189,9.10997441735e-05,-0.000133046976666,0.000477346229902
744,-0.0590551181102,0.191984305596,-0.19138572633,351.030559202,5115.54082735,0.000445281826908,9.21808316574e-05,-0.000132911592646,0.000473749620115
745,-0.0590551181102,0.192016388279,-0.188798080254,387.626827922,3960.46033094,0.000441285789792,9.32418753339e-05,-0.000132753188567,0.000470160190428
746,-0.0590551181102,0.18854511951,-0.234572213365,505.944325273,1595.50233505,0.000481814575356,6.36013883784e-05,-0.00013152475159,0.000503477091743
747,-0.0590551181102,0.188534064672,-0.183149367322,863.212827647,1512.54947642,0.000424341600778,9.56088688057e-05,-0.00013053918959,0.000454144613492
748,-0.0590551181102,0.19516672273,-0.234543177929,231.398446065,1362.02653227,0.000499424707482,6.39512615806e-05,-0.000137293762538,0.000521885408431
749,-0.0590551181102,0.19516672273,-0.183149367322,100.259709491,1498.95661087,0.000439670044369,9.6076126982e-05,-0.000134531134929,0.000469722254483
750,-0.0441680013505,0.0338210051906,0,319.516612979,345.138294574,-3.20838770654e-07,-1.49867212831e-07,-3.94830286373e-05,3.94846166003e-05
751,-0.0439341842547,0.0555307948875,0,270.748545973,328.942775619,-2.80540893915e-07,-2.55989146525e-07,-3.91005570892e-05,3.91024014393e-05
752,-0.0422947125411,0.0136848207584,0,240.995755877,279.449994004,-2.20846160504e-07,-1.68857161169e-08,-3.78218752416e-05,3.78225237781e-05
753,-0.0342388374747,0.00528007780285,0,522.567950312,440.454346709,-2.8269634531e-08,-6.04257329404e-09,-3.07182348331e-05,3.07182484355e-05
754,-0.0420412131364,0.0767311430571,0,166.401772048,201.863714065,-2.27033218165e-07,-2.27046001487e-07,-3.70439771223e-05,3.7045368604e-05
755,-0.0342388374747,0.0853892135357,0,338.951061948,354.223952324,-9.75135006693e-08,-9.26553660769e-08,-3.01770909395e-05,3.01773907333e-05
756,0.0382894618271,0,-0.0105130311548,1295.34296117,5653.53421828,4.70974076213e-06,0,5.63537832972e-06,7.34432753665e-06
757,0.0300572761809,0,-0.0247063971869,988.360725078,4164.26404699,1.07361134848e-05,0,9.58530084808e-06,1.43924329114e-05
758,0.0189923341918,0,-0.0339040876661,1086.01196708,2713.51536492,1.76451629717e-05,0,7.82084528948e-06,1.93007097626e-05
759,0.00949595508104,0,-0.0358924373797,1316.47702017,2710.97296308,2.03110496085e-05,0,3.54954821509e-06,2.06188755448e-05
760,0.00199025398012,0,-0.0390759178679,1672.2225802,2736.36177044,2.38067550794e-05,0,-1.22418108827e-06,2.38382089668e-05
761,-0.00704106326119,0,-0.0363653792098,2447.04438122,3453.44187756,2.38971009538e-05,0,-7.04712529917e-06,2.491452205e-05
762,-0.0164665622976,0,-0.0363655394892,2553.17547481,3367.6244136,2.54451655865e-05,0,-1.50584622581e-05,2.95671056633e-05
763,-0.0304054973798,0,-0.0255060237299,1849.92507501,2267.5240337,1.98148592152e-05,0,-2.72653111856e-05,3.37049824175e-05
764,-0.038842842413,0,-0.00980152548844,652.42838792,645.05190022,7.97550032277e-06,0,-3.47499557787e-05,3.56534434806e-05
765,0.0343067187482,0,-0.0413655744562,-248.216633863,2894.53404337,2.27127332149e-05,0,1.54950362065e-05,2.74948067302e-05
766,0.0126197267176,0,-0.0495256176886,169.572311351,1263.14805565,2.99713377983e-05,0,4.59866701641e-06,3.03220848186e-05
767,-0.00649268042119,0,-0.0495175124664,1148.14146356,2003.47418967,3.23466230265e-05,0,-8.90494249443e-06,3.3549992877e-05
768,-0.0318030480952,0,-0.0472921709335,1656.85337034,2001.26774042,3.37851278457e-05,0,-3.07441210798e-05,4.56797093305e-05
769,0.033330971711,0,-0.0636908565534,-609.055812254,2050.56081962,4.08024447023e-05,0,2.01533358974e-05,4.55082019144e-05
770,-0.0361807727158,0,-0.089113416462,1854.34643435,1826.58379823,6.50276992126e-05,0,-4.04322589774e-05,7.65726402242e-05
771,0.00863471342519,0,-0.07109960511,-242.954889736,765.859369252,4.71351345096e-05,0,2.63958139019e-06,4.72089853222e-05
772,-0.0125765488554,0,-0.0712590704399,695.545666897,1556.30672363,4.88954940635e-05,0,-1.63446057084e-05,5.15549752738e-05
773,-0.00222696596757,0.0681355297565,-0.0695987045765,2153.32694261,3150.19950287,5.25043823436e-05,-4.1896916473e-07,-1.04184411412e-05,5.35297077917e-05
774,-0.000932861818001,0.0656804963946,-0.0738541036844,2304.94564472,3307.2331382,5.68345610376e-05,-6.12380778757e-07,-1.02031116893e-05,5.77463923263e-05
775,0.000361809710739,0.0665840655565,-0.0693076997995,1877.15636509,2853.13676421,5.20089940737e-05,-4.83667401759e-07,-8.67719609166e-06,5.27300970104e-05
776,0.0126458965242,0.0672452300787,-0.0701905488968,2164.52029057,3545.48792728,5.16505411576e-05,-8.7862774371e-07,-9.41990466266e-07,5.16666017328e-05
777,0.0133033581078,0.0655505359173,-0.0741814300418,2421.95481875,3687.81328246,5.5998060838e-05,-1.28208474278e-06,-7.94279533181e-07,5.6018366978e-05
778,0.00366637925617,0.0654735341668,-0.0748207941651,2300.00564384,3405.19947772,5.74395211012e-05,-8.87842100383e-07,-7.15146784337e-06,5.78898120591e-05
779,-0.00447137467563,0.0579651966691,-0.0661372989416,1554.93396217,2278.69282206,4.92820938716e-05,-2.13413077046e-07,-1.15057711707e-05,5.06078362682e-05
780,1.28881738419e-05,0.0573538355529,-0.0735409930348,1601.60572231,2489.75628591,5.60837961691e-05,-6.06148622811e-07,-9.12875189114e-06,5.68251152218e-05
781,0.0112653840333,0.0878044217825,-0.0320961810648,2930.16544361,4502.69689072,1.82315848699e-05,1.55819521317e-08,4.455635123e-06,1.87681542517e-05
782,0.0117986826226,0.0768073052168,-0.0349729768932,2822.57873074,4352.96426711,2.0446973656e-05,1.13232273206e-07,3.82751870119e-06,2.08024386226e-05
783,0.00463745743036,0.0840463638306,-0.0414906293154,1945.23111449,3278.7875017,2.70395039854e-05,-6.68160508642e-08,-8.62339177834e-07,2.70533337875e-05
784,0.011694890447,0.0837752223015,-0.0429786108434,1910.66675472,3479.44904652,2.68156039161e-05,2.03639029792e-11,2.16479871466e-06,2.69028431e-05
785,0.00198993110098,0.0775288790464,-0.0372930578887,2527.61155544,3693.27140266,2.44935630378e-05,-9.98633474988e-08,-1.33830269794e-06,2.45303007948e-05
786,0.0186148695648,0.0789845213294,-0.0342725366354,2706.22139556,4445.24154544,1.86695527388e-05,2.08656536116e-07,5.96260472837e-06,1.95997038795e-05
787,-0.0350085347891,0.0711623728275,-0.0665780976415,1289.33032415,1579.25350777,5.29137472645e-05,5.65937657515e-07,-3.45570745233e-05,6.32010785874e-05
788,-0.0406166687608,0.0684874132276,-0.05876358971,1060.90972264,1228.20878027,4.62803498037e-05,2.77111629264e-07,-3.87096191513e-05,6.0335579749e-05
789,-0.0389163121581,0.0657503381371,-0.0649925991893,1366.90793516,1415.72411249,5.16089444968e-05,6.95329629936e-07,-3.83362189257e-05,6.42933302675e-05
790,-0.000791405560449,0.0159714780748,-0.0460019409657,1026.5760532,2122.19118818,2.95206821638e-05,2.51566682006e-07,-4.36432726612e-06,2.98426090297e-05
791,0.00557030458003,0.0207809936255,-0.0370787233114,1634.63248579,2859.45329082,2.21306748058e-05,2.92948300997e-07,1.1454854076e-06,2.21622364144e-05
792,0.0105327442288,0.011987763457,-0.0442968159914,764.869097318,1860.53088236,2.64038323579e-05,2.05441331613e-07,3.4737592075e-06,2.66321529801e-05
793,0.00252514122985,0.0288269910961,-0.0463684238493,1174.68592328,2088.72790107,2.97853281143e-05,3.5273762983e-07,-2.39289621224e-06,2.98833757631e-05
794,0.00241238833405,0.00999972969294,-0.0609198436141,396.076531271,951.278353412,3.98838205338e-05,2.34921216623e-07,-2.9541123985e-06,3.9993763369e-05
795,0.00974517688155,0.0242065284401,-0.0581442415714,522.228745809,1399.16997404,3.79786871047e-05,2.00956603077e-07,1.49949691982e-06,3.80088088312e-05
796,0.00380401243456,0.0105502624065,-0.0380650945008,1702.25358223,2764.27524376,2.29244064849e-05,1.46941835654e-07,3.24534854126e-07,2.29271744325e-05
797,-0.0373768098652,0.0831584855914,-0.0249386616051,759.497847015,917.751196668,2.01311861369e-05,-9.34902136377e-08,-3.28108917832e-05,3.84945192892e-05
798,-0.00593735603616,0.0220426302403,-0.0548945702612,1158.4529586,1935.63531941,3.70366250653e-05,3.11582411838e-07,-9.61299953317e-06,3.82651073414e-05
799,-0.0396880619228,0.049477506429,-0.0187199898064,613.762188895,660.462971654,1.50909892108e-05,-1.29836069013e-07,-3.56282900385e-05,3.86927624219e-05
800,-0.0517481230199,0.192124649882,-0.185369297862,337.794419476,3009.00010648,0.000434287531411,7.77367428397e-05,-0.000123350401178,0.000458109138304
801,0.0126507654786,0.0792521461844,-0.173840194941,1214.74523733,3116.10671245,0.00020376409305,-3.35877933809e-05,-7.46721246139e-06,0.000206648747256
802,0.0213369466364,0.0872119292617,-0.176707550883,820.066205649,3136.02081752,0.000219362389633,-4.65953393589e-05,-2.97557999225e-06,0.000224276253116
803,-0.00383462733589,0.0721334517002,-0.172081544995,1687.22786906,2682.72748334,0.000191106073618,-1.31138629938e-05,-1.8949617088e-05,0.000192490500451
804,0.00915641244501,0.0684173554182,-0.165375754237,1747.50387053,3180.48153154,0.000178816555211,-2.56199787684e-05,-7.12140701326e-06,0.000180782903415
805,0.00836119893938,0.0899492949247,-0.186838880181,1014.56162265,2326.07292782,0.00023406826759,-3.4028070335e-05,-1.44755482609e-05,0.000236971316747
806,0.0198076888919,0.0690749362111,-0.182075247169,562.005730237,1962.37670598,0.000198652078999,-4.53332411913e-05,2.32193674795e-06,0.000203772281328
807,0.00388047518209,0.0693731382489,-0.185309633613,594.548611667,1265.22412185,0.000202255086421,-2.6471282524e-05,-1.15933820621e-05,0.000204309214891
808,0.0178196541965,0.076002471149,-0.163043648005,1599.31374261,3721.27314715,0.000186052311978,-3.44386379102e-05,-2.38871437097e-06,0.000189227874611
809,0.0290826335549,0.0796803385019,-0.169986471534,905.664283893,3592.56959219,0.000200166425262,-5.17389447506e-05,6.4409824299e-06,0.000206845358809
810,-0.0482748411596,0.169937103987,-0.20770560205,1171.90742445,1445.33878795,0.000406404659053,5.49332145267e-05,-0.000106126091892,0.000423609669789
811,-0.0419207774103,0.180855989456,-0.218226894736,625.318449209,3027.68408635,0.000442592409757,3.48827716853e-05,-0.000108016192806,0.000456916126705
812,-0.0521363206208,0.182087615132,-0.221101388335,1842.25505945,2650.95996823,0.000450081063012,5.56898582397e-05,-0.000119260957529,0.000468932297442
813,-0.0414314158261,0.188769906759,-0.189935624599,311.889556657,3025.62069568,0.000429510363929,5.26278576121e-05,-0.000110537988619,0.000446617835567
814,-0.0513553097844,0.190828040242,-0.192898914218,1053.73889142,4550.10760806,0.000441080189171,7.24690133622e-05,-0.000122476902536,0.000463469613709
815,-0.0559746511281,0.187087714672,-0.221828281879,1328.38779799,4052.84848167,0.00046583500183,6.53573576648e-05,-0.000126998910303,0.000487239731907
816,-0.0517323389649,0.187429055572,-0.226074770093,724.52666882,3622.07726671,0.000469333756905,5.14606735393e-05,-0.000123444318771,0.000488017290809
817,-0.0520078130066,0.181251481175,-0.212104037404,1562.74019174,3216.55814708,0.000438932539161,6.10094212755e-05,-0.000118230980994,0.000458652906113
818,0.0194483138621,0.0336955711246,-0.103540241718,224.150840807,1534.15494797,8.12512993699e-05,-7.90233407143e-06,8.56242845848e-06,8.20824933477e-05
819,0.0242272429168,0.0500127449632,-0.0991818606853,935.8517176,2317.91720164,8.20423382682e-05,-8.56743113252e-06,9.25630420382e-06,8.300617635e-05
820,0.0345114991069,0.0382221713662,-0.0947087854147,121.164923729,2076.93992158,7.42244206112e-05,-9.13267420283e-06,2.07452234752e-05,7.76082125177e-05
821,0.0444927103817,0.0350152403116,-0.107070438564,359.021634982,2763.11045089,8.70630487408e-05,-1.7515917351e-05,3.21882469008e-05,9.44609181367e-05
822,0.00107097288128,0.0192959848791,-0.0852428302169,-287.077657334,834.314963387,6.06015515297e-05,-3.97435003889e-07,-5.68476708865e-06,6.08688966488e-05
823,-0.00322670280002,0.0275540035218,-0.0995568856597,246.431317302,1063.24459511,7.62182070461e-05,-2.01364298273e-06,-1.09781199525e-05,7.7031090873e-05
824,0.0138130011037,0.0144422212616,-0.108678549528,89.242739645,1390.278939,8.00223468666e-05,-8.30158838438e-06,7.32406118032e-06,8.07844925708e-05
825,0.0246528368443,0.0412975028157,-0.083132751286,530.422490245,1866.22460792,6.27485557118e-05,-3.49793847056e-06,1.09296552071e-05,6.37892951867e-05
826,0.00542490556836,0.0400820560753,-0.123690269887,705.426913805,1384.02556941,0.000105763256187,-9.75164519417e-06,-4.39414032105e-06,0.00010630272533
827,0.0267887488008,0.0521613508463,-0.129140004516,1261.36180766,2583.41477383,0.000119092167358,-2.21706429159e-05,1.28649561751e-05,0.000121819492819
828,0.0240592937917,0.0604339316487,-0.115741088986,1872.41789383,3310.8893976,0.000106190332597,-1.52546479647e-05,7.1092211788e-06,0.000107515729302
829,0.0125966444612,0.0493880659342,-0.0921013355255,990.947928703,2158.16966469,7.39834272111e-05,-4.08022718295e-06,1.2448091907e-08,7.40958562317e-05
830,0.0426261797547,0.0783301815391,-0.0552116520703,554.779533313,1972.99556068,3.48129614866e-05,2.79994871225e-07,1.47886605731e-05,3.78249278406e-05
831,0.0366573855281,0.0722022950649,-0.0567051880062,857.223759692,2506.77223992,3.6569442205e-05,6.1673338717e-08,1.2502438318e-05,3.8647624386e-05
832,0.0404815748334,0.0709688887,-0.0418164953589,424.178690041,2626.29069421,2.42261862486e-05,7.87620681113e-07,1.27789010911e-05,2.74012547082e-05
833,0.034954983741,0.0796421021223,-0.0467053987086,869.843544091,2660.67477858,2.77865974044e-05,3.12757639941e-07,1.04634824186e-05,2.96930509881e-05
834,0.0458735488355,0.0870246216655,-0.0567518398166,691.135959071,1378.08311127,3.52114342113e-05,2.7742049497e-08,1.56365890234e-05,3.85272473079e-05
835,0.0388332009315,0.0870336443186,-0.0561945289373,861.633040784,1660.97752092,3.4597852984e-05,3.41584387854e-08,1.20787944725e-05,3.66457347288e-05
836,0.0420232862234,0.0843306332827,-0.0479342974722,599.124017156,2097.18725758,2.86903307588e-05,2.82905467838e-07,1.3407045832e-05,3.16696067625e-05
837,0.0353963151574,0.0795926898718,-0.0549807101488,934.998473937,2148.36091426,3.44206566841e-05,1.00461714903e-07,1.09890006697e-05,3.61323931513e-05
838,0.0468831881881,0.0555180720985,-0.0570278838277,216.262682362,2605.88454567,3.79642436002e-05,-6.41996564658e-08,2.17350776189e-05,4.37458742378e-05
839,0.0396650955081,0.0784569308162,-0.0587865300477,1155.2855467,2275.13459612,3.75217255882e-05,-5.80205566856e-08,1.33213567353e-05,3.98163509474e-05
840,0.0473013445735,0.0734458193183,-0.0630386695266,909.631380777,2404.50330721,4.23479638463e-05,-5.26296976161e-07,1.9120469621e-05,4.6467401358e-05
841,-0.0393994748592,0.00820800475776,-0.0167499370873,916.150749936,1030.93625202,1.3430219765e-05,2.15804129512e-08,-3.52752529873e-05,3.77453936523e-05
842,0.0516468249261,0.0772335231304,-0.0554145164788,330.92905716,1891.50984239,3.52844262307e-05,6.18409015791e-07,2.0234876927e-05,4.06795207492e-05
843,0.0426759086549,0.0727331638336,-0.0591482035816,672.457655423,2275.78882029,3.88412539877e-05,-9.38852407841e-08,1.61480228739e-05,4.20643610258e-05
844,-0.0351920463145,0.0338943749666,-0.0234530419111,1286.69095062,1393.62964618,1.86472452311e-05,-9.32340038898e-08,-3.17866886236e-05,3.68527071046e-05
845,-0.0306663569063,0.017624406144,-0.0261586327106,1939.76898743,2310.29125032,2.0335392375e-05,6.91902607324e-09,-2.74783093526e-05,3.41845830134e-05
846,-0.0394892580807,0.0203069224954,-0.0159214492887,881.864345937,902.16122015,1.29094905849e-05,-2.05124050353e-08,-3.53498746866e-05,3.76333496819e-05
847,0.0323246605694,0.0756125077605,-0.061676826328,1480.26817166,2910.85439981,4.06033109826e-05,-4.01444973154e-07,9.8853147849e-06,4.17912606798e-05
848,0.0415697060525,0.0700414925814,-0.063984900713,1155.75376533,2851.78150705,4.37135115952e-05,-7.19897959022e-07,1.62144346121e-05,4.66293602663e-05
849,0.038269944489,0.0636099800467,-0.0631247237325,881.246589886,2555.92110223,4.34039922449e-05,-6.92462095194e-07,1.54325503737e-05,4.60711369252e-05
850,0.0337940901518,0.0647048726678,-0.053979255259,765.631541407,2539.55577478,3.47226898263e-05,1.79410607159e-07,1.17119870822e-05,3.6645163642e-05
851,0.0470514073968,0.0658099725842,-0.0602699108422,334.087429277,2356.82866619,4.04918987948e-05,-1.71982166435e-07,2.04414749455e-05,4.53594239803e-05
852,-0.0421457029879,0.0386360883713,-0.0972429290414,1637.38817812,1673.87925836,7.870171026e-05,4.09606778322e-06,-4.67643782489e-05,9.16386601939e-05
853,-0.0261269267648,0.0154495155439,-0.0960811674595,1208.46108495,1568.36040961,7.09781909665e-05,8.97119501432e-07,-3.14645697544e-05,7.76448811326e-05
854,-0.0451393425465,0.0243333950639,-0.119609646499,2551.74768758,2402.43862463,9.59226494226e-05,6.30162346668e-06,-5.22679841989e-05,0.000109420323993
855,-0.0239391922951,0.0249926634133,-0.114232078195,763.678553602,1076.78462714,9.00620917312e-05,9.79888078298e-07,-3.10245471017e-05,9.52610259787e-05
856,0.0309024509043,0.0549063682556,-0.0886911526322,1117.78790969,2393.22179787,7.11689147851e-05,-6.00765327521e-06,1.3056652951e-05,7.26056644887e-05
857,0.0455680266023,0.0650988668203,-0.100000008941,1013.97246692,2515.29673529,8.77498187127e-05,-1.43747930391e-05,2.43267495478e-05,9.21870712334e-05
858,0.04921599105,0.0619075000286,-0.0818013399839,814.444080836,2504.31928911,6.45014636413e-05,-6.42057763422e-06,2.69713303039e-05,7.02076583244e-05
859,0.0465161651373,0.0504868142307,-0.0814348310232,276.254178212,2348.0561325,6.29245081385e-05,-5.72675662863e-06,2.74002596839e-05,6.88699041433e-05
860,0.0366371646523,0.0591194704175,-0.0796685367823,1217.57974355,2663.82013031,6.13067704129e-05,-4.14174179377e-06,1.65506901666e-05,6.36364633567e-05
861,0.0183166638017,0.0611992627382,-0.0951599106193,1957.04712712,3285.91318887,8.00851035804e-05,-6.03256337267e-06,2.0938049658e-06,8.03392784107e-05
862,0.034847933799,0.0598076358438,-0.104075483978,1181.48291303,2647.65092843,9.11029557023e-05,-1.36397346213e-05,1.60570777567e-05,9.35073293615e-05
863,-0.0203460212797,0.0798774957657,-0.0497034601867,980.353689188,1633.94677259,3.73451780164e-05,-2.97943725808e-07,-1.97365003623e-05,4.22407449992e-05
864,-0.0243954900652,0.0809954926372,-0.041513569653,997.2927515,1531.87427386,3.16984556961e-05,-2.16176654599e-07,-2.22520516078e-05,3.8729738272e-05
865,-0.0287768132985,0.075184315443,-0.0457954891026,996.749079895,1372.84196495,3.52267274675e-05,-2.79509392608e-07,-2.66832388413e-05,4.41927108088e-05
866,-0.022805063054,0.0748861134052,-0.0474853180349,1157.47683939,1686.38197708,3.59535117085e-05,-3.17609228288e-07,-2.18430990258e-05,4.20699043836e-05
867,-0.0158219132572,0.0815497338772,-0.0388931035995,1341.80599626,1960.30248331,2.8936118758e-05,-1.99508949388e-07,-1.46215587246e-05,3.24211158373e-05
868,-0.0199300590903,0.0733874440193,-0.0408559888601,1430.56197653,1923.83688318,3.07916683582e-05,-2.98939288818e-07,-1.86431313368e-05,3.59969797486e-05
869,-0.0267726350576,0.0839995592833,-0.0510330758989,662.2236596,1254.32355838,3.90188899419e-05,-1.87416834994e-07,-2.4865439608e-05,4.62687689945e-05
870,-0.0240852478892,0.0800529122353,-0.0580897033215,665.216732382,1498.64199723,4.43369896024e-05,-1.87958077462e-07,-2.35346111012e-05,5.01964330897e-05
871,-0.025394840166,0.0765410736203,-0.0537252873182,904.953962267,1549.44206968,4.10741335535e-05,-2.57106131644e-07,-2.45304888894e-05,4.78424020706e-05
872,-0.0430456772447,0.0221021119505,-0.0355430133641,1310.67320703,1475.59969264,2.69634944891e-05,1.52111635822e-07,-3.95677368255e-05,4.78817185417e-05
873,-0.0407562144101,0.0389172062278,-0.0487221963704,1423.64973192,1500.58842178,3.69914574821e-05,4.00374749706e-07,-3.89772220052e-05,5.37378084949e-05
874,-0.0193872340024,0.0245895013213,-0.0431418083608,1814.44084179,2391.33878993,3.06902011715e-05,9.38297216439e-08,-1.91132344011e-05,3.61554004436e-05
875,0.0194292869419,0.0836496949196,-0.040299423039,1950.06630006,3683.94038973,2.34526683672e-05,7.43264608229e-08,5.34873056328e-06,2.40549807026e-05
876,0.0259974766523,0.0815075710416,-0.0337776169181,2123.68955148,4090.24699688,1.76216327601e-05,2.5796226386e-07,7.46588461348e-06,1.9139694844e-05
877,0.0185919292271,0.068677328527,-0.0348613001406,2432.25379915,4217.01886462,1.92231434553e-05,3.92284885401e-07,5.92888139752e-06,2.01205061159e-05
878,0.0182631388307,0.0765759423375,-0.04306576401,1912.07339231,3545.45100211,2.59595091523e-05,1.15529276324e-07,4.77139592347e-06,2.63946146306e-05
879,0.0236537717283,0.076002471149,-0.0444115102291,1540.97330133,3372.70782438,2.65262839704e-05,2.03267277686e-07,6.53419409786e-06,2.73199698275e-05
880,0.026551714167,0.0732727497816,-0.0383633002639,1682.27613633,3676.89719357,2.14402455045e-05,3.9896042011e-07,7.73870388343e-06,2.27976058942e-05
881,0.0127484947443,0.0772795081139,-0.0415328033268,2090.72015608,3593.6199277,2.5493244267e-05,3.46440464089e-08,2.91407893496e-06,2.56592782343e-05
882,0.023814342916,0.0708565190434,-0.0301435422152,2437.26636992,4597.84339669,1.49556299837e-05,5.50463745162e-07,7.29110701595e-06,1.66473457362e-05
883,-0.0397568792105,0.0558315701783,-0.041467692703,1238.11161909,1366.60820034,3.22214763478e-05,-5.37597795162e-08,-3.67291010516e-05,4.88595261152e-05
884,-0.0260929670185,0.0456161312759,-0.048831064254,1425.6150713,1803.45736449,3.64115577364e-05,1.32263240077e-07,-2.61730168932e-05,4.48424558165e-05
885,-0.0181173831224,0.0627216771245,-0.0389593504369,1764.72079629,2177.79146974,2.9219975622e-05,-1.87262044676e-07,-1.71502899396e-05,3.38817722003e-05
886,-0.0307189691812,0.0480170659721,-0.031290486455,1463.9088915,1729.58833393,2.44468435083e-05,-1.31347845832e-07,-2.8068552376e-05,3.72224266036e-05
887,-0.026567036286,0.060503449291,-0.0308775845915,1458.78092815,1941.52348215,2.4102862591e-05,-1.74263449018e-07,-2.3951719431e-05,3.3980335733e-05
888,-0.0326388739049,0.0675472319126,-0.0275260321796,1162.03999921,1341.97322097,2.18775017543e-05,-2.07693205225e-07,-2.90223842719e-05,3.63451098265e-05
889,-0.0440412349999,0.06421161443,-0.0228358134627,745.508280351,810.853030339,1.84190353253e-05,-1.42338419023e-07,-3.90744526013e-05,4.3198309789e-05
890,-0.0302210953087,0.0679828599095,-0.0369942560792,1229.27798429,1490.19463642,2.87367707465e-05,-2.44901980361e-07,-2.74467057199e-05,3.97389434282e-05
891,-0.0231950245798,0.0706347748637,-0.0305487941951,1667.49411275,1968.37041789,2.39235462851e-05,-2.3632855305e-07,-2.03743537695e-05,3.14246115261e-05
892,-0.0173685532063,0.0122171519324,-0.0362835079432,2542.66121615,3172.17753768,2.5641117554e-05,7.82831290314e-08,-1.59186526026e-05,3.01807312428e-05
893,0.0495670363307,0.0807890444994,-0.0426452197134,187.980805117,2477.68961966,2.51801591624e-05,6.13841820048e-07,1.64563260467e-05,3.00870052378e-05
894,-0.0567674487829,0.189400777221,-0.202435985208,805.204428148,7441.24668114,0.000452854782386,8.02871290503e-05,-0.000128693825978,0.000477583058605
895,-0.0532908067107,0.192539513111,-0.200976863503,43.3569321944,7006.40726695,0.000457377329205,7.30236303175e-05,-0.000126377957209,0.000480101926598
896,-0.0569686703384,0.192738324404,-0.201458588243,-168.184857319,7758.69419591,0.000461292701437,8.23940804294e-05,-0.000131039053106,0.000486570626248
897,-0.0565404780209,0.189335718751,-0.198866486549,594.487855221,6415.97630187,0.00044786074747,8.15946472093e-05,-0.000128212591499,0.000472943341423
898,0.0450480803847,0.0717434883118,-0.0265727266669,520.664976757,3625.71952299,1.36689007836e-05,8.63209470203e-07,1.07644152285e-05,1.74200061548e-05
899,-0.0547741875052,0.189129278064,-0.205939307809,745.960421249,6924.47966329,0.000455151804441,7.28599043549e-05,-0.000126362537113,0.000477953158306
900,0.0233497116715,0.0209189988673,-0.0499322786927,101.357387013,1902.6398103,3.01470543821e-05,3.78698108645e-07,1.05650619959e-05,3.19469691075e-05
901,0.0235620159656,0.0295818690211,-0.0298071056604,1352.18700165,3303.91795217,1.42093559171e-05,7.10523228773e-07,8.52146841676e-06,1.65839097566e-05
902,0.0135530270636,0.0279761478305,-0.0444650352001,747.839366469,2138.81117919,2.68258278626e-05,3.96674461063e-07,4.47010329476e-06,2.71986068505e-05
903,0.0179310645908,0.0205370429903,-0.0365755036473,1040.94614873,2753.50860561,1.98152175932e-05,4.29409544677e-07,7.28510400938e-06,2.11163439366e-05
904,0.0314529836178,0.0154744703323,-0.0245923381299,1263.18570103,4078.87116917,1.0961265161e-05,4.80633577167e-07,1.00602907444e-05,1.4885892396e-05
905,0.0430814623833,0.0184891223907,-0.0319490209222,243.738932665,3848.1620403,1.68711024855e-05,6.81076628992e-07,1.57210693767e-05,2.3070543704e-05
906,0.0148528963327,0.0438116081059,-0.0384550541639,1508.76567775,2969.19018182,2.23835086772e-05,6.07365438423e-07,4.88495749445e-06,2.29184022829e-05
907,0.0273389518261,0.0393728762865,-0.0399255007505,727.67122336,2736.94479571,2.23872268282e-05,7.13186391262e-07,1.01172293439e-05,2.45775281402e-05
908,0.00711413752288,0.0302548613399,-0.0362184271216,1592.60325313,2976.65305941,2.14886030783e-05,3.91175456062e-07,1.88285583315e-06,2.1574480911e-05
909,-0.0470284968615,0.0726304575801,-0.0637566149235,1039.86427372,1174.14214179,5.10726551581e-05,7.2688322977e-07,-4.41693095864e-05,6.7526827065e-05
910,0.0406885035336,0.0546478889883,-0.0183431115001,838.786256606,4205.33715235,8.42398928658e-06,1.25837612804e-06,8.20360145291e-06,1.18256578159e-05
911,-0.00320763187483,0.105371855199,-0.191656038165,1214.84471701,1951.8216626,0.000264222479602,-2.01664216894e-05,-2.94496978523e-05,0.000266622369643
912,-0.0175896845758,0.0835511013865,-0.189167022705,1530.72651736,1747.55106819,0.000226010603827,1.03856188403e-06,-3.3343929307e-05,0.000228459382111
913,0.0224227197468,0.10560888797,-0.187366470695,633.148689004,2554.90306419,0.000261323114716,-5.59840253565e-05,-9.13047291375e-06,0.000267408576743
914,0.0307648181915,0.0698548555374,-0.0230860188603,2085.35772533,4481.71231332,1.00015607862e-05,7.93218987764e-07,7.30074326556e-06,1.24081129408e-05
915,0.029892751947,0.076881930232,-0.0268295332789,2091.15686891,4533.49312175,1.2348877835e-05,5.02463772354e-07,7.79268756841e-06,1.46107232253e-05
916,0.0397939756513,0.0749445334077,-0.0144518092275,1308.05260602,4478.79470642,6.3361762345e-06,6.54322497651e-07,6.00218288165e-06,8.75222637678e-06
917,0.0429945141077,0.058826867491,-0.0357883833349,351.965070899,3312.22994663,1.97348252412e-05,1.11471595435e-06,1.38269232221e-05,2.41223905273e-05
918,0.0209240466356,0.065106511116,-0.154563903809,1772.8602219,3771.35121832,0.000161204946849,-3.22338599492e-05,4.21164502695e-06,0.000164449975889
919,0.0269708260894,0.0564934797585,-0.167375162244,483.874441688,2079.5744924,0.000168180108988,-4.4700992087e-05,1.32681350983e-05,0.000174524414228
920,0.0438993759453,0.0453784540296,-0.0440756417811,247.417935225,3278.60977497,2.6290899962e-05,8.04570305051e-07,1.80318651854e-05,3.18905458757e-05
921,0.0226444620639,0.0707265362144,-0.0427752062678,1651.89417625,3319.13854119,2.53593693931e-05,2.90720388486e-07,6.49733722292e-06,2.61800978865e-05
922,0.0175673272461,0.0718658342957,-0.045076739043,1807.88363939,3392.38043221,2.78446958164e-05,1.24962692908e-07,4.25546369358e-06,2.8168274211e-05
923,0.0210234485567,0.0721946209669,-0.0500621162355,1582.09653848,3083.12703692,3.16185534906e-05,6.47491505001e-08,5.20055116726e-06,3.20434525252e-05
924,0.0253436006606,0.0601593665779,-0.0340660847723,1725.48979037,3701.19614659,1.78866866991e-05,8.06024252393e-07,7.92111485006e-06,1.95787460435e-05
925,0.0345038510859,0.0726151689887,-0.0333014577627,1417.37861041,3598.69352949,1.74544063073e-05,6.58844462432e-07,9.55398309016e-06,1.99090172648e-05
926,-0.0291667729616,0.185634925961,-0.185959562659,226.571891531,2110.91441836,0.000415891460652,3.0778290528e-05,-9.64094394372e-05,0.000428027791415
927,-0.0448111928999,0.190497636795,-0.2043941468,304.231733189,5144.01369403,0.000451470349233,5.1262393294e-05,-0.00011628670203,0.000469015891279
928,-0.0569839626551,0.192631274462,-0.227532416582,-99.0633029121,4632.44465222,0.00048677674231,6.45313335546e-05,-0.000132956629385,0.000508717362748
929,-0.0551965236664,0.194559693336,-0.230829700828,89.9669626367,3201.14081489,0.000493820492295,5.72532166618e-05,-0.000133278583551,0.000514684165544
930,-0.0570308715105,0.188424289227,-0.231177479029,691.26580548,2781.18018314,0.000478212808983,6.10479642617e-05,-0.000129580185115,0.000499204736546
931,-0.031284108758,0.0413689017296,-0.132844790816,1808.44880121,2006.51896519,0.000116738138995,6.86900793858e-06,-3.95148047832e-05,0.000123435797738
932,-0.0435889698565,0.0342362001538,-0.149184003472,2640.43740928,3079.77010466,0.000130104436221,1.83059040376e-05,-5.2082588647e-05,0.000141332467916
933,-0.0329430699348,0.0385649837554,-0.161027774215,1672.82136237,1738.79582972,0.00014457883645,1.4130477145e-05,-4.21833673337e-05,0.000151268459413
934,-0.0163888130337,0.0379070751369,-0.155805036426,343.098701024,509.00526625,0.000138096264972,-2.40471374659e-07,-2.51856702882e-05,0.000140374336021
935,-0.0176399964839,0.0548293814063,-0.144086971879,2052.11121391,2802.89239971,0.000138564985189,1.11718926237e-06,-2.7877213307e-05,0.000141345825032
936,-0.0351182110608,0.0616514533758,-0.13370795548,2574.9226899,3321.59029354,0.000130123024109,9.47326944599e-06,-4.27100072908e-05,0.000137280329836
937,-0.0450710467994,0.0530177354813,-0.124781623483,2631.84289222,2907.93774184,0.000114363889156,1.15523621379e-05,-5.25006554421e-05,0.000126368014291
938,-0.0358037501574,0.0544399432838,-0.11348041147,1975.97658105,2135.93140887,0.000101087174378,5.69111854921e-06,-4.21500206681e-05,0.000109670551637
939,-0.0133848385885,0.178103327751,-0.195104524493,362.53563422,1873.82826557,0.00040788389186,-4.65054709699e-06,-7.68820529018e-05,0.000415092455828
940,-0.0354137904942,0.177009910345,-0.202911376953,505.526657167,2253.00544962,0.000416172160427,3.18399121516e-05,-9.7851170688e-05,0.000428704908679
941,-0.0088123595342,0.156143203378,-0.199348211288,673.91032894,1713.51338758,0.000366942751301,-1.54652763742e-05,-5.96450429721e-05,0.000372080218041
942,0.00344463693909,0.173905521631,-0.184782028198,274.394294952,1778.70160781,0.000387476552735,-2.82773853398e-05,-5.8287502107e-05,0.000392855090769
943,0.053465206176,0.0948119014502,-0.179908484221,132.321846254,3854.65273454,0.000237513140985,-9.62109592877e-05,2.18586741182e-05,0.00025719028454
944,0.0148452492431,0.0846121907234,-0.0530671067536,1051.61766676,2559.22598348,3.4153335179e-05,-1.60319946364e-07,2.27884579971e-06,3.42296530002e-05
945,0.01614484936,0.0792980641127,-0.0593614652753,1240.67187954,2636.38139571,3.90908594739e-05,-3.2480858308e-07,2.26186317424e-06,3.91575895586e-05
946,0.0222835037857,0.0866278558969,-0.0561066567898,935.432104138,2234.6948817,3.52015184699e-05,-5.90576566981e-08,5.19842874768e-06,3.55833395262e-05
947,0.0153946178034,0.0783175006509,-0.053924087435,1380.09009376,2765.53590984,3.51242667545e-05,-2.19288243936e-07,2.35308721359e-06,3.52036819355e-05
948,0.0258099641651,0.0830168798566,-0.0499547421932,1389.00390423,2922.78827068,3.06457655242e-05,3.47850929575e-08,6.86135947539e-06,3.14044966273e-05
949,0.00721425609663,0.078059323132,-0.0463766083121,1794.29505946,3110.32975167,3.03561652075e-05,-1.64051343558e-07,-6.20377562984e-07,3.03629469464e-05
950,0.00872057396919,0.0784416347742,-0.0528912432492,1437.84833679,2751.65229097,3.52171698268e-05,-2.87637481692e-07,-7.73251108349e-07,3.52268321483e-05
951,0.000462585390778,0.0783422365785,-0.0447020716965,1682.70616391,2813.54903344,3.03354301842e-05,-2.13759433479e-07,-3.99077730597e-06,3.0597554168e-05
952,0.00845904741436,0.0701806470752,-0.0367557257414,2662.1635142,3951.21846298,2.26051032635e-05,8.71809590431e-08,2.09950190921e-06,2.27025593787e-05
953,0.0106703769416,0.0710629671812,-0.0441133081913,1902.22130231,3334.48662757,2.80374327559e-05,1.06326197563e-08,1.46035000332e-06,2.8075440704e-05
954,0.0425962507725,0.0473911128938,-0.119116954505,647.888010292,2623.90637546,0.000104995751834,-2.44075170535e-05,2.89848793223e-05,0.000111624182063
955,0.000482567265863,0.059740614146,-0.10454300791,1966.58663637,3082.04593057,9.12584957408e-05,-4.12800747351e-06,-1.15672280248e-05,9.20812372568e-05
956,-0.00951581820846,0.0435363389552,-0.0403742715716,1967.95106557,2687.93201326,2.83699095657e-05,1.2358776392e-07,-1.05270737152e-05,3.02603093789e-05
957,-0.0148529261351,0.0405466407537,-0.0626784861088,1256.64866693,1688.03886454,4.56060370362e-05,2.53609437044e-07,-1.86516119789e-05,4.92732946057e-05
958,-0.0239137746394,0.0216220840812,-0.0620744340122,1368.63604417,1756.98628187,4.43271060981e-05,4.71422451477e-07,-2.5897674593e-05,5.13400830101e-05
959,-0.0327559001744,0.0447557903826,-0.0709241107106,1378.92338233,1515.73890663,5.45495372151e-05,1.04475973958e-06,-3.50171024285e-05,6.48300932884e-05
960,-0.0362472347915,0.0568179376423,-0.0574025511742,1259.34826313,1462.61016657,4.45030680848e-05,3.65257158372e-07,-3.57109719987e-05,5.70607571177e-05
961,-0.0176055897027,0.0491793006659,-0.0651941150427,1268.78347696,1732.76945069,4.89319258666e-05,2.35568722784e-07,-2.13571021085e-05,5.33902113885e-05
962,-0.0121690789238,0.0420453138649,-0.0514766797423,1380.85124146,2122.7241048,3.67049823295e-05,1.87948641668e-07,-1.4774224956e-05,3.95672689928e-05
963,-0.0152486059815,0.07560095191,-0.0487325899303,1272.3612163,1984.67754103,3.59854553794e-05,-3.42114708457e-07,-1.58653962868e-05,3.93291347562e-05
964,-0.0261617824435,0.0814389809966,-0.0340278558433,1307.00844455,1721.63597593,2.65253139162e-05,-1.72905392407e-07,-2.314004721e-05,3.52006244193e-05
965,-0.0336398519576,0.0820659771562,-0.0398160926998,875.95948596,1205.37059089,3.10732040319e-05,-1.83459898035e-07,-3.00866825769e-05,4.32525852964e-05
966,-0.009187027812,0.0227996129543,-0.0722134113312,628.818729762,1319.88316711,5.10926077004e-05,1.6873795391e-07,-1.39964625919e-05,5.29753149987e-05
967,-0.0572407245636,0.19283939898,-0.197642877698,-35.2046835608,6799.43069662,0.000456086908894,8.48655103505e-05,-0.000131187983466,0.000482107571313
968,0.032944008708,0.0820889174938,-0.0403436869383,1128.89992056,3212.36852475,2.25186729776e-05,2.59717982085e-07,9.38236721232e-06,2.43964526235e-05
969,0.0366280563176,0.0832386091352,-0.0243943706155,1654.508871,4086.92095741,1.12088646654e-05,3.25233248756e-07,8.19156268237e-06,1.38869047283e-05
970,0.0263151563704,0.0225717760623,-0.0869297906756,-565.141759356,1498.34319355,6.27606966261e-05,-2.65329498381e-06,1.55812249955e-05,6.47203181978e-05
971,0.0299313720316,0.0299871210009,-0.125033959746,413.713950263,1982.49868835,0.000102472828149,-2.2488537397e-05,2.18108986008e-05,0.000107154701814
972,-0.0332498885691,0.144811406732,-0.203760117292,866.299796313,1289.87280432,0.000349381746934,2.55740792605e-05,-7.55106166273e-05,0.000358362235516
973,-0.0267658401281,0.0779293328524,-0.180331900716,2718.88471351,2973.06687985,0.000208765665333,1.42378140929e-05,-3.97868607535e-05,0.000212999560236
974,-0.0192342475057,0.0579801760614,-0.180951237679,609.534545691,1076.41323119,0.000183652142082,3.57735621878e-06,-2.99126057393e-05,0.00018610661125
975,-0.0200829859823,0.0649000629783,-0.167004421353,2516.53745659,3002.32611628,0.000176124861037,5.14013725911e-06,-3.1650107275e-05,0.00017901987872
976,-0.037677090615,0.0662687495351,-0.193422332406,1160.62918035,1231.59746221,0.000206730247311,2.68777405113e-05,-4.77436154331e-05,0.000213867390929
977,-0.0399979166687,0.0770440846682,-0.174370795488,4794.5072381,4574.65818026,0.000201605955879,3.05278634401e-05,-5.13487478789e-05,0.000210270316024
978,-0.032959330827,0.0687614381313,-0.173152029514,2873.67151903,3117.92091503,0.00018860017355,2.0579199309e-05,-4.37789108962e-05,0.000194705218077
979,0.0427389033139,0.0381762944162,-0.0758683308959,169.305055554,1968.89136348,5.53597400937e-05,-3.01454350927e-06,2.54267221232e-05,6.09943152576e-05
980,0.0298628844321,0.0208258405328,-0.0676133930683,-266.612959583,1424.37804758,4.52030794789e-05,-4.04222378738e-07,1.63845510417e-05,4.80825883553e-05
981,0.041974272579,0.0301935710013,-0.0565308742225,52.365172387,2562.60692569,3.65019028769e-05,-1.08733729841e-08,2.20996244397e-05,4.26706272773e-05
982,0.0276451334357,0.0369223020971,-0.0686425939202,170.557367126,1663.62920349,4.78712656919e-05,-1.02459172537e-06,1.31036553688e-05,4.96428610293e-05
983,0.0357884280384,0.052321922034,-0.0639936476946,360.994559193,2167.12476657,4.4372355118e-05,-9.01360116719e-07,1.5887379368e-05,4.71394439081e-05
984,0.046730261296,0.0481699891388,-0.0688566863537,-50.5247520632,2262.73552378,4.91661945835e-05,-1.89801900551e-06,2.5630252954e-05,5.54781671692e-05
985,0.00940109416842,0.0873954370618,-0.0564161799848,720.892443627,2331.29408616,3.71253812101e-05,-1.04066098739e-07,-3.82215716368e-07,3.71274945102e-05
986,0.0116414558142,0.0800473541021,-0.0575784146786,1094.05342466,2586.75986381,3.83132737519e-05,-3.28898256191e-07,2.50093354276e-07,3.83155016454e-05
987,-0.0336857289076,0.0517025738955,-0.181639403105,1808.95236997,1928.76777273,0.000178076728462,2.00530019027e-05,-4.31717720002e-05,0.000184329178381
988,0.0139200491831,0.0777764096856,-0.0480434969068,1771.95114968,3171.97439679,3.05899538734e-05,-9.0356617115e-08,2.3551236637e-06,3.0680613582e-05
989,-0.0503393411636,0.0818977579474,-0.0591459050775,298.710651316,601.965405032,4.69600044158e-05,2.11630313206e-07,-4.51535743176e-05,6.51470035825e-05
990,-0.00694666570053,0.0116207422689,-0.037797473371,2147.85439406,3137.36183847,2.4848161446e-05,1.54430848425e-07,-7.34135158308e-06,2.59104307027e-05
991,0.0242960602045,0.00814932771027,-0.031428117305,929.232168879,3031.65851779,1.5508092735e-05,2.91379321739e-07,9.41480952398e-06,1.8144544099e-05
992,-0.0188264399767,0.0488151758909,-0.113806217909,1586.91872078,2127.46341077,9.80686471229e-05,5.27018007622e-07,-2.70558504716e-05,0.000101733752222
993,-0.016565291211,0.0589518509805,-0.100720018148,1925.49140941,2575.08018208,8.6983352417e-05,-2.9997586001e-07,-2.44645816542e-05,9.03587811932e-05
994,-0.0455451197922,0.0455702543259,-0.0815265849233,1759.3165895,1677.64130574,6.50229956442e-05,2.82355808142e-06,-4.78004962609e-05,8.07517794576e-05
995,-0.0462140925229,0.0847004204988,-0.187719687819,3821.24448815,3412.17043501,0.000227735464252,4.17348866491e-05,-5.87442420619e-05,0.000238864246838
996,-0.0481335073709,0.0698237940669,-0.183825835586,3203.23157287,3105.43272812,0.000202477049203,4.04034826887e-05,-5.8177550994e-05,0.000214508797738
997,-0.0468757376075,0.0819171145558,-0.178013056517,5444.33972405,5197.90354489,0.000213438074565,4.10296016837e-05,-5.85448930986e-05,0.00022509274621
998,-0.0432206466794,0.0640283897519,-0.102439180017,1733.39996785,1995.62440046,9.14020486728e-05,5.12488599363e-06,-4.73054410333e-05,0.000103045638963
999,-0.0350591912866,0.0565857589245,-0.0791928544641,1524.90862027,1774.04565885,6.40564983853e-05,1.59286441182e-06,-3.76183297032e-05,7.43028325979e-05
1000,-0.0286274570972,0.0383658669889,-0.0854954868555,1284.70702902,1495.79660138,6.62300378997e-05,1.45872850698e-06,-3.33973542327e-05,7.41884699855e-05
1001,-0.041278488934,0.024795293808,-0.0849827080965,1705.25720644,1764.11658064,6.42952201332e-05,1.69880357411e-06,-4.45776489689e-05,7.82555304956e-05
1002,-0.0159004665911,0.122285440564,-0.196939632297,954.735389951,1499.33411169,0.000299700954068,-2.04764634216e-06,-4.76664983456e-05,0.000303474792675
1003,-0.0379195325077,0.110906392336,-0.200910761952,1894.43989258,1909.7880761,0.000283025424193,3.15997119882e-05,-6.09820018306e-05,0.000291239999115
1004,0.0329705923796,0.0687823593616,-0.0594667494297,1205.39387208,2686.66103428,3.9514836066e-05,-2.46554732667e-07,1.10968283759e-05,4.10441549865e-05
1005,0.0252815932035,0.0690304636955,-0.0664789900184,1806.75670329,3287.01464448,4.67208190402e-05,-8.57604434721e-07,6.61066575417e-06,4.7193975451e-05
1006,0.0234704688191,0.0649759471416,-0.06129854545,1478.52381398,2849.66588186,4.18965176664e-05,-3.75439693372e-07,6.2145672925e-06,4.2356581474e-05
1007,0.0272138044238,0.0719416812062,-0.0615885667503,1612.42111083,3010.28992405,4.13553700398e-05,-4.17156401346e-07,7.55352027563e-06,4.20416022429e-05
1008,0.0305507220328,0.061505112797,-0.0611874647439,1039.21494216,2687.67431272,4.16346228017e-05,-3.75119773387e-07,1.07530080764e-05,4.30024384585e-05
1009,0.0218186620623,0.0706118419766,-0.0603998973966,1614.69881757,3038.18061224,4.07755525026e-05,-3.54696173965e-07,4.92503336736e-06,4.10734396531e-05
1010,0.0277307946235,0.0685272589326,-0.055215742439,1190.33997426,2748.06908393,3.58695249184e-05,1.67103620045e-08,8.29884252354e-06,3.68170325303e-05
1011,0.0230806283653,0.0737831816077,-0.0561063885689,1368.30565864,2864.41465814,3.65002096724e-05,-1.52200946625e-07,5.69599555625e-06,3.69422906251e-05
1012,0.029182035476,0.0771876424551,-0.0595511570573,1508.99185848,2874.78140399,3.8617629446e-05,-2.42143521244e-07,8.26838753152e-06,3.94936218887e-05
1013,0.0352035164833,0.0704568400979,-0.0657545030117,1651.28414466,3171.56032695,4.54122361686e-05,-9.46225345662e-07,1.23233135663e-05,4.70641115234e-05
1014,-0.0213675610721,0.0541111528873,-0.0852197408676,1640.40728677,2042.21211937,6.91613109317e-05,3.79413490983e-07,-2.69659255821e-05,7.42333619533e-05
1015,-0.00905704125762,0.0636843070388,-0.0842333734035,2100.26284872,2887.86816063,6.87676175156e-05,-7.65601471901e-07,-1.72405573956e-05,7.08999871911e-05
1016,-0.0117408875376,0.0579572357237,-0.0741861462593,1568.77606834,2191.76498802,5.76832615415e-05,-1.10858366627e-07,-1.79944988116e-05,6.04249364014e-05
1017,-0.00813043676317,0.0498232468963,-0.0859777703881,1361.71680929,1973.89801592,6.85656597611e-05,-8.02089147559e-07,-1.59566444023e-05,7.04024683236e-05
1018,-0.0196506716311,0.0526740849018,-0.0741693675518,1401.61976718,1773.81033293,5.77079481568e-05,3.53451310761e-07,-2.42783321234e-05,6.26080635302e-05
1019,-0.0175597108901,0.0390326790512,-0.0739796981215,1109.82252847,1496.73409427,5.52333249573e-05,4.56499288093e-07,-2.23747198931e-05,5.95949382728e-05
1020,-0.0205921065062,0.0631629526615,-0.0756774172187,1771.76250062,2289.4805069,6.03489508961e-05,2.77610219838e-07,-2.48587391152e-05,6.52689041741e-05
1021,-0.0342362597585,0.0719958171248,-0.0518972240388,1041.56100771,1302.03112988,4.03532927426e-05,-1.37514830202e-07,-3.21929553956e-05,5.1621638124e-05
1022,-0.0236232168972,0.0675227418542,-0.047882925719,1312.65411375,1651.17741019,3.63259953751e-05,-2.61182946647e-07,-2.30702065481e-05,4.30334821585e-05
1023,-0.0388852022588,0.066016420722,-0.0433792620897,1045.42002236,1234.44639943,3.38623037482e-05,-1.60615314369e-07,-3.56785917533e-05,4.91898701148e-05
1024,-0.0316059403121,0.0630649551749,-0.0625637918711,1244.28356833,1515.23926724,4.89309996685e-05,3.57959618208e-07,-3.21146283739e-05,5.85296524784e-05
1025,-0.02468604967,0.0605340339243,-0.0601016916335,1335.19862122,1682.54984785,4.60675324904e-05,9.84311790556e-08,-2.61466678413e-05,5.29705151727e-05
1026,-0.0280580613762,0.0711241438985,-0.0555597953498,1113.1266027,1519.05661543,4.28014216613e-05,-1.62058221344e-07,-2.74895816793e-05,5.08690972989e-05
1027,-0.0376082733274,0.0747331902385,-0.0467971526086,836.445794619,1081.39432513,3.6509459094e-05,-1.90776731962e-07,-3.43768194388e-05,5.01472104292e-05
1028,-0.0313237868249,0.0774790868163,-0.0525732338428,760.467039817,1187.34868948,4.06859499777e-05,-2.01339013078e-07,-2.9252870988e-05,5.0111051915e-05
1029,0.013698306866,0.0637225359678,-0.0829411447048,2127.17349692,3458.17127417,6.60937328713e-05,-2.63733845303e-06,-1.09842277878e-06,6.61554503543e-05
1030,0.00475215213373,0.0635619610548,-0.0824900195003,2121.93121049,3115.63050463,6.59408874836e-05,-1.85026364432e-06,-7.04098737072e-06,6.63415376731e-05
1031,-0.0054097622633,0.0629273205996,-0.0759371519089,1961.10771327,2765.03173669,5.93903760369e-05,-4.89321071622e-07,-1.36101543781e-05,6.0931867714e-05
1032,0.00780364731327,0.0524371415377,-0.0758582651615,1417.06508474,2448.88415919,5.73614569497e-05,-1.20560322886e-06,-3.3305319822e-06,5.74707113739e-05
1033,0.00488978484645,0.0601899512112,-0.0923460796475,2080.848188,3148.61353829,7.6820115789e-05,-3.10965416551e-06,-7.47485782008e-06,7.72455412195e-05
1034,0.00797888450325,0.0627208724618,-0.076158888638,1977.56010844,3174.11466958,5.85979898976e-05,-1.26446792123e-06,-4.24161699946e-06,5.8764909716e-05
1035,-0.0465146154165,0.0763492882252,-0.0377368703485,688.848401904,801.307186779,2.99179313919e-05,-1.54187749595e-07,-4.13683876052e-05,5.1053402293e-05
1036,-0.0299881361425,0.0769710689783,-0.0273808129132,1114.81518253,1349.96706999,2.18951893624e-05,-1.92297361624e-07,-2.63338387115e-05,3.42477350605e-05
1037,-0.0468080118299,0.0751321539283,-0.0249360334128,503.865248323,571.153452937,2.00808805277e-05,-1.31412220798e-07,-4.12684762926e-05,4.58949470797e-05
1038,-0.0370959714055,0.0820659771562,-0.0474241487682,616.861912345,958.923191884,3.69850754391e-05,-1.63766387089e-07,-3.34828440726e-05,4.98901139692e-05
1039,-0.0476402007043,0.0742208883166,-0.0479440949857,862.800066191,973.800399987,3.78517436581e-05,-8.28580717955e-08,-4.30576438192e-05,5.73299402989e-05
1040,-0.0389622487128,0.0883467271924,-0.198638990521,1902.73681341,1957.82430101,0.000243470226995,3.05828818651e-05,-5.32412933169e-05,0.000251093009481
1041,0.000768436817452,0.044155690819,-0.045168492943,1881.73623928,2608.88884345,3.00835599107e-05,2.52657687941e-07,-4.16798980216e-06,3.03719698374e-05
1042,-0.000578802952077,0.0367769189179,-0.0381438583136,2001.54046162,2926.67537579,2.48610960054e-05,3.3462911675e-07,-3.17641106083e-06,2.5065427554e-05
1043,-0.0261159054935,0.0730204209685,-0.0385391637683,1225.84883056,1656.2567116,2.96786987276e-05,-2.72372525475e-07,-2.37591268988e-05,3.80183568287e-05
1044,-0.0362854674459,0.0835187733173,-0.0146674588323,646.640022189,672.849020245,1.22068037495e-05,-8.62204512417e-08,-3.18022356753e-05,3.40645811025e-05
1045,-0.0358609780669,0.0710713192821,-0.0187246501446,820.267934109,848.359548236,1.53909703772e-05,-1.99358386055e-07,-3.16051724633e-05,3.51540700254e-05
1046,-0.0502275414765,0.0724742487073,-0.0590265505016,975.779228286,1138.92532749,4.70029311878e-05,3.84293336339e-07,-4.64303114574e-05,6.60696378349e-05
1047,-0.0410414561629,0.0762853845954,-0.0608816109598,802.633871967,1122.18093466,4.81678793692e-05,2.69933367185e-07,-3.82327737046e-05,6.14976621677e-05
1048,-0.0529467239976,0.0718046575785,-0.0684514343739,1505.80711643,1575.94524654,5.56031269134e-05,1.44602959433e-06,-4.99369117562e-05,7.47495410011e-05
1049,-0.0539560317993,0.0670563131571,-0.062479685992,1538.13459396,1605.11173282,5.00824980902e-05,9.47443058325e-07,-5.08556564054e-05,7.13824351765e-05
1050,-0.04751021415,0.0595629550517,-0.0612792186439,1478.13645679,1461.46902819,4.83991025297e-05,8.5587803511e-07,-4.57659540259e-05,6.6616275795e-05
1051,-0.0469377711415,0.0671167820692,-0.0686849728227,1517.68801765,1607.74925748,5.5513256001e-05,1.36577276943e-06,-4.552231862e-05,7.18043760479e-05
1052,0.0477089881897,0.0710935592651,-0.0683061555028,936.430761391,2791.50108206,4.82683437059e-05,-1.71645961303e-06,2.08161367868e-05,5.25936382886e-05
1053,-0.0440566912293,0.0785361528397,-0.0543818213046,622.441414966,885.915030866,4.28803160328e-05,1.34095545032e-09,-4.00613917514e-05,5.86825068818e-05
1054,-0.054204761982,0.0763999298215,-0.0553958490491,841.353297745,932.962364963,4.40593404688e-05,1.06580727145e-07,-4.89246957421e-05,6.58396741749e-05
1055,0.0415537282825,0.0906451120973,-0.18100476265,282.865096314,3196.92723392,0.000230710798613,-7.7836366255e-05,1.26478572807e-05,0.00024381538262
1056,-0.0383598208427,0.0806115418673,-0.0588529258966,544.323215528,937.342683569,4.62149853074e-05,4.58804769094e-08,-3.52487788829e-05,5.81231742485e-05
1057,0.0419283956289,0.0305605921894,-0.0406801253557,222.552730745,3508.39041372,2.33825651856e-05,6.59099765007e-07,1.71797209888e-05,2.90227769246e-05
1058,-0.0474856458604,0.060622818768,-0.0825785771012,1787.80638591,1782.2442802,6.8871563098e-05,3.1297882852e-06,-4.88050171259e-05,8.44690326387e-05
1059,-0.039124596864,0.0580776371062,-0.0694660618901,1486.2034655,1521.04142892,5.51606916846e-05,1.13904494521e-06,-3.97417106169e-05,6.79956093676e-05
1060,-0.0412415601313,0.0633189827204,-0.0776071175933,1734.45237601,1861.42418745,6.37447359949e-05,1.98418037646e-06,-4.23084802144e-05,7.65332335452e-05
1061,-0.0465544275939,0.0675533264875,-0.077229373157,1772.09069189,1925.64823076,6.40310961087e-05,2.28561004245e-06,-4.63674027365e-05,7.90894513742e-05
1062,-0.043847642839,0.0272497516125,-0.0675109401345,1768.64705424,1700.10364752,5.04492125607e-05,1.09333431914e-06,-4.4367332957e-05,6.71921026732e-05
1063,-0.0147208776325,0.0575922615826,-0.0658065676689,1373.27665493,1965.08793853,4.99110184079e-05,3.24014311213e-08,-1.9162849846e-05,5.34633109953e-05
1064,-0.0118861664087,0.0481241121888,-0.0736891403794,1213.80565267,1803.80217267,5.60606538045e-05,2.20683179743e-08,-1.78186785746e-05,5.88243376345e-05
1065,-0.00990577880293,0.0634166821837,-0.0646435841918,1620.87866832,2291.58998378,4.85767967591e-05,-1.59658886965e-07,-1.52216801791e-05,5.09060921876e-05
1066,-0.0137671530247,0.0655499994755,-0.0603693090379,1476.41030199,2107.05257211,4.52619528107e-05,-2.02355844595e-07,-1.73510565233e-05,4.84741630418e-05
1067,-0.00884294509888,0.0579190030694,-0.0579836703837,1496.67031176,2140.60852174,4.24689880732e-05,-1.06956466761e-07,-1.35093361525e-05,4.4566002187e-05
1068,-0.0210884120315,0.0636639818549,-0.064332716167,1448.80827713,1914.51596709,4.95482901788e-05,7.07022178814e-08,-2.36980604143e-05,5.49239121498e-05
1069,-0.0160839781165,0.0646400898695,-0.0695142671466,1572.90527405,2258.94460912,5.39494620458e-05,4.53361400071e-08,-2.05231893486e-05,5.77212942633e-05
1070,-0.0171828176826,0.0581135675311,-0.0579405389726,1436.84099912,1922.20857624,4.33845140655e-05,-3.0797238403e-08,-1.98699495718e-05,4.77182554706e-05
1071,0.01169826556,0.0369987078011,-0.0617286190391,710.921194824,1662.4529412,4.19576999044e-05,-2.18660779149e-08,1.6332826695e-06,4.19894828698e-05
1072,0.0113356038928,0.0200240109116,-0.0723433941603,-167.247246242,840.161812469,4.94946708657e-05,-1.94534290354e-07,2.86100631533e-06,4.95776728461e-05
1073,0.00401774980128,0.034769333899,-0.0732587128878,571.290611548,1415.55719968,5.23094969216e-05,-1.40719859444e-07,-4.28704702877e-06,5.24850649471e-05
1074,-0.00054672441911,0.0419688522816,-0.0639095380902,1021.40864595,1738.82422595,4.53650376518e-05,3.40542101435e-08,-7.64880486714e-06,4.60053476971e-05
1075,0.00472156656906,0.0434140004218,-0.0560262203217,1142.35666339,2133.15406746,3.82426403673e-05,1.43878464458e-07,-3.06007743231e-06,3.83651445608e-05
1076,0.0139659270644,0.0376410521567,-0.0503909066319,812.561613261,2134.87191376,3.2156022248e-05,2.99573977105e-07,3.73827414272e-06,3.23739741914e-05
1077,0.0102345393971,0.0509379468858,-0.055001616478,1218.3364392,2256.05319467,3.71990470643e-05,7.19503863767e-08,5.06326216575e-08,3.71991511061e-05
1078,0.0203658677638,0.0373046174645,-0.0589318089187,586.803790541,1801.06795751,3.90178943438e-05,-5.1586345777e-08,7.61037900782e-06,3.97531962089e-05
1079,-0.0491781942546,0.0536787211895,-0.144812867045,3163.44699246,3771.96192296,0.000139763273194,2.22224513426e-05,-5.85699722311e-05,0.000153160215215
1080,0.00187132402789,0.063168078661,-0.065099671483,1712.33753054,2705.47120894,4.76957143172e-05,-3.61350129425e-07,-7.07593373923e-06,4.82190893363e-05
1081,0.00204408238642,0.0598297081888,-0.0411346592009,2132.44254421,3178.74222009,2.72117873547e-05,1.32679657268e-07,-2.48408142787e-06,2.7325256366e-05
1082,-0.00550916418433,0.0519319623709,-0.0490604527295,1505.86823717,2339.01846513,3.44045777657e-05,5.43879682685e-08,-9.45574449121e-06,3.56803732207e-05
1083,0.00652373069897,0.0489771962166,-0.0639285966754,950.718215252,1998.42210986,4.55239610431e-05,-2.031158929e-07,-3.14428375593e-06,4.5632869792e-05
1084,0.013531671837,0.0574410967529,-0.0672998055816,1384.62971591,2605.80456338,4.86767660531e-05,-6.55216302838e-07,6.32621282994e-07,4.86852859854e-05
1085,0.0110909231007,0.0567720606923,-0.0604457743466,1384.71502428,2499.87924211,4.22771797447e-05,-2.16700616964e-07,-3.21800452582e-07,4.2278959801e-05
1086,0.017498511821,0.0502268411219,-0.0621891282499,1080.67104084,2283.26521339,4.30698770488e-05,-3.46685630304e-07,4.23296123114e-06,4.32787760999e-05
1087,0.0132015068084,0.0355629958212,-0.0744138658047,370.219065175,1423.16693871,5.32297417057e-05,-8.30999588429e-07,2.73934534947e-06,5.33066597651e-05
1088,0.0158355925232,0.0476574040949,-0.0740367472172,848.708162482,2048.72828184,5.44039139599e-05,-1.27033157524e-06,3.10106372813e-06,5.45070288376e-05
1089,-0.00190776330419,0.0496839545667,-0.0610880628228,1316.42244009,2011.06133461,4.38207843795e-05,-1.17824372281e-08,-8.67609956925e-06,4.46714224779e-05
1090,0.00191947165877,0.0468237809837,-0.0737053304911,1182.16169164,1952.14663436,5.50093565935e-05,-5.03463484016e-07,-7.11290785499e-06,5.54695974969e-05
1091,-0.0396768935025,0.0624178871512,-0.146841481328,2836.26294885,3533.83698181,0.000148592391421,1.74709674682e-05,-4.86679731191e-05,0.00015733246677
1092,0.0366830416024,0.0592571049929,-0.144990757108,1452.25924879,3480.62715938,0.000144397010316,-3.9291197051e-05,2.09450217215e-05,0.000151105885686
1093,0.0334716029465,0.0424582138658,-0.150778993964,362.717679055,2502.58559912,0.000137732433159,-3.97628478373e-05,2.4195380591e-05,0.000145384743539
1094,-0.0529620163143,0.185619622469,-0.199019417167,1592.56978486,4096.05581069,0.000435652130248,7.16884836839e-05,-0.000121555049329,0.000457938475453
1095,0.043121214956,0.102550379932,-0.185493141413,191.613828793,3051.78040388,0.00025537543628,-8.56863092311e-05,8.98575755005e-06,0.000269517162503
1096,0.0402908660471,0.077160358429,-0.175267219543,264.473315652,3289.74948329,0.000203023949993,-6.87573810433e-05,1.76211457978e-05,0.00021507395588
1097,0.0392286889255,0.0714613571763,-0.163919121027,867.236627533,3880.96497182,0.000181924084538,-5.79867848666e-05,1.92460722655e-05,0.000191909486612
1098,0.0297402143478,0.0802002847195,-0.185271397233,280.082070263,2392.87008698,0.000218241702755,-6.17863350975e-05,6.73774208311e-06,0.000226919345131
1099,0.00195361115038,0.0488963872194,-0.167164996266,549.782395687,965.196782838,0.000159654089761,-1.8042531529e-05,-8.7853362871e-06,0.000160910358446
1100,0.00168240698986,0.0384869538248,-0.155137524009,150.696659572,917.302502691,0.000137962266322,-1.44730379008e-05,-7.3550038896e-06,0.000138914188754
1101,0.00938580092043,0.0568561702967,-0.148806259036,1548.41946576,2620.40648309,0.000145660209602,-1.93058741299e-05,-3.80584080316e-06,0.000146983325113
1102,0.0288128647953,0.0813631415367,-0.057137530297,1095.13472111,2211.87138455,3.59826052935e-05,-5.85389093419e-08,7.92044599031e-06,3.68440602431e-05
1103,0.0303993783891,0.0776761695743,-0.0524050779641,1134.94778422,2595.76012596,3.26255666344e-05,1.07453318084e-07,8.85229105337e-06,3.38053575832e-05
1104,0.0266625545919,0.0727634355426,-0.0495660938323,1351.05655993,2917.40164641,3.07427752775e-05,1.7215933357e-07,7.5217998618e-06,3.16500449251e-05
1105,0.0294482819736,0.0743804425001,-0.0563366413116,1192.62078445,2618.61059999,3.6286774277e-05,-5.71307118791e-08,8.64338390305e-06,3.73020285862e-05
1106,0.0334778763354,0.0793177932501,-0.0587278679013,1365.26101991,2510.69010192,3.74046228902e-05,-1.1481045763e-07,1.01167405171e-05,3.87487733185e-05
1107,-0.0211840514094,0.0281902439892,-0.0842945426702,978.506280476,1390.45452155,6.27261340804e-05,6.78265373397e-07,-2.61278027467e-05,6.79535872266e-05
1108,-0.00680821156129,0.0397022664547,-0.0740213692188,851.12254864,1625.11654795,5.46954586645e-05,1.28718168319e-08,-1.34544011019e-05,5.63259644677e-05
1109,-0.00451514683664,0.0723857805133,-0.0642459765077,1719.36338843,2810.48648133,4.72917395673e-05,-3.7117483913e-07,-1.08110536709e-05,4.85131454715e-05
1110,-0.0300537422299,0.0334279499948,-0.0709058940411,1391.39274286,1617.58837913,5.29465176694e-05,8.79310293173e-07,-3.26907427183e-05,6.22317570006e-05
1111,0.0482944659889,0.0664809942245,-0.0733936280012,981.021442571,2774.13021662,5.45422605717e-05,-3.08531956566e-06,2.34098251544e-05,5.94339742812e-05
1112,0.0440387688577,0.0592723973095,-0.0715864151716,363.811064403,2324.33839726,5.24862075898e-05,-2.40500749576e-06,2.14607249873e-05,5.67551650971e-05
1113,-0.0572705045342,0.192721411586,-0.222154870629,-493.039252905,6480.46338378,0.000482942256931,6.97359378299e-05,-0.000132710851924,0.000505676274679
1114,-0.0566551722586,0.192661866546,-0.21875448525,-196.533608967,7279.87585292,0.00047960058626,7.06369978358e-05,-0.000131757702773,0.000502360826543
1115,-0.0560789965093,0.188886508346,-0.219264537096,626.80688577,5798.50508498,0.000468810807107,6.77185021109e-05,-0.000128388053239,0.000490767623833
1116,-0.0562796518207,0.189235821366,-0.224653929472,270.267056635,4842.47517746,0.000474982381912,6.45162828372e-05,-0.000129233944527,0.000496459491093
1117,-0.0515497364104,0.19211114943,-0.217425778508,368.422260738,6036.81716438,0.000473326329911,5.80035236411e-05,-0.000126213125085,0.000493286910717
1118,0.0359489992261,0.0515190623701,-0.050689112395,288.092798753,2548.10330919,3.18903352492e-05,3.50511732548e-07,1.4279684399e-05,3.4943178552e-05
1119,0.0252671372145,0.047619458288,-0.0444956198335,893.91932897,2699.98059638,2.64276280308e-05,5.86705350444e-07,8.65706539825e-06,2.78156166175e-05
1120,0.028451487422,0.0655156522989,-0.0451125502586,1198.9644509,2988.66658805,2.69509979532e-05,4.72040959145e-07,8.93567143246e-06,2.83976290787e-05
1121,0.0254430025816,0.0572690702975,-0.0572419799864,875.764122193,2502.61141727,3.81193272211e-05,-6.17781510421e-08,8.18336162693e-06,3.89878741642e-05
1122,-0.0212146360427,0.0444921255112,-0.16796785593,870.416295073,993.158302234,0.000156623835196,4.90325160458e-06,-3.06391020702e-05,0.000159667849624
1123,-0.0268805343658,0.0595323704183,-0.156903669238,2504.05514561,2831.35355428,0.000158494393898,1.00363380959e-05,-3.71263022483e-05,0.000163093725502
1124,-0.0482289642096,0.0555104240775,-0.160688579082,3297.22652828,3656.98999123,0.000160150560431,3.01204716813e-05,-5.7995272198e-05,0.000172970796431
1125,-0.0468373410404,0.074304997921,-0.0133752357215,333.79142423,353.954272124,1.09132326347e-05,-1.43843860501e-07,-4.11569868799e-05,4.25795362425e-05
1126,-0.0032993874047,0.0214309263974,-0.0408712811768,2179.18318577,3030.19346179,2.65265531069e-05,2.87875780869e-07,-5.35282407847e-06,2.70627718058e-05
1127,-0.0204780679196,0.0863936841488,-0.0559851527214,432.033098373,1452.05776848,4.211850395e-05,-1.19555760684e-07,-1.99171508806e-05,4.65905094173e-05
1128,-0.0285397786647,0.0816454291344,-0.0570431761444,352.52266471,1252.07247627,4.39575748578e-05,-1.23442294087e-07,-2.69027295239e-05,5.15367876494e-05
1129,-0.0325028970838,0.0872805938125,-0.0534658208489,421.750948273,1028.60116356,4.1437327565e-05,-7.57999950596e-08,-2.9625974797e-05,5.09387499262e-05
1130,-0.0330593585968,0.0786307305098,-0.0581590868533,636.285830876,1178.51068784,4.5309155274e-05,-6.07640144257e-08,-3.10256605112e-05,5.49137037001e-05
1131,-0.0280121844262,0.0776081904769,-0.0595205724239,798.635344589,1401.68836461,4.60065034235e-05,-9.20690638636e-08,-2.71345892515e-05,5.34124776416e-05
1132,-0.0520780347288,0.177979618311,-0.191243857145,1408.91315052,1872.38178102,0.000408040602445,7.36487893413e-05,-0.000115542672667,0.000430431628278
1133,-0.034817378968,0.164492934942,-0.214304342866,618.158504072,1657.63379072,0.000400645300342,2.2709331361e-05,-8.94952444669e-05,0.000411146894916
1134,0.0276604257524,0.0978020355105,-0.179926633835,677.462016271,3156.99237236,0.000240857236748,-5.86668528385e-05,-1.93313100949e-06,0.000247906726636
1135,0.0167568214238,0.0645559802651,-0.0512625835836,1468.42171143,2908.6915751,3.32821993302e-05,8.87391212723e-08,3.31373866346e-06,3.3446876249e-05
1136,0.0158086810261,0.0515343546867,-0.048739310354,1145.30538043,2569.76398628,3.10796227521e-05,3.44253495463e-07,3.78021737481e-06,3.13105653779e-05
1137,0.0242461189628,0.0578590892255,-0.0653354525566,1167.3801966,2587.64287273,4.60094154797e-05,-7.29692823122e-07,7.39896464379e-06,4.6606259689e-05
1138,0.00841765012592,0.0685729980469,-0.0677109435201,2116.38812814,3350.82284079,4.93040406053e-05,-5.99371012933e-07,-3.29797564003e-06,4.94178541516e-05
1139,0.034794408828,0.0835952311754,-0.0162961166352,1931.20651094,4846.81967773,6.24823123539e-06,2.44077592042e-07,6.16350203188e-06,8.78001849308e-06
1140,0.0119702462107,0.0600905492902,-0.04126124084,2128.48189086,3429.39123476,2.54228649213e-05,3.4709230573e-07,2.48791566687e-06,2.55466682415e-05
1141,0.0369812473655,0.0562368221581,-0.0711505711079,880.869750805,2340.39930742,5.18829562829e-05,-2.12011928073e-06,1.66901823067e-05,5.45426277681e-05
1142,0.025718268007,0.049416333437,-0.0703171268106,764.666975614,2157.03562265,5.05201402881e-05,-1.28635364432e-06,9.6256646333e-06,5.14450454375e-05
1143,-0.0113891577348,0.0592494569719,-0.15664370358,1825.63735103,2644.47532952,0.00015753100427,-3.53984605292e-06,-2.29273283805e-05,0.000159230054333
1144,0.00211976864375,0.0696148052812,-0.0669317096472,2063.90053611,3148.19492591,4.92186706508e-05,-4.76316463927e-07,-7.11176607456e-06,4.97320986356e-05
1145,-0.0253656134009,0.0550025738776,-0.0535480752587,1424.24998633,1713.74594038,4.05004166032e-05,7.36375424031e-08,-2.59115041655e-05,4.80800916767e-05
1146,-0.00755775626749,0.081458248198,-0.0580086410046,677.65765298,2142.74725264,4.17518870469e-05,-3.27521647688e-07,-1.09151640508e-05,4.31563222328e-05
1147,-0.0120585365221,0.084727704525,-0.0533336810768,682.093836044,1837.0128986,3.89027179364e-05,-2.45816951319e-07,-1.33889167691e-05,4.11429821605e-05
1148,0.00107428827323,0.0848339349031,-0.0539158470929,815.748104565,2283.7360342,3.70526716211e-05,-2.49549223364e-07,-4.78266427043e-06,3.73608970262e-05
1149,0.00833826046437,0.0379316136241,-0.0428822562099,1143.40678142,2392.23402668,2.66871403555e-05,4.27948939949e-07,1.12134144092e-06,2.67141162548e-05
1150,-0.0483283661306,0.0632408186793,-0.0511096566916,1277.79962999,1283.11980921,4.03098576635e-05,2.7755422314e-07,-4.48630016669e-05,6.03129387425e-05
1151,-0.0389998964965,0.0664904937148,-0.158845826983,3995.85325339,4521.5841391,0.000168731347872,2.23385277756e-05,-4.86529612599e-05,0.000177020869439
1152,-0.0457209832966,0.0699007362127,-0.166851490736,4183.51415572,4257.36967332,0.000183498580448,3.28701585234e-05,-5.56724865661e-05,0.000194554881996
1153,-0.0493300296366,0.0614286512136,-0.0731615498662,1594.2249341,1621.78187239,5.96386949585e-05,2.17412906854e-06,-4.90544310577e-05,7.72517830212e-05
1154,-0.0277779120952,0.0663963928819,-0.0743100717664,1751.04563264,2160.56975964,5.98128156086e-05,6.22883928714e-07,-3.01973623656e-05,6.70062802225e-05
1155,-0.0383850745857,0.0679573714733,-0.070716291666,1596.47617531,1775.72599657,5.70471282146e-05,1.08869612547e-06,-3.83554927191e-05,6.87510284906e-05
1156,-0.0432924218476,0.0635701939464,-0.0721291825175,1503.58504143,1618.28086429,5.84384393621e-05,1.59605499549e-06,-4.32984229655e-05,7.27485533734e-05
1157,0.0349091030657,0.095355220139,-0.189354509115,414.051454177,2462.40399028,0.000246446414678,-7.38709527787e-05,4.94164411571e-06,0.000257326976469
1158,0.0534514971077,0.0863842442632,-0.0569430589676,562.97889995,1157.07456472,3.57047801692e-05,1.42276736272e-07,2.01562737554e-05,4.10015480354e-05
1159,0.0230340044945,0.0633857250214,-0.0790114626288,2045.8100238,3440.467468,6.10106238438e-05,-2.59992360675e-06,5.54615939064e-06,6.13173361175e-05
1160,0.0240475554019,0.0541227124631,-0.0805873423815,1271.56438542,2558.11320268,6.18402154557e-05,-3.00968256535e-06,7.97026299725e-06,6.24243184103e-05
1161,0.023188393563,0.0668951794505,-0.0726197361946,2466.72883092,3874.22052131,5.36519624957e-05,-1.55376474193e-06,5.34943231957e-06,5.39403716214e-05
1162,-0.0131557043642,0.0774488896132,-0.0369800068438,1679.44681068,2384.05352826,2.73104175696e-05,-2.23340466153e-07,-1.21598552573e-05,2.98960008808e-05
1163,-0.00504860980436,0.0783001929522,-0.036925856024,2138.01802945,3034.79022954,2.58268000947e-05,-1.75571675258e-07,-5.84800751251e-06,2.6481193712e-05
1164,-0.010859683156,0.0840461850166,-0.0451954640448,1250.97499621,2140.53340622,3.2713022052e-05,-1.84006413387e-07,-1.15643198089e-05,3.46973941785e-05
1165,-0.00741320895031,0.0734386220574,-0.0423014946282,1708.6208447,2647.4209249,3.00769778836e-05,-2.34528873206e-07,-8.87935154911e-06,3.13611620693e-05
1166,-0.0102777732536,0.0725883617997,-0.0352120734751,2224.4337987,2997.66221672,2.56384777925e-05,-2.25802675724e-07,-9.6743787766e-06,2.74039437869e-05
1167,-0.0129505684599,0.0738433524966,-0.0421109944582,1616.23917543,2278.55367762,3.07949945318e-05,-2.73020908009e-07,-1.3102582209e-05,3.34676543721e-05
1168,-0.0168638993055,0.0717893689871,-0.0337755270302,1838.41776161,2387.43692092,2.56122489785e-05,-2.58701930141e-07,-1.50120916934e-05,2.9688669917e-05
1169,-0.0135683501139,0.0805137827992,-0.0315198749304,2062.14813514,2648.13953434,2.3835538851e-05,-1.66984159364e-07,-1.14770861998e-05,2.64553265651e-05
1170,-0.0314204283059,0.0638767778873,-0.0705391094089,1491.48764643,1701.36811845,5.62159626898e-05,7.25318502269e-07,-3.29528218087e-05,6.51663180886e-05
1171,0.0171878207475,0.0634544864297,-0.0649506002665,1608.72257969,2974.77042387,4.59747887869e-05,-5.62980116339e-07,2.52191412074e-06,4.60473473877e-05
1172,0.0166115425527,0.0579878203571,-0.0573337338865,1382.54225342,2619.78395506,3.88373833323e-05,-8.56937590923e-08,3.1522529693e-06,3.89651945498e-05
1173,0.00591438729316,0.0571084991097,-0.0667463168502,1453.70246019,2438.64893397,4.87473214955e-05,-4.34193613734e-07,-4.3222044968e-06,4.89404876232e-05
1174,0.0164509695023,0.057949591428,-0.0746984481812,1553.22933278,2822.62592857,5.62114191841e-05,-1.51178835745e-06,2.10104345193e-06,5.62709830581e-05
1175,-0.0030564982444,0.080074839294,-0.0574853159487,979.249017537,2342.94449382,4.07342859173e-05,-3.87570460203e-07,-8.10057244086e-06,4.15337397055e-05
1176,0.00248120492324,0.0785257443786,-0.0518284104764,1531.97698589,2687.95949644,3.54131941154e-05,-3.14106154329e-07,-3.99204038942e-06,3.56388743734e-05
1177,-0.00776635669172,0.0793440937996,-0.0529993064702,1152.16683734,2185.84087789,3.80781246617e-05,-3.64044897035e-07,-1.06452600002e-05,3.95398238098e-05
1178,-0.0116261932999,0.0657258629799,-0.0745761096478,2021.23845338,2767.40626457,5.86113785514e-05,-1.82352095111e-07,-1.7861040466e-05,6.12726995856e-05
1179,-0.0112658916041,0.0695686861873,-0.0667731687427,1817.15824963,2621.7795457,5.07334739401e-05,-1.78013578979e-07,-1.62074663152e-05,5.32597317982e-05
1180,-0.0192772876471,0.0689978003502,-0.0678741708398,1669.45676983,2297.59878276,5.27277357832e-05,7.23313316983e-08,-2.23993643641e-05,5.72883136125e-05
1181,-0.0168743971735,0.0807403773069,-0.0564816519618,668.913293661,1744.98716703,4.21297643526e-05,-2.88365677165e-07,-1.7643681013e-05,4.56760295873e-05
1182,-0.0174169261009,0.0765563324094,-0.0542001910508,1095.74345682,1852.48155657,4.05209574553e-05,-3.34133299257e-07,-1.8206935405e-05,4.4424679346e-05
1183,-0.0107545163482,0.0748172998428,-0.0558274164796,1301.38247956,2156.92792892,4.09342849551e-05,-3.71849360158e-07,-1.36347841001e-05,4.31469731752e-05
1184,-0.0116720711812,0.0789768770337,-0.058970041573,888.47471013,2083.58894121,4.33793392825e-05,-3.42532554651e-07,-1.42351151535e-05,4.56565757429e-05
1185,-0.00746661331505,0.0775852501392,-0.0599411204457,1207.83206021,2375.36446704,4.35888058954e-05,-3.81494426574e-07,-1.15989971332e-05,4.51072751546e-05
1186,0.0293200276792,0.0748632028699,-0.0455320514739,1197.87966564,3070.24888511,2.70979396455e-05,3.01976371087e-07,8.51181086663e-06,2.84049370179e-05
1187,-0.0139430174604,0.05138143152,-0.049733325839,1551.08562438,2053.13129955,3.60535268485e-05,5.07823560012e-08,-1.60214143706e-05,3.94530746013e-05
1188,-0.0522126816213,0.0668498650193,-0.0712576210499,1906.1408892,1860.75883801,5.82456564434e-05,1.96633238212e-06,-5.07046786019e-05,7.72488665915e-05
1189,0.023903619498,0.0783019289374,-0.0584643706679,1260.79620467,2668.36907436,3.78020874854e-05,-2.17574537004e-07,5.78197898392e-06,3.82423382902e-05
1190,0.0161757040769,0.0113454759121,-0.0298147518188,1624.75133137,3136.40987975,1.50292540874e-05,3.02055163464e-07,7.00426888537e-06,1.6584013337e-05
1191,-0.0517233163118,0.0600446723402,-0.173106148839,3545.93163701,3774.2532761,0.000179544407243,3.93902055443e-05,-6.16744152861e-05,0.00019388531653
1192,-0.0536807663739,0.192493647337,-0.210901752114,309.687431148,7777.67557545,0.000469178311135,6.77810096506e-05,-0.000127878773591,0.000490994433415
1193,-0.0559413060546,0.189082384109,-0.215277388692,742.026562258,6846.13719202,0.00046533443834,7.00130738956e-05,-0.000128194577342,0.000487721046995
1194,-0.0477116294205,0.0503062605858,-0.0678289234638,1670.01014167,1625.602885,5.34290391716e-05,1.57702715511e-06,-4.74054620104e-05,7.14452732507e-05
1195,-0.00597215257585,0.0788045823574,-0.0444837920368,1534.89838556,2430.32482714,3.13890002722e-05,-2.3678167123e-07,-8.09810850223e-06,3.24176613124e-05
1196,-0.016580985859,0.0657793879509,-0.0505132488906,1409.34014077,2004.53335554,3.75401583379e-05,-2.46928865005e-07,-1.78574501449e-05,4.15717811451e-05
1197,-0.0181035231799,0.0688740834594,-0.0591780729592,1363.69188913,1996.83939591,4.47733424981e-05,-2.14993677748e-07,-2.02105134379e-05,4.91239582501e-05
1198,0.034193251282,0.0122196311131,-0.0145055726171,1752.98440881,5233.02427166,5.32091389114e-06,3.95801155043e-07,7.29834172327e-06,9.0407176209e-06
1199,0.0434592664242,0.0160095319152,-0.0177837982774,521.275651695,5237.28031857,8.77589949325e-06,5.86673002506e-07,9.6322658288e-06,1.30438162408e-05
1200,0.00473363371566,0.0709447339177,-0.0439584106207,1927.29647361,3180.39629363,2.89913336121e-05,-9.52731697824e-08,-1.52573598934e-06,2.90316098743e-05
1201,0.00700015993789,0.0640589743853,-0.0518819317222,1712.91019159,2903.14052325,3.51114388071e-05,-8.33406395263e-08,-1.89889934154e-06,3.51628482845e-05
1202,-0.0100587047637,0.0738768056035,-0.0496568642557,1522.71083283,2270.0160391,3.59863645581e-05,-3.10958674094e-07,-1.22094552763e-05,3.80024463364e-05
1203,-0.00332944979891,0.0792152285576,-0.0507621690631,1408.14937695,2484.21348952,3.56066957107e-05,-3.253209426e-07,-7.3888956587e-06,3.63667209439e-05
1204,-0.00521860504523,0.0726992785931,-0.0555597953498,1462.23229182,2459.27267744,3.99352476027e-05,-3.78733834038e-07,-9.87079318957e-06,4.11387894644e-05
1205,-0.0557146780193,0.192860662937,-0.215764790773,35.7124312868,7813.14142771,0.00047674183887,7.01968328502e-05,-0.000130765803381,0.000499309594947
1206,0.0301989912987,0.0692125707865,-0.070546515286,2152.70100606,3762.40879333,5.08015716024e-05,-1.53244167783e-06,9.51239569084e-06,5.1707192213e-05
1207,0.00229769409634,0.0792444944382,-0.0582589358091,1139.25571604,2570.49402904,4.04094645199e-05,-3.94712884038e-07,-4.92466443704e-06,4.07103542218e-05
1208,-0.00831535086036,0.0685244053602,-0.0595129281282,1567.15234729,2396.98219729,4.38243860458e-05,-3.22283890044e-07,-1.30278578577e-05,4.57209553657e-05
1209,-0.0115594668314,0.0754814371467,-0.0619683414698,1383.94101677,2369.86198316,4.60963069716e-05,-2.92204698242e-07,-1.50039302268e-05,4.84775496725e-05
1210,-0.00266346125863,0.0652764514089,-0.0611523389816,1637.26550404,2535.89239934,4.45485569059e-05,-2.9749724073e-07,-9.51133572366e-06,4.55535721349e-05
1211,0.00385553529486,0.0680487081409,-0.0590675324202,1625.84087722,2721.43551522,4.17383138515e-05,-3.62950891123e-07,-4.81278962914e-06,4.2016443454e-05
1212,-0.00234360154718,0.0758036673069,-0.0604763589799,1378.14524312,2582.45362768,4.33905907404e-05,-4.30434057932e-07,-8.50929977694e-06,4.42191906413e-05
1213,-0.00694088637829,0.0687318816781,-0.0681744366884,2060.16631546,2968.40877026,5.16218282813e-05,-2.84342210824e-07,-1.34544878982e-05,5.33471391005e-05
1214,0.000432000233559,0.0578348971903,-0.0581289492548,1534.46590984,2443.83976253,4.13689926642e-05,-1.04338726384e-07,-6.92712671755e-06,4.19450774845e-05
1215,0.0171009041369,0.0691743344069,-0.0671286284924,2179.005383,3515.83239054,4.78062882333e-05,-7.45694279205e-07,1.89227575133e-06,4.78495346071e-05
1216,-0.0296561364084,0.0699542611837,-0.069743655622,1581.41511433,1983.44080888,5.54420866103e-05,5.39832803475e-07,-3.07211678747e-05,6.3386958775e-05
1217,0.0114012248814,0.0625618100166,-0.0658978447318,1660.36936623,2858.20189052,4.74444075946e-05,-5.37918047051e-07,-1.00611635263e-06,4.74581229922e-05
1218,0.0238964818418,0.0595555193722,-0.0716887712479,1503.49212586,2979.73227057,5.26640398332e-05,-1.46029360863e-06,6.9016133863e-06,5.31344127314e-05
1219,0.0211206395179,0.0683993026614,-0.0688329711556,2130.05470863,3657.24782907,4.94204335188e-05,-9.8543177094e-07,4.16640309465e-06,4.96055363816e-05
1220,0.0041346247308,0.073867559433,-0.0564988255501,1533.05040563,2738.66424421,3.91864095167e-05,-3.68461420435e-07,-4.02456592992e-06,3.93942582815e-05
1221,0.0124596087262,0.072393424809,-0.0508420392871,1712.39142352,3023.16044295,3.32965463271e-05,-1.30925356759e-07,1.24479856582e-06,3.3320063959e-05
1222,0.00404484057799,0.0722668990493,-0.0506478063762,1707.32750564,2853.96078604,3.44604944843e-05,-2.41847754141e-07,-3.21611652046e-06,3.461109036e-05
1223,0.0139576233923,0.0733582600951,-0.0569636076689,1480.09493712,2822.32804632,3.82201596656e-05,-3.05472553483e-07,1.24739851966e-06,3.82417301048e-05
1224,0.0391851998866,0.0662849843502,-0.0732491239905,1474.85688387,3097.94340916,5.41071196891e-05,-2.47900489222e-06,1.61222025346e-05,5.65123993551e-05
1225,-0.0235165413469,0.070182479918,-0.0658572539687,1379.67561057,1924.95525728,5.12617308291e-05,1.09376492335e-07,-2.5269291353e-05,5.71516762334e-05
1226,-0.0316976942122,0.0740832537413,-0.0618603378534,1024.89001578,1438.61457522,4.8424930335e-05,1.24922367262e-07,-3.08541291239e-05,5.74192194961e-05
1227,-0.0194414891303,0.0784442350268,-0.0595272928476,917.469578256,1787.17472492,4.49896518415e-05,-2.20635505568e-07,-2.02228709683e-05,4.93262806529e-05
1228,0.000524054339621,0.0734486281872,-0.045666757971,1894.40180963,2931.54243569,3.11103746031e-05,-2.04871346029e-07,-4.33909478766e-06,3.14121811371e-05
1229,-0.000806698109955,0.0641507282853,-0.0517748855054,1760.48848061,2614.27856642,3.62457520446e-05,-1.67304397694e-07,-6.67875575343e-06,3.6856319817e-05
1230,-0.00388653855771,0.0712918490171,-0.0478455610573,1667.41204527,2679.64765025,3.36367901422e-05,-2.65663178196e-07,-7.67982407451e-06,3.45033900626e-05
1231,0.00301644485444,0.0750084519386,-0.0622732378542,1642.30057041,2951.84817329,4.41159683961e-05,-4.31504194745e-07,-5.51304320186e-06,4.44612022863e-05
1232,0.0111184613779,0.0753318220377,-0.0607115700841,1560.64836396,2934.79544339,4.15450243844e-05,-4.26595668429e-07,-6.88062493799e-07,4.15529116304e-05
1233,0.0277065113187,0.0671814233065,-0.0758853554726,2471.53428291,3953.27365691,5.73621895834e-05,-2.41125077679e-06,7.97392070799e-06,5.7963939959e-05
1234,-0.0157782752067,0.0764724910259,-0.0605453252792,1066.04618665,2007.63981929,4.54292165315e-05,-2.61980622838e-07,-1.77835846179e-05,4.87866603732e-05
1235,0.015602231957,0.0747255384922,-0.0626708418131,1829.25388536,3256.50675846,4.27770276972e-05,-4.79368209813e-07,1.49948921723e-06,4.28059851002e-05
1236,0.0174908638,0.0656264647841,-0.0751801654696,2517.39226937,3852.78167858,5.68733070424e-05,-1.60207592076e-06,1.75785254579e-06,5.69230159669e-05
1237,-0.0218695886433,0.0717291682959,-0.0552778691053,1175.22174774,1773.90572606,4.19781041074e-05,-2.68320478614e-07,-2.23684380765e-05,4.75665874571e-05
1238,0.0199904236943,0.0761708840728,-0.0598358921707,1566.24720314,2894.56022754,3.9635246576e-05,-3.44721565644e-07,3.90576027771e-06,3.98287153627e-05
1239,0.00365108670667,0.0511749796569,-0.0496262796223,1516.49485739,2616.55720459,3.34677638422e-05,1.7529174169e-07,-3.17967960592e-06,3.36189277965e-05
1240,0.00931698456407,0.0446679890156,-0.0491598546505,1099.1691868,2334.62207562,3.19936983328e-05,2.92672857892e-07,5.24428943826e-07,3.19993346201e-05
1241,0.00915384385735,0.0644224435091,-0.0621290616691,1655.88336311,2820.52860415,4.40554555264e-05,-3.72723512833e-07,-2.12249490125e-06,4.41081292854e-05
1242,0.0141920000315,0.0678792595863,-0.0595981702209,1588.44785583,2895.89475075,4.09179615024e-05,-3.19342191461e-07,1.05774812867e-06,4.0932876567e-05
1243,-0.0239549633116,0.0762392804027,-0.0606661103666,1027.15501918,1710.21118019,4.65849621846e-05,-1.07339147262e-07,-2.4160651838e-05,5.24776840254e-05
1244,0.0294765383005,0.0623718611896,-0.0730858296156,1489.73529931,2966.50685915,5.40782185419e-05,-1.9906856622e-06,1.03048721077e-05,5.50872665798e-05
1245,-0.00931090675294,0.0656102001667,-0.0507339164615,1466.64660889,2298.14138007,3.67325614146e-05,-2.26252544393e-07,-1.23991034134e-05,3.87694470395e-05
1246,-0.00277306302451,0.0693246647716,-0.0390671156347,2286.79771311,3183.1190301,2.67353016191e-05,-1.10065870054e-07,-4.98703205226e-06,2.7196671779e-05
1247,0.01005867403,0.0583930760622,-0.0552768856287,1485.25229,2694.93319173,3.76373245624e-05,-3.43970524171e-08,-4.74029997471e-07,3.76403252883e-05
1248,0.0350489467382,0.0644700527191,-0.0697979256511,1507.10368052,3029.92983485,5.03836345694e-05,-1.66183487133e-06,1.35365866309e-05,5.21968534031e-05
