node,x_m,y_m,z_m,T_degC,vm_Pa,ux_m,uy_m,uz_m,u_m
1.000000000000000000e+00,0.000000000000000000e+00,1.000000000000000021e-02,0.000000000000000000e+00,2.000000000000000000e+01,1.102754950508859754e+07,0.000000000000000000e+00,0.000000000000000000e+00,0.000000000000000000e+00,0.000000000000000000e+00
2.000000000000000000e+00,0.000000000000000000e+00,0.000000000000000000e+00,0.000000000000000000e+00,2.000000000000000000e+01,1.017487169340319186e+07,0.000000000000000000e+00,0.000000000000000000e+00,0.000000000000000000e+00,0.000000000000000000e+00
3.000000000000000000e+00,0.000000000000000000e+00,9.000000000000001055e-03,0.000000000000000000e+00,2.000000000000000000e+01,0.000000000000000000e+00,0.000000000000000000e+00,0.000000000000000000e+00,0.000000000000000000e+00,0.000000000000000000e+00
4.000000000000000000e+00,0.000000000000000000e+00,8.000000000000000167e-03,0.000000000000000000e+00,2.000000000000000000e+01,3.227944509303415194e+06,0.000000000000000000e+00,0.000000000000000000e+00,0.000000000000000000e+00,0.000000000000000000e+00
5.000000000000000000e+00,0.000000000000000000e+00,6.999999999999999278e-03,0.000000000000000000e+00,2.000000000000000000e+01,0.000000000000000000e+00,0.000000000000000000e+00,0.000000000000000000e+00,0.000000000000000000e+00,0.000000000000000000e+00
6.000000000000000000e+00,0.000000000000000000e+00,5.999999999999998390e-03,0.000000000000000000e+00,2.000000000000000000e+01,1.463409069653474726e+06,0.000000000000000000e+00,0.000000000000000000e+00,0.000000000000000000e+00,0.000000000000000000e+00
7.000000000000000000e+00,0.000000000000000000e+00,5.000000000000000104e-03,0.000000000000000000e+00,2.000000000000000000e+01,0.000000000000000000e+00,0.000000000000000000e+00,0.000000000000000000e+00,0.000000000000000000e+00,0.000000000000000000e+00
8.000000000000000000e+00,0.000000000000000000e+00,3.999999999999999216e-03,0.000000000000000000e+00,2.000000000000000000e+01,1.656505634927378269e+06,0.000000000000000000e+00,0.000000000000000000e+00,0.000000000000000000e+00,0.000000000000000000e+00
9.000000000000000000e+00,0.000000000000000000e+00,2.999999999999999195e-03,0.000000000000000000e+00,2.000000000000000000e+01,0.000000000000000000e+00,0.000000000000000000e+00,0.000000000000000000e+00,0.000000000000000000e+00,0.000000000000000000e+00
1.000000000000000000e+01,0.000000000000000000e+00,1.999999999999998307e-03,0.000000000000000000e+00,2.000000000000000000e+01,3.352382085981869604e+06,0.000000000000000000e+00,0.000000000000000000e+00,0.000000000000000000e+00,0.000000000000000000e+00
1.100000000000000000e+01,0.000000000000000000e+00,1.000000000000000888e-03,0.000000000000000000e+00,2.000000000000000000e+01,0.000000000000000000e+00,0.000000000000000000e+00,0.000000000000000000e+00,0.000000000000000000e+00,0.000000000000000000e+00
1.200000000000000000e+01,2.999999999999999889e-02,1.000000000000000021e-02,0.000000000000000000e+00,1.000000000000000000e+02,5.127491620834747188e+00,1.408295649105687183e-05,4.799498482911393643e-06,-2.407296796153664099e-06,1.507182560545474645e-05
1.300000000000000000e+01,2.899999999999999800e-02,1.000000000000000021e-02,0.000000000000000000e+00,9.733333333333342807e+01,0.000000000000000000e+00,1.313895650011676188e-05,4.639500247884957103e-06,-2.327079230774778882e-06,1.412701094387586511e-05
1.400000000000000000e+01,2.800000000000000058e-02,1.000000000000000021e-02,0.000000000000000000e+00,9.466666666666678509e+01,2.722662144595070544e+01,1.222695671135100302e-05,4.479501849142338262e-06,-2.246861749401621184e-06,1.321411347607720071e-05
1.500000000000000000e+01,2.699999999999999969e-02,1.000000000000000194e-02,0.000000000000000000e+00,9.200000000000028422e+01,0.000000000000000000e+00,1.134695720298493449e-05,4.319503591386210499e-06,-2.166644288062858601e-06,1.233312192891019244e-05
1.600000000000000000e+01,2.599999999999999881e-02,1.000000000000000194e-02,0.000000000000000000e+00,8.933333333333374071e+01,6.691531519212169599e+01,1.049895794693026611e-05,4.159505661051811144e-06,-2.086426850945679500e-06,1.148402291534109327e-05
1.700000000000000000e+01,2.499999999999999792e-02,1.000000000000000021e-02,0.000000000000000000e+00,8.666666666666714036e+01,0.000000000000000000e+00,9.682959008864313095e-06,3.999508649642355827e-06,-2.006209276707144752e-06,1.066680084504517193e-05
1.800000000000000000e+01,2.400000000000000050e-02,1.000000000000000021e-02,0.000000000000000000e+00,8.400000000000049738e+01,4.519498298966394145e+01,8.898960101481058653e-06,3.839512806260310499e-06,-1.925991517963188587e-06,9.881436778346296886e-06
1.900000000000000000e+01,2.299999999999999614e-02,1.000000000000000021e-02,0.000000000000000000e+00,8.133333333333384019e+01,0.000000000000000000e+00,8.146960742408220952e-06,3.679519713556276527e-06,-1.845773047567660655e-06,9.127908457248965816e-06
2.000000000000000000e+01,2.200000000000000219e-02,1.000000000000000021e-02,0.000000000000000000e+00,7.866666666666714036e+01,1.831459375747153047e+02,7.426960125300106616e-06,3.519528961082875246e-06,-1.765553787320072208e-06,8.406188255482929420e-06
2.100000000000000000e+01,2.099999999999999784e-02,9.999999999999998473e-03,0.000000000000000000e+00,7.600000000000035527e+01,0.000000000000000000e+00,6.738956412324417055e-06,3.359543629435065299e-06,-1.685332374813672660e-06,7.716243395518392523e-06
2.200000000000000000e+01,2.000000000000000042e-02,1.000000000000000194e-02,0.000000000000000000e+00,7.333333333333365545e+01,8.679661026106326744e+02,6.082947931861249697e-06,3.199562211892381892e-06,-1.605108783614530116e-06,7.058032877278289028e-06
2.300000000000000000e+01,1.899999999999999953e-02,1.000000000000000021e-02,0.000000000000000000e+00,7.066666666666696983e+01,0.000000000000000000e+00,5.458929230670435781e-06,3.039587210220001204e-06,-1.524881211561837939e-06,6.431505380809023820e-06
2.400000000000000000e+01,1.800000000000000211e-02,1.000000000000000194e-02,0.000000000000000000e+00,6.800000000000029843e+01,3.383362816579900937e+03,4.866894789999593310e-06,2.879614587947366122e-06,-1.444647907675101922e-06,5.836595981322890526e-06
2.500000000000000000e+01,1.699999999999999775e-02,9.999999999999998473e-03,0.000000000000000000e+00,6.533333333333359860e+01,0.000000000000000000e+00,4.306833027912373547e-06,2.719646755254516948e-06,-1.364405709838931578e-06,5.273224074958730813e-06
2.600000000000000000e+01,1.600000000000000380e-02,1.000000000000000194e-02,0.000000000000000000e+00,6.266666666666690588e+01,8.895702505208104412e+03,3.778734100364235978e-06,2.559664787222442379e-06,-1.284153819008994647e-06,4.741283186551654372e-06
2.700000000000000000e+01,1.499999999999999944e-02,1.000000000000000021e-02,0.000000000000000000e+00,6.000000000000018474e+01,0.000000000000000000e+00,3.282588211458749904e-06,2.399659652410628275e-06,-1.203888535349662660e-06,4.240648466798657995e-06
2.800000000000000000e+01,1.400000000000000029e-02,1.000000000000000021e-02,0.000000000000000000e+00,5.733333333333346360e+01,1.836107079183368842e+04,2.818375395223522876e-06,2.239585318130785290e-06,-1.123613164510792237e-06,3.771138927307011384e-06
2.900000000000000000e+01,1.299999999999999940e-02,1.000000000000000021e-02,0.000000000000000000e+00,5.466666666666679930e+01,0.000000000000000000e+00,2.386076118216946197e-06,2.079406186809638287e-06,-1.043330676096970161e-06,3.332540807154866605e-06
3.000000000000000000e+01,1.200000000000000025e-02,1.000000000000000021e-02,0.000000000000000000e+00,5.200000000000011369e+01,2.888856605167710950e+04,1.985699700546611613e-06,1.919019969221365372e-06,-9.630520812831485718e-07,2.924570097345091569e-06
3.100000000000000000e+01,1.100000000000000110e-02,1.000000000000000021e-02,0.000000000000000000e+00,4.933333333333344228e+01,0.000000000000000000e+00,1.617257557972060565e-06,1.758258749130023301e-06,-8.828366429493834102e-07,2.546840469256793352e-06
3.200000000000000000e+01,1.000000000000000021e-02,1.000000000000000021e-02,0.000000000000000000e+00,4.666666666666679220e+01,2.837653938980363819e+04,1.280820270498610316e-06,1.596974441937005265e-06,-8.027311740949465295e-07,2.198910018937562929e-06
3.300000000000000000e+01,9.000000000000001055e-03,1.000000000000000021e-02,0.000000000000000000e+00,4.400000000000009948e+01,0.000000000000000000e+00,9.766073465325180358e-07,1.434858262048914267e-06,-7.227977244062322265e-07,1.880164006643607710e-06
3.400000000000000000e+01,8.000000000000001901e-03,1.000000000000000021e-02,0.000000000000000000e+00,4.133333333333343518e+01,7.361408965940112830e+04,7.048888266331071900e-07,1.271789866990571070e-06,-6.431369340248181407e-07,1.589950577722130523e-06
3.500000000000000000e+01,7.000000000000001880e-03,1.000000000000000021e-02,0.000000000000000000e+00,3.866666666666675667e+01,0.000000000000000000e+00,4.662036046922812219e-07,1.106921656849498171e-06,-5.642133141933933436e-07,1.327010934146214214e-06
3.600000000000000000e+01,6.000000000000001860e-03,1.000000000000000194e-02,0.000000000000000000e+00,3.600000000000009948e+01,3.712531111370162107e+05,2.614394115485727601e-07,9.408065784491292605e-07,-4.859613833429774900e-07,1.090699798324287730e-06
3.700000000000000000e+01,5.000000000000001839e-03,1.000000000000000021e-02,0.000000000000000000e+00,3.333333333333340676e+01,0.000000000000000000e+00,9.213332012676000717e-08,7.721699616804414479e-07,-4.087186029062316374e-07,8.785134573589503714e-07
3.800000000000000000e+01,4.000000000000002685e-03,1.000000000000000021e-02,0.000000000000000000e+00,3.066666666666675312e+01,1.266739597285578027e+06,-3.959660470220921267e-08,6.037448703096759493e-07,-3.324952197186222900e-07,6.903831042724939953e-07
3.900000000000000000e+01,3.000000000000002665e-03,1.000000000000000021e-02,0.000000000000000000e+00,2.800000000000005329e+01,0.000000000000000000e+00,-1.284517811384066302e-07,4.343386659683921600e-07,-2.552201552661330518e-07,5.198915891673000969e-07
4.000000000000000000e+01,2.000000000000002644e-03,1.000000000000000021e-02,0.000000000000000000e+00,2.533333333333339610e+01,3.815464263024747837e+06,-1.664096815575677756e-07,2.739960369487273114e-07,-1.780656886458698561e-07,3.667061491884576172e-07
4.100000000000000000e+01,1.000000000000003057e-03,1.000000000000000021e-02,0.000000000000000000e+00,2.266666666666670338e+01,0.000000000000000000e+00,-1.377123929678184179e-07,1.289527239965826271e-07,-9.781842961771626397e-08,2.125134192843778155e-07
4.200000000000000000e+01,2.999999999999999889e-02,0.000000000000000000e+00,0.000000000000000000e+00,1.000000000000000000e+02,5.013355345400750451e+00,1.408294747163647689e-05,-4.800497463230019249e-06,-2.406232487171842805e-06,1.507196537169825386e-05
4.300000000000000000e+01,2.999999999999999889e-02,1.000000000000000238e-03,0.000000000000000000e+00,1.000000000000000000e+02,0.000000000000000000e+00,1.422694733899956292e-05,-3.840497466763229021e-06,-2.406338983250566537e-06,1.493137363678214638e-05
4.400000000000000000e+01,2.999999999999999889e-02,2.000000000000000475e-03,0.000000000000000000e+00,1.000000000000000000e+02,2.301466045282912276e+01,1.433894706245345812e-05,-2.880497659012990385e-06,-2.406445543456249305e-06,1.482206631266512809e-05
4.500000000000000000e+01,2.999999999999999889e-02,3.000000000000000496e-03,0.000000000000000000e+00,1.000000000000000000e+02,0.000000000000000000e+00,1.441894691584909818e-05,-1.920498081847079321e-06,-2.406552093310355554e-06,1.474401017438162948e-05
4.600000000000000000e+01,2.999999999999999889e-02,4.000000000000000951e-03,0.000000000000000000e+00,1.000000000000000000e+02,4.937251137659336564e+01,1.446694701563752476e-05,-9.604987046190704559e-07,-2.406658638708790673e-06,1.469718066562801832e-05
4.700000000000000000e+01,2.999999999999999889e-02,5.000000000000000104e-03,0.000000000000000000e+00,1.000000000000000000e+02,0.000000000000000000e+00,1.448294766312522330e-05,-4.994891562052422276e-10,-2.406765113232284338e-06,1.468156298125597297e-05
4.800000000000000000e+01,2.999999999999999889e-02,6.000000000000000992e-03,0.000000000000000000e+00,1.000000000000000000e+02,5.090655607836253438e+01,1.446694880569403110e-05,9.594997291187536540e-07,-2.406871511979561291e-06,1.469715203540909515e-05
4.900000000000000000e+01,2.999999999999999889e-02,7.000000000000001013e-03,0.000000000000000000e+00,1.000000000000000000e+02,0.000000000000000000e+00,1.441895050852978604e-05,1.919499074784156241e-06,-2.406977833047705264e-06,1.474395309115949459e-05
5.000000000000000000e+01,2.999999999999999889e-02,8.000000000000001901e-03,0.000000000000000000e+00,1.000000000000000000e+02,2.107535477186377193e+01,1.433895247832152274e-05,2.879498647706436475e-06,-2.407084131704981216e-06,1.482198113123924020e-05
5.100000000000000000e+01,2.999999999999999889e-02,8.999999999999999320e-03,0.000000000000000000e+00,1.000000000000000000e+02,0.000000000000000000e+00,1.422695456237424418e-05,3.839498480651446933e-06,-2.407190434557115417e-06,1.493126084732998587e-05
5.200000000000000000e+01,1.000000000000000021e-03,0.000000000000000000e+00,0.000000000000000000e+00,2.266666666666668917e+01,0.000000000000000000e+00,-1.344440441453584871e-07,-1.290434184985132807e-07,-9.763379963970148801e-08,2.103800458599315779e-07
5.300000000000000000e+01,2.000000000000000042e-03,0.000000000000000000e+00,0.000000000000000000e+00,2.533333333333337478e+01,3.792529089681255165e+06,-1.676330628830404927e-07,-2.741542031201717964e-07,-1.754912576072482948e-07,3.661400720442647951e-07
5.400000000000000000e+01,3.000000000000000062e-03,0.000000000000000000e+00,0.000000000000000000e+00,2.800000000000005329e+01,0.000000000000000000e+00,-1.284802788155857363e-07,-4.355732151712155254e-07,-2.540128037616035199e-07,5.203399968231843621e-07
5.500000000000000000e+01,4.000000000000000083e-03,0.000000000000000000e+00,0.000000000000000000e+00,3.066666666666673180e+01,1.338226947483906988e+06,-3.985271411148566363e-08,-6.037969384802316328e-07,-3.314161029015872497e-07,6.899243545510100644e-07
5.600000000000000000e+01,5.000000000000000104e-03,0.000000000000000000e+00,0.000000000000000000e+00,3.333333333333339965e+01,0.000000000000000000e+00,9.202233375313428139e-08,-7.729590878292021405e-07,-4.076598029556531787e-07,8.787038046537453046e-07
5.700000000000000000e+01,6.000000000000000125e-03,0.000000000000000000e+00,0.000000000000000000e+00,3.600000000000009237e+01,3.684678207668875693e+05,2.613912334453221318e-07,-9.416998026942854229e-07,-4.849482029816929224e-07,1.091008091121095255e-06
5.800000000000000000e+01,7.000000000000000146e-03,0.000000000000000000e+00,0.000000000000000000e+00,3.866666666666674956e+01,0.000000000000000000e+00,4.661926579309344434e-07,-1.107821284113225993e-06,-5.632122462950893581e-07,1.327332522851657752e-06
5.900000000000000000e+01,8.000000000000000167e-03,0.000000000000000000e+00,0.000000000000000000e+00,4.133333333333343518e+01,6.307515683617435570e+04,7.048604727373914059e-07,-1.272733432114105341e-06,-6.421659831868409882e-07,1.590300545560760174e-06
6.000000000000000000e+01,8.999999999999999320e-03,0.000000000000000000e+00,0.000000000000000000e+00,4.400000000000009948e+01,0.000000000000000000e+00,9.766122515948237729e-07,-1.435800927240073655e-06,-7.217597659452888422e-07,1.880487424144592705e-06
6.100000000000000000e+01,9.999999999999998473e-03,0.000000000000000000e+00,0.000000000000000000e+00,4.666666666666674956e+01,2.770821622760391256e+04,1.280827654564758822e-06,-1.597920333759493093e-06,-8.016669233741570710e-07,2.199213206983829079e-06
6.200000000000000000e+01,1.099999999999999936e-02,0.000000000000000000e+00,0.000000000000000000e+00,4.933333333333341386e+01,0.000000000000000000e+00,1.617258590757480691e-06,-1.759200428427372268e-06,-8.817742360026740839e-07,2.547123338206460356e-06
6.300000000000000000e+01,1.199999999999999852e-02,0.000000000000000000e+00,0.000000000000000000e+00,5.200000000000007816e+01,2.739818958192916034e+04,1.985698471376772496e-06,-1.919976836929823299e-06,-9.619921039860243890e-07,2.924848420295752381e-06
6.400000000000000000e+01,1.299999999999999767e-02,0.000000000000000000e+00,0.000000000000000000e+00,5.466666666666674956e+01,0.000000000000000000e+00,2.386069040171560001e-06,-2.080367565787750376e-06,-1.042268360059158430e-06,3.332803325674541652e-06
6.500000000000000000e+01,1.399999999999999856e-02,0.000000000000000000e+00,0.000000000000000000e+00,5.733333333333343518e+01,1.839692679258326098e+04,2.818364882431652087e-06,-2.240558141143839615e-06,-1.122550128032747767e-06,3.771392340279151740e-06
6.600000000000000000e+01,1.499999999999999944e-02,0.000000000000000000e+00,0.000000000000000000e+00,6.000000000000010658e+01,0.000000000000000000e+00,3.282578988364341625e-06,-2.400631359553897585e-06,-1.202825238389762438e-06,4.240889563927838053e-06
6.700000000000000000e+01,1.600000000000000033e-02,0.000000000000000000e+00,0.000000000000000000e+00,6.266666666666674956e+01,8.958094513759377151e+03,3.778725700102703143e-06,-2.560638785851006880e-06,-1.283089449424153439e-06,4.741514256378942515e-06
6.800000000000000000e+01,1.699999999999999775e-02,0.000000000000000000e+00,0.000000000000000000e+00,6.533333333333339965e+01,0.000000000000000000e+00,4.306824373312985665e-06,-2.720622764930532012e-06,-1.363341125807876661e-06,5.273445120311781362e-06
6.900000000000000000e+01,1.799999999999999864e-02,0.000000000000000000e+00,0.000000000000000000e+00,6.800000000000005684e+01,3.320053038992778511e+03,4.866885194303337126e-06,-2.880592574307912101e-06,-1.443583817351231200e-06,5.836807287499328071e-06
7.000000000000000000e+01,1.899999999999999953e-02,0.000000000000000000e+00,0.000000000000000000e+00,7.066666666666677088e+01,0.000000000000000000e+00,5.458920325418185548e-06,-3.040566533486788344e-06,-1.523816760273050754e-06,6.431708441985901665e-06
7.100000000000000000e+01,1.999999999999999695e-02,0.000000000000000000e+00,0.000000000000000000e+00,7.333333333333348492e+01,1.122918943432096739e+03,6.082941769075840820e-06,-3.200541943532021287e-06,-1.604044489240886787e-06,7.058229807943299778e-06
7.200000000000000000e+01,2.099999999999999784e-02,0.000000000000000000e+00,0.000000000000000000e+00,7.600000000000014211e+01,0.000000000000000000e+00,6.738948733612201995e-06,-3.360526029371911551e-06,-1.684268321587382704e-06,7.716432142346773865e-06
7.300000000000000000e+01,2.199999999999999872e-02,0.000000000000000000e+00,0.000000000000000000e+00,7.866666666666677088e+01,1.741893470789592868e+02,7.426951459174531557e-06,-3.520513362792239640e-06,-1.764489723090118053e-06,8.406369388590062650e-06
7.400000000000000000e+01,2.299999999999999614e-02,0.000000000000000000e+00,0.000000000000000000e+00,8.133333333333351334e+01,0.000000000000000000e+00,8.146951958228526624e-06,-3.680505881883562733e-06,-1.844708916943537149e-06,9.128083081595725725e-06
7.500000000000000000e+01,2.399999999999999703e-02,0.000000000000000000e+00,0.000000000000000000e+00,8.400000000000022737e+01,5.888779566831286161e+01,8.898951259056371905e-06,-3.840500936209611769e-06,-1.924927308948718347e-06,9.881605441264311668e-06
7.600000000000000000e+01,2.499999999999999792e-02,0.000000000000000000e+00,0.000000000000000000e+00,8.666666666666679930e+01,0.000000000000000000e+00,9.682950037495461972e-06,-4.000498496866166269e-06,-2.005145045164266692e-06,1.066696378095513300e-05
7.700000000000000000e+01,2.599999999999999534e-02,0.000000000000000000e+00,0.000000000000000000e+00,8.933333333333341386e+01,6.846589996727745131e+01,1.049894889891829436e-05,-4.160497355696981967e-06,-2.085362588100753085e-06,1.148418056949251855e-05
7.800000000000000000e+01,2.699999999999999623e-02,0.000000000000000000e+00,0.000000000000000000e+00,9.200000000000004263e+01,0.000000000000000000e+00,1.134694813067902612e-05,-4.320497120412632210e-06,-2.165580010312839949e-06,1.233327466769797616e-05
7.900000000000000000e+01,2.799999999999999711e-02,0.000000000000000000e+00,0.000000000000000000e+00,9.466666666666671404e+01,2.408857833313644292e+01,1.222694764494222444e-05,-4.480497227906312467e-06,-2.245797453963910502e-06,1.321426162620012273e-05
8.000000000000000000e+01,2.899999999999999453e-02,0.000000000000000000e+00,0.000000000000000000e+00,9.733333333333334281e+01,0.000000000000000000e+00,1.313894747148149719e-05,-4.640497428733958565e-06,-2.326014932078565911e-06,1.412715479170129928e-05
8.100000000000000000e+01,2.623779253416063176e-02,4.987851581019862174e-03,0.000000000000000000e+00,8.996744675776183442e+01,0.000000000000000000e+00,1.109769258656785646e-05,-1.069601576084824330e-08,-2.104967377060004128e-06,1.129556474060519096e-05
8.200000000000000000e+01,3.516717120914177042e-03,5.019006426002911234e-03,0.000000000000000000e+00,2.937791232243788997e+01,0.000000000000000000e+00,2.371138586723077347e-07,1.300068068216500293e-09,-2.764823016058517310e-07,3.642350000380555017e-07
8.300000000000000000e+01,2.157099598993543130e-03,8.572252695531315525e-03,0.000000000000000000e+00,2.575226559731613563e+01,0.000000000000000000e+00,-8.690276626784264626e-09,1.898270008852896896e-07,-1.786796292084423014e-07,2.608375376877726585e-07
8.400000000000000000e+01,2.785617186998687669e-02,8.506996800310931417e-03,0.000000000000000000e+00,9.428312498663190411e+01,0.000000000000000000e+00,1.230163013113838255e-05,3.125630247673857815e-06,-2.235165138725591466e-06,1.288780941533043056e-05
8.500000000000000000e+01,1.541701448617008481e-03,2.141166836810029159e-03,0.000000000000000000e+00,2.411120386297873708e+01,0.000000000000000000e+00,-2.198408841353561817e-09,-9.112272437740881032e-08,-1.170565206436792424e-07,1.483590675509894696e-07
8.600000000000000000e+01,2.783932405740802835e-02,1.489518850120867587e-03,0.000000000000000000e+00,9.423819748642142713e+01,0.000000000000000000e+00,1.228621902231820822e-05,-3.127838686961738447e-06,-2.233066780177366625e-06,1.287327230974160644e-05
8.700000000000000000e+01,2.850321669284246878e-02,2.145796980528597714e-03,0.000000000000000000e+00,9.600857784757994295e+01,0.000000000000000000e+00,1.295153713314918233e-05,-2.603824409659495073e-06,-2.286392528213859553e-06,1.340708045999399939e-05
8.800000000000000000e+01,2.832679491924310761e-02,6.732050807568880097e-04,0.000000000000000000e+00,9.553811978464834453e+01,0.000000000000000000e+00,1.262192602376019881e-05,-3.922552728776324309e-06,-2.272083716195791276e-06,1.341125649865468721e-05
8.900000000000000000e+01,2.932679491924310849e-02,1.673205080756888247e-03,0.000000000000000000e+00,9.820478645131494488e+01,0.000000000000000000e+00,1.366684051602431680e-05,-3.122553011107084746e-06,-2.352407765130126520e-06,1.421501633101637517e-05
9.000000000000000000e+01,2.932679491924310849e-02,6.732050807568880097e-04,0.000000000000000000e+00,9.820478645131495909e+01,0.000000000000000000e+00,1.354438334924726663e-05,-4.061010347758208951e-06,-2.352301278562682389e-06,1.433441476521080238e-05
9.100000000000000000e+01,2.851839452347966139e-02,7.830566331388420787e-03,0.000000000000000000e+00,9.604905206261254591e+01,0.000000000000000000e+00,1.296753957028392641e-05,2.582643797421467084e-06,-2.288215088865526278e-06,1.341875775860608049e-05
9.200000000000000000e+01,2.932679491924310849e-02,8.326794919243114129e-03,0.000000000000000000e+00,9.820478645131503015e+01,0.000000000000000000e+00,1.366684652064479826e-05,3.121555253624357826e-06,-2.353115911954292498e-06,1.421492017267009196e-05
9.300000000000000000e+01,2.832679491924311108e-02,9.326794919243111548e-03,0.000000000000000000e+00,9.553811978464840138e+01,0.000000000000000000e+00,1.262193381850544391e-05,3.921556764562557076e-06,-2.273004710388270610e-06,1.341112863221679206e-05
9.400000000000000000e+01,2.932679491924310849e-02,9.326794919243111548e-03,0.000000000000000000e+00,9.820478645131503015e+01,0.000000000000000000e+00,1.354439115987134034e-05,4.060012577562364948e-06,-2.353222282775794847e-06,1.433429067424398442e-05
9.500000000000000000e+01,2.159707630462969451e-03,1.443227336272961134e-03,0.000000000000000000e+00,2.575922034790130155e+01,0.000000000000000000e+00,-7.595522884574397561e-09,-1.898191478043813885e-07,-1.765837449854379316e-07,2.593661886872570843e-07
9.600000000000000000e+01,6.732050807568877929e-04,1.673205080756886729e-03,0.000000000000000000e+00,2.179521354868506933e+01,0.000000000000000000e+00,-2.244602999909660719e-08,-3.776641610939508840e-08,-5.158983694276203154e-08,6.776162427398782257e-08
9.700000000000000000e+01,1.673205080756887814e-03,6.732050807568875760e-04,0.000000000000000000e+00,2.446188021535174428e+01,0.000000000000000000e+00,-8.254519392436496518e-08,-1.784667826614175709e-07,-1.449453699333570862e-07,2.442811122838734819e-07
9.800000000000000000e+01,6.732050807568877929e-04,6.732050807568875760e-04,0.000000000000000000e+00,2.179521354868505156e+01,0.000000000000000000e+00,-4.991095325314581274e-08,-5.267063068288679318e-08,-6.055997613377745872e-08,9.451354030240565879e-08
9.900000000000000000e+01,1.539359902412525474e-03,7.899319699080900939e-03,0.000000000000000000e+00,2.410495973976676254e+01,0.000000000000000000e+00,-3.003516474313511744e-09,9.135215297852429571e-08,-1.193342200695248406e-07,1.503159773431452794e-07
1.000000000000000000e+02,1.673205080756889982e-03,9.326794919243111548e-03,0.000000000000000000e+00,2.446188021535173363e+01,0.000000000000000000e+00,-8.331509268640706344e-08,1.780054726603933961e-07,-1.467201935271416025e-07,2.452634668168835906e-07
1.010000000000000000e+02,6.732050807568886602e-04,8.326794919243112394e-03,0.000000000000000000e+00,2.179521354868504446e+01,0.000000000000000000e+00,-1.962840103065920215e-08,3.638829117392897589e-08,-5.196380861360893079e-08,6.640496417596202209e-08
1.020000000000000000e+02,6.732050807568886602e-04,9.326794919243111548e-03,0.000000000000000000e+00,2.179521354868505867e+01,0.000000000000000000e+00,-6.086938852007010859e-08,5.388618510620879917e-08,-6.449007910287625341e-08,1.037678837926411424e-07
1.030000000000000000e+02,5.846616398504419360e-03,5.041649868759973292e-03,0.000000000000000000e+00,3.559097706267851180e+01,0.000000000000000000e+00,6.176093251023690894e-07,6.875437458504087544e-09,-4.703569710928368311e-07,7.763531608419439882e-07
1.040000000000000000e+02,7.956104367151876910e-03,5.055650118720060766e-03,0.000000000000000000e+00,4.121627831240509465e+01,0.000000000000000000e+00,1.093783663649112414e-06,1.344732277899491788e-08,-6.397479784370815659e-07,1.267209931017717855e-06
1.050000000000000000e+02,9.992214940147244040e-03,5.065169414702412609e-03,0.000000000000000000e+00,4.664590650705944341e+01,0.000000000000000000e+00,1.681019022183702017e-06,2.028611135403794707e-08,-8.025078009036663817e-07,1.862862112387429672e-06
1.060000000000000000e+02,1.199960539061132626e-02,5.068039958825829375e-03,0.000000000000000000e+00,5.199894770829701685e+01,0.000000000000000000e+00,2.387529496581387603e-06,2.563056875692656927e-08,-9.631295429441896930e-07,2.574601433152879596e-06
1.070000000000000000e+02,1.399988880031617818e-02,5.068066754482218432e-03,0.000000000000000000e+00,5.733303680084335241e+01,0.000000000000000000e+00,3.219335463065566101e-06,3.001542833030072795e-08,-1.123393720438650197e-06,3.409843867512180856e-06
1.080000000000000000e+02,1.599978094180809496e-02,5.067991134009254203e-03,0.000000000000000000e+00,6.266608251148851849e+01,0.000000000000000000e+00,4.179008554610430003e-06,3.432972566019214869e-08,-1.283737083760838278e-06,4.371872817202467542e-06
1.090000000000000000e+02,1.799910398378370968e-02,5.067672379857376952e-03,0.000000000000000000e+00,6.799761062342351181e+01,0.000000000000000000e+00,5.266455136097739332e-06,3.849214710881736524e-08,-1.444090856915058313e-06,5.460991645200070847e-06
1.100000000000000000e+02,1.999622304335044870e-02,5.066368435600913760e-03,0.000000000000000000e+00,7.332326144893480091e+01,0.000000000000000000e+00,6.480489988645817451e-06,4.197911218065738153e-08,-1.604288971407590720e-06,6.676245639772264277e-06
1.110000000000000000e+02,2.197644732484862334e-02,5.054177696097934477e-03,0.000000000000000000e+00,7.860385953292994543e+01,0.000000000000000000e+00,7.810334735106210205e-06,3.760862802173591430e-08,-1.763137021204931830e-06,8.006959175545463368e-06
1.120000000000000000e+02,2.382355943426748765e-02,5.006123143265017381e-03,0.000000000000000000e+00,8.352949182471355982e+01,0.000000000000000000e+00,9.163938768089723307e-06,4.174107504808894936e-09,-1.911304027232812212e-06,9.361136376155814956e-06
1.130000000000000000e+02,2.437553124398425183e-02,5.783589309777261572e-03,0.000000000000000000e+00,8.500141665062503193e+01,0.000000000000000000e+00,9.579787994486157549e-06,6.107204634402656410e-07,-1.955665090638093601e-06,9.796425034190090175e-06
1.140000000000000000e+02,2.248663886078862417e-02,5.873153248900002919e-03,0.000000000000000000e+00,7.996437029543666597e+01,0.000000000000000000e+00,8.161135802684251584e-06,6.278107970068544429e-07,-1.804150956134703430e-06,8.381720865026160959e-06
1.150000000000000000e+02,2.351097089360344727e-02,5.820503755148440615e-03,0.000000000000000000e+00,8.269592238294281117e+01,0.000000000000000000e+00,8.916429138637491726e-06,6.168166390495493869e-07,-1.886315480142008972e-06,9.134624099609981493e-06
1.160000000000000000e+02,2.049694768955073049e-02,5.879069049309369743e-03,0.000000000000000000e+00,7.465852717213560652e+01,0.000000000000000000e+00,6.792599992600029624e-06,5.761096284924471305e-07,-1.644542236788834365e-06,7.012548476274089136e-06
1.170000000000000000e+02,2.150408710175056443e-02,5.884293356361740973e-03,0.000000000000000000e+00,7.734423227133517287e+01,0.000000000000000000e+00,7.469257017465382812e-06,6.080283916328741255e-07,-1.725333471256278497e-06,7.690011346222109333e-06
1.180000000000000000e+02,1.849927470031787619e-02,5.880119611429390249e-03,0.000000000000000000e+00,6.933139920084798291e+01,0.000000000000000000e+00,5.546188983659007619e-06,5.205580177329333779e-07,-1.484296059146626612e-06,5.764922174972076854e-06
1.190000000000000000e+02,1.949927516709061559e-02,5.880119681350609237e-03,0.000000000000000000e+00,7.199806711224191247e+01,0.000000000000000000e+00,6.154137798636708924e-06,5.487097562555335973e-07,-1.564511590017543239e-06,6.373554028681196549e-06
1.200000000000000000e+02,1.649982536257479926e-02,5.880372504117295680e-03,0.000000000000000000e+00,6.399953430019976253e+01,0.000000000000000000e+00,4.426628785351428696e-06,4.644051464948986751e-07,-1.323921122425483396e-06,4.643649607991236870e-06
1.210000000000000000e+02,1.749982816321125206e-02,5.880372923644613080e-03,0.000000000000000000e+00,6.666620843523027418e+01,0.000000000000000000e+00,4.970559713123877059e-06,4.925643980019582116e-07,-1.404128356557693672e-06,5.188512309862872499e-06
1.220000000000000000e+02,1.449993205388707546e-02,5.880435428890048305e-03,0.000000000000000000e+00,5.866648547703244532e+01,0.000000000000000000e+00,3.434902193937417021e-06,4.080924753035146970e-07,-1.163551981156651914e-06,3.649513085764866822e-06
1.230000000000000000e+02,1.549994885770580519e-02,5.880437946053950968e-03,0.000000000000000000e+00,6.133319695388240689e+01,0.000000000000000000e+00,3.914787370280324614e-06,4.362743874458292344e-07,-1.243734848698483953e-06,4.130710818916595704e-06
1.240000000000000000e+02,1.249981559435177705e-02,5.880430504442941270e-03,0.000000000000000000e+00,5.333284158493824378e+01,0.000000000000000000e+00,2.571153722698165312e-06,3.515935343631590717e-07,-1.003253517611459572e-06,2.782259351633197000e-06
1.250000000000000000e+02,1.349991641726415101e-02,5.880445607426357246e-03,0.000000000000000000e+00,5.599977711270462777e+01,0.000000000000000000e+00,2.987039234018291007e-06,3.798776267494179077e-07,-1.083391516488319162e-06,3.200069932809001438e-06
1.260000000000000000e+02,1.049894288379560163e-02,5.880302912349750881e-03,0.000000000000000000e+00,4.799718102345507020e+01,0.000000000000000000e+00,1.834964734938344351e-06,2.945971143806714469e-07,-8.430690961722346681e-07,2.040747054191047024e-06
1.270000000000000000e+02,1.149954782126984959e-02,5.880393530250244138e-03,0.000000000000000000e+00,5.066546085671974708e+01,0.000000000000000000e+00,2.187166332793802272e-06,3.231976708634117593e-07,-9.231483030203554618e-07,2.395904023772151518e-06
1.280000000000000000e+02,8.479765963667765596e-03,5.884436422148630989e-03,0.000000000000000000e+00,4.261270923644749331e+01,0.000000000000000000e+00,1.220417594139836325e-06,2.371288271338446654e-07,-6.816796450144716997e-07,1.417863294951595621e-06
1.290000000000000000e+02,9.491820206413446870e-03,5.877469342419032114e-03,0.000000000000000000e+00,4.531152055043595794e+01,0.000000000000000000e+00,1.512560408377474605e-06,2.647394720233888733e-07,-7.625448562068650172e-07,1.714468032587894156e-06
1.300000000000000000e+02,6.409499992404362606e-03,5.884309594351878371e-03,0.000000000000000000e+00,3.709199997974504015e+01,0.000000000000000000e+00,7.207652690945241707e-07,1.744922827108455496e-07,-5.159717463219647552e-07,9.034251340653975225e-07
1.310000000000000000e+02,7.450778068054554962e-03,5.877750696096997914e-03,0.000000000000000000e+00,3.986874151481224970e+01,0.000000000000000000e+00,9.561022098376371394e-07,2.048126059538647582e-07,-5.994521872212554118e-07,1.146918725969008481e-06
1.320000000000000000e+02,4.269743437724099477e-03,5.910097119301651464e-03,0.000000000000000000e+00,3.138598250059771999e+01,0.000000000000000000e+00,3.347654982793027618e-07,1.097536211133718854e-07,-3.418238018247958941e-07,4.908740242461855069e-07
1.330000000000000000e+02,5.328999919370115690e-03,5.876995070443423973e-03,0.000000000000000000e+00,3.421066645165372933e+01,0.000000000000000000e+00,5.102961147308904320e-07,1.394363864683757911e-07,-4.286403750317672718e-07,6.808650392612139875e-07
1.340000000000000000e+02,2.546744711295393510e-02,5.613803798324230182e-03,0.000000000000000000e+00,8.791319230121074213e+01,0.000000000000000000e+00,1.045437310700198479e-05,4.997297313634129404e-07,-2.043238414708825534e-06,1.066388625615243098e-05
1.350000000000000000e+02,5.327972617590335039e-03,4.189194066041712280e-03,0.000000000000000000e+00,3.420792698024096268e+01,0.000000000000000000e+00,5.113805993379294253e-07,-1.299173814317549447e-07,-4.282383239513496406e-07,6.795415406566143656e-07
1.360000000000000000e+02,4.267078237286552056e-03,4.145905693908606866e-03,0.000000000000000000e+00,3.137887529943090215e+01,0.000000000000000000e+00,3.349563255981177965e-07,-1.037633115319763069e-07,-3.411848841720606318e-07,4.892542182401462994e-07
1.370000000000000000e+02,7.446309038162353400e-03,4.216954385802802220e-03,0.000000000000000000e+00,3.985682410176634249e+01,0.000000000000000000e+00,9.573813526622790156e-07,-1.835507635609448041e-07,-5.988215668590829183e-07,1.144052973495907683e-06
1.380000000000000000e+02,6.408472690624581955e-03,4.196508589950166679e-03,0.000000000000000000e+00,3.708926050833227350e+01,0.000000000000000000e+00,7.225436361695997835e-07,-1.593651158773428482e-07,-5.157704972519848060e-07,9.019344500368890519e-07
1.390000000000000000e+02,9.489636757216545621e-03,4.233736544990002876e-03,0.000000000000000000e+00,4.530569801924422535e+01,0.000000000000000000e+00,1.514813283017761958e-06,-2.320242707421308420e-07,-7.622077657919573690e-07,1.711565138361387254e-06
1.400000000000000000e+02,8.475296933775564034e-03,4.223640111854435296e-03,0.000000000000000000e+00,4.260079182340160742e+01,0.000000000000000000e+00,1.222000939304859892e-06,-2.089150494753808112e-07,-6.811303932553871649e-07,1.414521263953108278e-06
1.410000000000000000e+02,1.149963775598416074e-02,4.247215677575546383e-03,0.000000000000000000e+00,5.066570068262453930e+01,0.000000000000000000e+00,2.190552867786966938e-06,-2.772451523956866379e-07,-9.229890632938181774e-07,2.393176874377782606e-06
1.420000000000000000e+02,1.049675943459870038e-02,4.236570114920721643e-03,0.000000000000000000e+00,4.799135849226330208e+01,0.000000000000000000e+00,1.837315178844354810e-06,-2.563194794043503656e-07,-8.427297877080297034e-07,2.037552511476551305e-06
1.430000000000000000e+02,1.349992151041725340e-02,4.247250007831940982e-03,0.000000000000000000e+00,5.599979069444616897e+01,0.000000000000000000e+00,2.990392436444397398e-06,-3.256802006716888417e-07,-1.083221625677682950e-06,3.197168060548149151e-06
1.440000000000000000e+02,1.249990552906608821e-02,4.247252651768244382e-03,0.000000000000000000e+00,5.333308141084304310e+01,0.000000000000000000e+00,2.574542557507698190e-06,-3.014990172584243267e-07,-1.003091706356054705e-06,2.779453904850083428e-06
1.450000000000000000e+02,1.549990119687523135e-02,4.247212480010367601e-03,0.000000000000000000e+00,6.133306985833419134e+01,0.000000000000000000e+00,3.918108953398123687e-06,-3.739213135309069643e-07,-1.243558304315767518e-06,4.127690901175125985e-06
1.460000000000000000e+02,1.449993714704017785e-02,4.247239829295632041e-03,0.000000000000000000e+00,5.866649905877400073e+01,0.000000000000000000e+00,3.438250349581553726e-06,-3.498116321510820617e-07,-1.163380913805563758e-06,3.646558486435250763e-06
1.470000000000000000e+02,1.749959435824059717e-02,4.247037369388653727e-03,0.000000000000000000e+00,6.666558495530850337e+01,0.000000000000000000e+00,4.973760940008572720e-06,-4.221788927258201403e-07,-1.403936438749970866e-06,5.185322596509123076e-06
1.480000000000000000e+02,1.649977770174422542e-02,4.247147038073713181e-03,0.000000000000000000e+00,6.399940720465146882e+01,0.000000000000000000e+00,4.429941062938315798e-06,-3.980401007047908383e-07,-1.323744728339099018e-06,4.640594126691289168e-06
1.490000000000000000e+02,1.949827221042805397e-02,4.246473164060783796e-03,0.000000000000000000e+00,7.199539256114175600e+01,0.000000000000000000e+00,6.156820797032199133e-06,-4.706707103293804611e-07,-1.564257508729130639e-06,6.369841033961964800e-06
1.500000000000000000e+02,1.849904089534721782e-02,4.246784057173430896e-03,0.000000000000000000e+00,6.933077572092614105e+01,0.000000000000000000e+00,5.549367804084504522e-06,-4.464014091771587966e-07,-1.484103828832387136e-06,5.761711674309985292e-06
1.510000000000000000e+02,2.149334375185319931e-02,4.245643313469677632e-03,0.000000000000000000e+00,7.731558333827544516e+01,0.000000000000000000e+00,7.465271973405076773e-06,-5.193376437003784205e-07,-1.724297360641689192e-06,7.679400928001315959e-06
1.520000000000000000e+02,2.049594473288816887e-02,4.245422532019543435e-03,0.000000000000000000e+00,7.465585262103536479e+01,0.000000000000000000e+00,6.795195212791331812e-06,-4.954103535490909317e-07,-1.644287674562744809e-06,7.008836662033494999e-06
1.530000000000000000e+02,2.347208561839259772e-02,4.241956368058401317e-03,0.000000000000000000e+00,8.259222831571376844e+01,0.000000000000000000e+00,8.888774147096799614e-06,-5.698684788070220140e-07,-1.883028168793178294e-06,9.103892080077775680e-06
1.540000000000000000e+02,2.247589551089126253e-02,4.234503206007939578e-03,0.000000000000000000e+00,7.993572136237689563e+01,0.000000000000000000e+00,8.156228333240921700e-06,-5.510655864152179857e-07,-1.803114666401975144e-06,8.371317483209381253e-06
1.550000000000000000e+02,2.545846520585498540e-02,4.343256480589469462e-03,0.000000000000000000e+00,8.788924054894681603e+01,0.000000000000000000e+00,1.044618049732265255e-05,-5.355258623790280826e-07,-2.042382693103685227e-06,1.065742942725920218e-05
1.560000000000000000e+02,2.433664596877340228e-02,4.205041922687222274e-03,0.000000000000000000e+00,8.489772258339591815e+01,0.000000000000000000e+00,9.549192468507909098e-06,-6.195879196282518277e-07,-1.952377734159336693e-06,9.766409002678445056e-06
1.570000000000000000e+02,2.515485857228989819e-02,6.428184410207654284e-03,0.000000000000000000e+00,8.707962285944003611e+01,0.000000000000000000e+00,1.017458375514839975e-05,1.149131531356847849e-06,-2.018249939295324390e-06,1.043628241685485708e-05
1.580000000000000000e+02,2.303861067050538836e-02,6.650619415412247111e-03,0.000000000000000000e+00,8.143629512134813808e+01,0.000000000000000000e+00,8.531798340785056082e-06,1.216410372344715355e-06,-1.848511890438336904e-06,8.814092881905792400e-06
1.590000000000000000e+02,2.100713922549073132e-02,6.698044602111437318e-03,0.000000000000000000e+00,7.601903793464228443e+01,0.000000000000000000e+00,7.097620757638209935e-06,1.141006626757323755e-06,-1.685555236458113578e-06,7.383712683786679817e-06
1.600000000000000000e+02,1.899999934651815797e-02,6.692820225137846232e-03,0.000000000000000000e+00,7.066666492404871747e+01,0.000000000000000000e+00,5.813128253541388920e-06,1.028799865258257845e-06,-1.524545332781166273e-06,6.097140946917776840e-06
1.610000000000000000e+02,1.699999607910896576e-02,6.692819735689308977e-03,0.000000000000000000e+00,6.533332287762421231e+01,0.000000000000000000e+00,4.661188003050152126e-06,9.205049287487047039e-07,-1.364115315658932937e-06,4.943158253388676767e-06
1.620000000000000000e+02,1.499997647465377976e-02,6.692816798998088915e-03,0.000000000000000000e+00,5.999993726574366804e+01,0.000000000000000000e+00,3.637313624199159225e-06,8.121817465106497915e-07,-1.203711734632763271e-06,3.916453948438884962e-06
1.630000000000000000e+02,1.299985884792267433e-02,6.692799178850770275e-03,0.000000000000000000e+00,5.466629026112728695e+01,0.000000000000000000e+00,2.741492293732778605e-06,7.036683265686328213e-07,-1.043365989103999566e-06,3.016544661965255828e-06
1.640000000000000000e+02,1.099915308753605242e-02,6.692693457966861909e-03,0.000000000000000000e+00,4.933107490009627583e+01,0.000000000000000000e+00,1.973471198775662964e-06,5.944872695020768385e-07,-8.831302422044347620e-07,2.242302992615661195e-06
1.650000000000000000e+02,8.986493907316123186e-03,6.699569919795969261e-03,0.000000000000000000e+00,4.396398375284312721e+01,0.000000000000000000e+00,1.329183926982896022e-06,4.850992699285188052e-07,-7.222102031225348583e-07,1.588596484614374254e-06
1.660000000000000000e+02,6.933161588920251292e-03,6.713095897780448594e-03,0.000000000000000000e+00,3.848843090378742460e+01,0.000000000000000000e+00,8.027879526829736632e-07,3.704536790877881259e-07,-5.581871911075397517e-07,1.045599046307485585e-06
1.670000000000000000e+02,4.832627031624042724e-03,6.752756844893556543e-03,0.000000000000000000e+00,3.288700541766419860e+01,0.000000000000000000e+00,3.956210867872562046e-07,2.493814646265761491e-07,-3.894519636202747201e-07,6.085885236986594179e-07
1.680000000000000000e+02,4.828934529406714651e-03,3.300764415098800687e-03,0.000000000000000000e+00,3.287715874508465674e+01,0.000000000000000000e+00,3.972822388393768149e-07,-2.422562299103132227e-07,-3.885180655127598214e-07,6.061910140024869180e-07
1.690000000000000000e+02,6.927665257248269079e-03,3.364498583084541208e-03,0.000000000000000000e+00,3.847377401932880048e+01,0.000000000000000000e+00,8.054241639975442784e-07,-3.542151400920455921e-07,-5.574249977693101496e-07,1.041584887351811567e-06
1.700000000000000000e+02,8.979841428227022110e-03,3.395040812072743896e-03,0.000000000000000000e+00,4.394624380860549451e+01,0.000000000000000000e+00,1.332227174333707507e-06,-4.586331827763330393e-07,-7.213483123740795035e-07,1.582882506107656810e-06
1.710000000000000000e+02,1.099705957305346232e-02,3.415782807863136216e-03,0.000000000000000000e+00,4.932549219480931413e+01,0.000000000000000000e+00,1.978448611669107987e-06,-5.572022441872280838e-07,-8.826288629853270744e-07,2.236910136710340942e-06
1.720000000000000000e+02,1.299995387579008788e-02,3.426425726581657991e-03,0.000000000000000000e+00,5.466654366877369853e+01,0.000000000000000000e+00,2.747789628806544181e-06,-6.550445145705568247e-07,-1.043034652939141564e-06,3.011204484500788567e-06
1.730000000000000000e+02,1.499993390697630657e-02,3.426395733360091019e-03,0.000000000000000000e+00,5.999982375193700079e+01,0.000000000000000000e+00,3.643539255029230814e-06,-7.559192218606790600e-07,-1.203364808522851436e-06,3.910866788233607791e-06
1.740000000000000000e+02,1.699971461330773009e-02,3.426258715389766691e-03,0.000000000000000000e+00,6.533257230215416200e+01,0.000000000000000000e+00,4.667264680966553500e-06,-8.566815471362977315e-07,-1.363746736806314046e-06,4.937313848394847353e-06
1.750000000000000000e+02,1.899876258488493799e-02,3.425838153592060138e-03,0.000000000000000000e+00,7.066336689302669072e+01,0.000000000000000000e+00,5.818579448924226934e-06,-9.575692041304153753e-07,-1.524098778982108825e-06,6.090622519269854346e-06
1.760000000000000000e+02,2.099539291893080806e-02,3.425748041929547669e-03,0.000000000000000000e+00,7.598771445048234341e+01,0.000000000000000000e+00,7.096206307184586304e-06,-1.058179448733020697e-06,-1.684264814680241322e-06,7.369710690781362015e-06
1.770000000000000000e+02,2.298898204539717716e-02,3.433421985430144471e-03,0.000000000000000000e+00,8.130395212105929659e+01,0.000000000000000000e+00,8.499572997150433998e-06,-1.152950362112954120e-06,-1.844188430228892464e-06,8.773429582413898930e-06
1.780000000000000000e+02,2.510699138998009894e-02,3.579089705382853832e-03,0.000000000000000000e+00,8.695197703994708149e+01,0.000000000000000000e+00,1.013641846678463872e-05,-1.142089933489518393e-06,-2.014106907708017136e-06,1.039749851577906595e-05
1.790000000000000000e+02,3.020344233168104076e-03,5.894768200453042936e-03,0.000000000000000000e+00,2.805425128844834859e+01,0.000000000000000000e+00,1.682625634585340124e-07,6.819200781651424926e-08,-2.346050686320985062e-07,2.966512740905664719e-07
1.800000000000000000e+02,2.752516442411586522e-03,3.096699777535989219e-03,0.000000000000000000e+00,2.734004384643098717e+01,0.000000000000000000e+00,1.175437725238136618e-07,-1.313484196464347969e-07,-2.143849262103008040e-07,2.775425055535496003e-07
1.810000000000000000e+02,3.017679032730556654e-03,4.130576775059999206e-03,0.000000000000000000e+00,2.804714408728156272e+01,0.000000000000000000e+00,1.671249398237403615e-07,-6.690734972292045229e-08,-2.341019024481168012e-07,2.953151531632970667e-07
1.820000000000000000e+02,2.565786718098293784e-02,7.250644955018500579e-03,0.000000000000000000e+00,8.842097914928820046e+01,0.000000000000000000e+00,1.053512221057631956e-05,1.847402009540579253e-06,-2.058688006895245414e-06,1.089219401619193341e-05
1.830000000000000000e+02,2.665276417137355663e-02,7.309401330445131420e-03,0.000000000000000000e+00,9.107403779032975422e+01,0.000000000000000000e+00,1.136353470021386037e-05,1.969165728033927810e-06,-2.138502839739300276e-06,1.172948118814301902e-05
1.840000000000000000e+02,2.354416709671568880e-02,7.455376006729340713e-03,0.000000000000000000e+00,8.278444559124227453e+01,0.000000000000000000e+00,8.855733134728161927e-06,1.849427400282808951e-06,-1.889152723222302715e-06,9.241931025175276288e-06
1.850000000000000000e+02,2.456595131201325111e-02,7.420430466471530234e-03,0.000000000000000000e+00,8.550920349870243342e+01,0.000000000000000000e+00,9.644990086415364434e-06,1.902235092993625131e-06,-1.971114782936943068e-06,1.002644630981384578e-05
1.860000000000000000e+02,2.151022315832024773e-02,7.517915808922453341e-03,0.000000000000000000e+00,7.736059508885439584e+01,0.000000000000000000e+00,7.384547106295680326e-06,1.732682790714346491e-06,-1.725998898922261646e-06,7.778997224412566525e-06
1.870000000000000000e+02,2.251983506390086570e-02,7.508025500480903017e-03,0.000000000000000000e+00,8.005289350373607249e+01,0.000000000000000000e+00,8.096594692318811689e-06,1.806892252473987215e-06,-1.806987902027363792e-06,8.490283299266810645e-06
1.880000000000000000e+02,1.949999906323835602e-02,7.511769071252030056e-03,0.000000000000000000e+00,7.199999750196920445e+01,0.000000000000000000e+00,6.066008483736294814e-06,1.566913751014008861e-06,-1.564738343179506285e-06,6.457560197976759586e-06
1.890000000000000000e+02,2.050308374612041379e-02,7.512691501870082111e-03,0.000000000000000000e+00,7.467488998965474423e+01,0.000000000000000000e+00,6.707956350696689928e-06,1.648122454315164309e-06,-1.645206320077791285e-06,7.100682351921806982e-06
1.900000000000000000e+02,1.749999503291197259e-02,7.511768798589884590e-03,0.000000000000000000e+00,6.666665342109892833e+01,0.000000000000000000e+00,4.882018763707914982e-06,1.406217632764058011e-06,-1.404298483432899214e-06,5.271015980858400939e-06
1.910000000000000000e+02,1.849999859646561315e-02,7.511769001330810200e-03,0.000000000000000000e+00,6.933332959057524647e+01,0.000000000000000000e+00,5.458013425394354802e-06,1.486563725196304443e-06,-1.484519083849132970e-06,5.848382611557386972e-06
1.920000000000000000e+02,1.549997411836286434e-02,7.511767652065549916e-03,0.000000000000000000e+00,6.133326431563456538e+01,0.000000000000000000e+00,3.826048932514488158e-06,1.245511336725048360e-06,-1.243868173384839385e-06,4.211550421954557091e-06
1.930000000000000000e+02,1.649999223227551631e-02,7.511768379062567190e-03,0.000000000000000000e+00,6.399997928606836695e+01,0.000000000000000000e+00,4.338034176935332005e-06,1.325870437715556596e-06,-1.324082143770975821e-06,4.725427648511845943e-06
1.940000000000000000e+02,1.349986823552339586e-02,7.511763709610766275e-03,0.000000000000000000e+00,5.599964862806258026e+01,0.000000000000000000e+00,2.898098020359676720e-06,1.084641477758320819e-06,-1.083467140743304765e-06,3.278615609667730491e-06
1.950000000000000000e+02,1.449995731454413288e-02,7.511765134901647253e-03,0.000000000000000000e+00,5.866655283878466065e+01,0.000000000000000000e+00,3.346082152645653915e-06,1.165110396717424084e-06,-1.163665791239791926e-06,3.729325151082235348e-06
1.960000000000000000e+02,1.149935056521770443e-02,7.511757675029380465e-03,0.000000000000000000e+00,5.066493484058065633e+01,0.000000000000000000e+00,2.098087896807195300e-06,9.231344248353844863e-07,-9.231615719443841880e-07,2.471108511773576981e-06
1.970000000000000000e+02,1.249976741261102191e-02,7.511748606627351166e-03,0.000000000000000000e+00,5.333271310029618917e+01,0.000000000000000000e+00,2.482147260848126720e-06,1.003998154477169782e-06,-1.003306970965223130e-06,2.859316735990756358e-06
1.980000000000000000e+02,9.496950303770183149e-03,7.511827188424977444e-03,0.000000000000000000e+00,4.532520081005393564e+01,0.000000000000000000e+00,1.425579509253103877e-06,7.598557667301946747e-07,-7.629642968252943929e-07,1.786553173478351311e-06
1.990000000000000000e+02,1.049874562774345821e-02,7.511667057128887208e-03,0.000000000000000000e+00,4.799665500731596524e+01,0.000000000000000000e+00,1.746020951595957104e-06,8.417784465431476868e-07,-8.430611968883565918e-07,2.113748399922629050e-06
2.000000000000000000e+02,7.472533729116001902e-03,7.531045589952789845e-03,0.000000000000000000e+00,3.992675661097610629e+01,0.000000000000000000e+00,8.743418867787186202e-07,5.955487370448689567e-07,-6.015146639975000042e-07,1.216951898875026702e-06
2.010000000000000000e+02,8.484896061024503611e-03,7.518794268154577187e-03,0.000000000000000000e+00,4.262638949606546390e+01,0.000000000000000000e+00,1.133882697565109547e-06,6.779580847695121762e-07,-6.821575909034033153e-07,1.486827533834711296e-06
2.020000000000000000e+02,5.415756893835775229e-03,7.553166880534997393e-03,0.000000000000000000e+00,3.444201838356212164e+01,0.000000000000000000e+00,4.470379375997904809e-07,4.197095685683225914e-07,-4.377839322762234421e-07,7.534280396696918008e-07
2.030000000000000000e+02,6.431255653465809546e-03,7.537604488207670303e-03,0.000000000000000000e+00,3.715001507590891805e+01,0.000000000000000000e+00,6.416188685837113355e-07,5.069987335953018858e-07,-5.185221809802503522e-07,9.682911445213146506e-07
2.040000000000000000e+02,2.752840096644650070e-03,6.965454226713680211e-03,0.000000000000000000e+00,2.734090692438578429e+01,0.000000000000000000e+00,1.151080848707569648e-07,1.346742362925183694e-07,-2.157512521947004475e-07,2.791695254628766142e-07
2.050000000000000000e+02,3.370579793225667725e-03,7.638387223164094797e-03,0.000000000000000000e+00,2.898821278193515738e+01,0.000000000000000000e+00,1.486021644433729728e-07,2.422682803951746114e-07,-2.720639081836292824e-07,3.934403297820909678e-07
2.060000000000000000e+02,4.356500412189759017e-03,7.586268929393225752e-03,0.000000000000000000e+00,3.161733443250607323e+01,0.000000000000000000e+00,2.763335063608153885e-07,3.280259008789661521e-07,-3.524351650287061405e-07,5.551321860007141122e-07
2.070000000000000000e+02,2.721920658418810687e-02,4.346032548509389491e-03,0.000000000000000000e+00,9.258455089116841918e+01,0.000000000000000000e+00,1.193026716753746353e-05,-5.701122105430035840e-07,-2.183626122388032821e-06,1.214185017465657891e-05
2.080000000000000000e+02,2.731498682486634133e-02,6.632970861522620790e-03,0.000000000000000000e+00,9.283996486631038181e+01,0.000000000000000000e+00,1.197801998244678297e-05,1.426849470593562287e-06,-2.191552855508588321e-06,1.226016990217164300e-05
2.090000000000000000e+02,2.722818849128705657e-02,5.616579866244151079e-03,0.000000000000000000e+00,9.260850264343231686e+01,0.000000000000000000e+00,1.193885300842494876e-05,5.367303519814855230e-07,-2.184481860378089522e-06,1.214891977197300082e-05
2.100000000000000000e+02,4.352992148823097915e-03,2.450296232933146974e-03,0.000000000000000000e+00,3.160797906352833664e+01,0.000000000000000000e+00,2.783899961323154191e-07,-3.237559687128085798e-07,-3.515835130980673708e-07,5.531092874885563902e-07
2.110000000000000000e+02,3.370522624257547492e-03,2.398760276998920977e-03,0.000000000000000000e+00,2.898806033135353388e+01,0.000000000000000000e+00,1.507850049730516218e-07,-2.390825100179825560e-07,-2.712539684329642175e-07,3.917592113937507354e-07
2.120000000000000000e+02,6.432041834266200714e-03,2.519766464149963796e-03,0.000000000000000000e+00,3.715211155804325927e+01,0.000000000000000000e+00,6.459660286868455151e-07,-4.963511126411405506e-07,-5.180348004067515562e-07,9.653997056504708960e-07
2.130000000000000000e+02,5.413886529126880898e-03,2.493584605066252388e-03,0.000000000000000000e+00,3.443703074433841493e+01,0.000000000000000000e+00,4.499820095277909329e-07,-4.125434067299352818e-07,-4.368832000023767143e-07,7.506948792814071331e-07
2.140000000000000000e+02,8.482750802393020789e-03,2.558497593253027721e-03,0.000000000000000000e+00,4.262066880638150224e+01,0.000000000000000000e+00,1.139371194368693915e-06,-6.578351206921795478e-07,-6.814589683379447360e-07,1.481654511045491587e-06
2.150000000000000000e+02,7.469878181803972159e-03,2.540212260002598470e-03,0.000000000000000000e+00,3.991967515147736378e+01,0.000000000000000000e+00,8.792534517044899151e-07,-5.793647279945045225e-07,-6.007230543577346336e-07,1.212278148122489175e-06
2.160000000000000000e+02,1.049709062583399979e-02,2.568594026388594867e-03,0.000000000000000000e+00,4.799224166889073473e+01,0.000000000000000000e+00,1.751841315992143615e-06,-8.156737392911351849e-07,-8.424201628375400911e-07,2.108066264646701400e-06
2.170000000000000000e+02,9.497090625834000641e-03,2.568594026388595301e-03,0.000000000000000000e+00,4.532557500222410596e+01,0.000000000000000000e+00,1.431988295334405229e-06,-7.364359235323578014e-07,-7.624760352763988141e-07,1.781655985821760370e-06
2.180000000000000000e+02,1.249996894721945931e-02,2.579239589043419607e-03,0.000000000000000000e+00,5.333325052591867177e+01,0.000000000000000000e+00,2.489432269218889722e-06,-9.685976652888816765e-07,-1.002806350802482520e-06,2.853256917531468024e-06
2.190000000000000000e+02,1.149996894721946016e-02,2.579239589043419607e-03,0.000000000000000000e+00,5.066658385925197194e+01,0.000000000000000000e+00,2.105540508550450696e-06,-8.906639302126393875e-07,-9.226922222700405879e-07,2.465348658256341431e-06
2.200000000000000000e+02,1.449998492857062712e-02,2.579236945107116642e-03,0.000000000000000000e+00,5.866662647618851878e+01,0.000000000000000000e+00,3.353295858238679220e-06,-1.123851684076273850e-06,-1.163147640677261444e-06,3.722975712342861744e-06
2.210000000000000000e+02,1.349998492857062624e-02,2.579236945107117075e-03,0.000000000000000000e+00,5.599995980952179764e+01,0.000000000000000000e+00,2.905355276861769342e-06,-1.046298545189550682e-06,-1.082961181899628135e-06,3.272405056217176201e-06
2.220000000000000000e+02,1.649994897840568325e-02,2.579209595821852635e-03,0.000000000000000000e+00,6.399986394241530263e+01,0.000000000000000000e+00,4.345197798458222144e-06,-1.278801662560665120e-06,-1.323555590036010089e-06,4.718885143739956801e-06
2.230000000000000000e+02,1.549994897840568063e-02,2.579209595821851768e-03,0.000000000000000000e+00,6.133319727574865254e+01,0.000000000000000000e+00,3.833228659135092312e-06,-1.201352492145251838e-06,-1.243344755131107206e-06,4.205091668883124636e-06
2.240000000000000000e+02,1.849976563490204895e-02,2.579099927136793181e-03,0.000000000000000000e+00,6.933270835973893043e+01,0.000000000000000000e+00,5.465046630808088214e-06,-1.433727314952882325e-06,-1.483975799769922335e-06,5.841617315851117686e-06
2.250000000000000000e+02,1.749976563490205153e-02,2.579099927136793181e-03,0.000000000000000000e+00,6.666604169307227323e+01,0.000000000000000000e+00,4.889064050070976437e-06,-1.356287874269217664e-06,-1.403756736973360271e-06,5.264313541211639263e-06
2.260000000000000000e+02,2.049899694998288599e-02,2.578789034024145214e-03,0.000000000000000000e+00,7.466399186662121679e+01,0.000000000000000000e+00,6.712493541691558220e-06,-1.588766310498047022e-06,-1.644353627548968517e-06,7.091237324265624711e-06
2.270000000000000000e+02,1.949899694998288510e-02,2.578789034024146082e-03,0.000000000000000000e+00,7.199732519995453117e+01,0.000000000000000000e+00,6.072528930098667061e-06,-1.511306190195949685e-06,-1.564133531551301520e-06,6.450284312488326932e-06
2.280000000000000000e+02,2.249639596894791732e-02,2.579009815474280713e-03,0.000000000000000000e+00,7.999038925052796856e+01,0.000000000000000000e+00,8.086571928981308450e-06,-1.743340900552498232e-06,-1.804583063847022912e-06,8.466900441864849014e-06
2.290000000000000000e+02,2.149639596894791643e-02,2.579009815474280279e-03,0.000000000000000000e+00,7.732372258386131136e+01,0.000000000000000000e+00,7.382687559750151788e-06,-1.665878374989683159e-06,-1.724364083596205956e-06,7.762258553922595159e-06
2.300000000000000000e+02,2.451374181839854893e-02,2.599277925800278118e-03,0.000000000000000000e+00,8.536997818239625246e+01,0.000000000000000000e+00,9.605507179685548314e-06,-1.883720458235013476e-06,-1.966413514568165593e-06,9.984034908494665160e-06
2.310000000000000000e+02,2.349258607644925598e-02,2.586462977524742884e-03,0.000000000000000000e+00,8.264689620386481295e+01,0.000000000000000000e+00,8.820168765404288766e-06,-1.814908980700968623e-06,-1.884496774923983843e-06,9.200032595221679300e-06
2.320000000000000000e+02,2.729082708713019903e-02,3.331244031414259781e-03,0.000000000000000000e+00,9.277553889901399486e+01,0.000000000000000000e+00,1.195501840594963961e-05,-1.457832462713869689e-06,-2.189263416643267956e-06,1.224094011436170722e-05
2.330000000000000000e+02,2.662693445169575859e-02,2.674965901006529870e-03,0.000000000000000000e+00,9.100515853785552167e+01,0.000000000000000000e+00,1.134035218346779317e-05,-1.981569910731036146e-06,-2.135937605887921022e-06,1.170864793272235968e-05
2.340000000000000000e+02,2.563556105548013553e-02,2.737492483702524872e-03,0.000000000000000000e+00,8.836149614794717877e+01,0.000000000000000000e+00,1.051595505389610760e-05,-1.856517912991965261e-06,-2.056418385389904094e-06,1.087477935558201266e-05
2.350000000000000000e+02,1.999813779834727634e-03,6.074363533414939981e-03,0.000000000000000000e+00,2.533283674622598625e+01,0.000000000000000000e+00,6.414830771074246250e-08,4.541312454290282698e-08,-1.455255799335408825e-07,1.653936264730134512e-07
2.360000000000000000e+02,2.354998917566202346e-03,2.237984011569214924e-03,0.000000000000000000e+00,2.627999711350993195e+01,0.000000000000000000e+00,4.821906321360071885e-08,-1.579150188846135035e-07,-1.852091456950118919e-07,2.481222660214137228e-07
2.370000000000000000e+02,2.002155326039211508e-03,3.969800509630292719e-03,0.000000000000000000e+00,2.533908086943796079e+01,0.000000000000000000e+00,6.485511096427969388e-08,-4.443735934634014008e-08,-1.450263595021841521e-07,1.649651759442627158e-07
2.380000000000000000e+02,2.772097655498031651e-02,7.683973293213128448e-03,0.000000000000000000e+00,9.392260414661437551e+01,0.000000000000000000e+00,1.226293290891404542e-05,2.380377873538821161e-06,-2.224232414597848428e-06,1.268829902640649682e-05
2.390000000000000000e+02,2.606385691109691302e-02,8.301647386709007370e-03,0.000000000000000000e+00,8.950361842959212311e+01,0.000000000000000000e+00,1.077773325776156732e-05,2.753222565642823647e-06,-2.091367831972901076e-06,1.131872731715167950e-05
2.400000000000000000e+02,2.404717570540872845e-02,8.277836551540185273e-03,0.000000000000000000e+00,8.412580188109042467e+01,0.000000000000000000e+00,9.163311586799522337e-06,2.521839143181165044e-06,-1.929591197871024160e-06,9.697900499167663550e-06
2.410000000000000000e+02,2.201577958453054817e-02,8.322672400239546076e-03,0.000000000000000000e+00,7.870874555874854650e+01,0.000000000000000000e+00,7.661420277330061425e-06,2.340368292465917074e-06,-1.766639828872892235e-06,8.203395680766844010e-06
2.420000000000000000e+02,2.000308299606786896e-02,8.331640278063046079e-03,0.000000000000000000e+00,7.334155465618127323e+01,0.000000000000000000e+00,6.307316928933029815e-06,2.132142897312488619e-06,-1.605181414456694356e-06,6.848714299040548795e-06
2.430000000000000000e+02,1.799999474963216717e-02,8.330717644704069280e-03,0.000000000000000000e+00,6.799998599901940111e+01,0.000000000000000000e+00,5.089416337344155629e-06,1.918116380835863994e-06,-1.444486948149755616e-06,5.627421403150066639e-06
2.440000000000000000e+02,1.599997307216587117e-02,8.330716714966126396e-03,0.000000000000000000e+00,6.266659485910928140e+01,0.000000000000000000e+00,4.001360651134081097e-06,1.705012568475464412e-06,-1.284034160109041880e-06,4.535052220584719444e-06
2.450000000000000000e+02,1.399986587923248045e-02,8.330714562678226409e-03,0.000000000000000000e+00,5.733297567795347760e+01,0.000000000000000000e+00,3.041256519551185020e-06,1.491794482056238487e-06,-1.123583797293522872e-06,3.568911955196787880e-06
2.460000000000000000e+02,1.199935995281842596e-02,8.330722205789375598e-03,0.000000000000000000e+00,5.199829320751587858e+01,0.000000000000000000e+00,2.209040473625004974e-06,1.278027630773602545e-06,-9.631647235747143794e-07,2.727801445096935729e-06
2.470000000000000000e+02,9.997147781451835163e-03,8.330891405487494267e-03,0.000000000000000000e+00,4.665906075053831614e+01,0.000000000000000000e+00,1.504553612669620238e-06,1.062655368814487076e-06,-8.028444483814866421e-07,2.009347459889511514e-06
2.480000000000000000e+02,7.982990125570060130e-03,8.343302858581799764e-03,0.000000000000000000e+00,4.128797366818692893e+01,0.000000000000000000e+00,9.247928974863643976e-07,8.457200731227028657e-07,-6.421207495462993513e-07,1.408120521234527246e-06
2.490000000000000000e+02,5.955129034031525839e-03,8.371116572707339512e-03,0.000000000000000000e+00,3.588034409075081044e+01,0.000000000000000000e+00,4.727257178970795711e-07,6.219315288285507365e-07,-4.813834589483860349e-07,9.176047435914005851e-07
2.500000000000000000e+02,2.350049339892291284e-03,7.817982556125990107e-03,0.000000000000000000e+00,2.626679823971281280e+01,0.000000000000000000e+00,4.532527808869479835e-08,1.601109244578746040e-07,-1.865703340252199325e-07,2.499967569846755102e-07
2.510000000000000000e+02,3.953709655437400231e-03,8.438797258805535648e-03,0.000000000000000000e+00,3.054322574783311950e+01,0.000000000000000000e+00,1.570356182183116461e-07,3.945601009678064513e-07,-3.230520251124456995e-07,5.335733029248982440e-07
2.520000000000000000e+02,2.828122304425662384e-02,3.959972316638548685e-03,0.000000000000000000e+00,9.541659478468440625e+01,0.000000000000000000e+00,1.286288142742322656e-05,-9.417218831879408278e-07,-2.268777763411695814e-06,1.309533929537435779e-05
2.530000000000000000e+02,2.829640087489381645e-02,5.991151829012147240e-03,0.000000000000000000e+00,9.545706899971693815e+01,0.000000000000000000e+00,1.287821125153909332e-05,8.969747798536741511e-07,-2.270211478114343319e-06,1.310750735076367395e-05
2.540000000000000000e+02,3.955474623977713738e-03,1.591580466966372679e-03,0.000000000000000000e+00,3.054793233060729563e+01,0.000000000000000000e+00,1.596821999779062020e-07,-3.917629741170203517e-07,-3.219991717397526860e-07,5.316578782261049791e-07
2.550000000000000000e+02,5.956099453682583977e-03,1.669298281984309650e-03,0.000000000000000000e+00,3.588293187648697113e+01,0.000000000000000000e+00,4.770419802511477814e-07,-6.152887897038875029e-07,-4.807012770456796231e-07,9.149989417537914521e-07
2.560000000000000000e+02,7.987127379410950689e-03,1.713765474318450091e-03,0.000000000000000000e+00,4.129900634509598234e+01,0.000000000000000000e+00,9.318739871057721833e-07,-8.325179265998199099e-07,-6.417857171989432697e-07,1.404764796239937826e-06
2.570000000000000000e+02,9.999999999999998473e-03,1.732050807568878909e-03,0.000000000000000000e+00,4.666666666666674246e+01,0.000000000000000000e+00,1.512142168978437367e-06,-1.043790462480187835e-06,-8.023906470842796640e-07,2.004969630517067472e-06
2.580000000000000000e+02,1.199999999999999852e-02,1.732050807568878692e-03,0.000000000000000000e+00,5.200000000000007105e+01,0.000000000000000000e+00,2.215948073738919394e-06,-1.254953356273187444e-06,-9.625273145324530380e-07,2.722460766135964419e-06
2.590000000000000000e+02,1.399999999999999856e-02,1.732050807568878258e-03,0.000000000000000000e+00,5.733333333333346360e+01,0.000000000000000000e+00,3.047954541119060255e-06,-1.464650908324334144e-06,-1.122898067515065865e-06,3.563162813851293660e-06
2.600000000000000000e+02,1.600000000000000033e-02,1.732050807568878475e-03,0.000000000000000000e+00,6.266666666666679930e+01,0.000000000000000000e+00,4.008004588546439288e-06,-1.673850938432563511e-06,-1.283336666270744213e-06,4.529109266168767840e-06
2.610000000000000000e+02,1.799999999999999864e-02,1.732050807568879126e-03,0.000000000000000000e+00,6.800000000000009948e+01,0.000000000000000000e+00,5.096044726300632992e-06,-1.882939162113114450e-06,-1.443786064181661359e-06,5.621356592478447577e-06
2.620000000000000000e+02,1.999999999999999695e-02,1.732050807568878475e-03,0.000000000000000000e+00,7.333333333333347070e+01,0.000000000000000000e+00,6.312063927614706422e-06,-2.092032320689644033e-06,-1.604231861233977486e-06,6.840490488386276876e-06
2.630000000000000000e+02,2.199999999999999872e-02,1.732050807568878475e-03,0.000000000000000000e+00,7.866666666666681351e+01,0.000000000000000000e+00,7.656072043966403366e-06,-2.301149753895793497e-06,-1.764672813775817989e-06,8.186867500572977738e-06
2.640000000000000000e+02,2.402115574194929257e-02,1.744865755844414142e-03,0.000000000000000000e+00,8.405641531186493864e+01,0.000000000000000000e+00,9.145666941025545446e-06,-2.502647321033185483e-06,-1.926808666943254419e-06,9.675694241172040153e-06
2.650000000000000000e+02,2.768895091176427556e-02,2.288905669135689498e-03,0.000000000000000000e+00,9.383720243137146610e+01,0.000000000000000000e+00,1.223219435658263058e-05,-2.402652614408446213e-06,-2.221089201757365939e-06,1.266224923166886893e-05
2.660000000000000000e+02,2.603368488011421206e-02,1.695154121423954156e-03,0.000000000000000000e+00,8.942315968030466422e+01,0.000000000000000000e+00,1.075223903187858320e-05,-2.753691240413039505e-06,-2.088244403547721574e-06,1.129399062931828320e-05
2.670000000000000000e+02,8.661548216556368140e-04,6.572524779837787823e-03,0.000000000000000000e+00,2.230974619108171808e+01,0.000000000000000000e+00,-1.705284023194580468e-09,2.095846132019746550e-08,-5.237841185254481851e-08,5.644167895008779314e-08
2.680000000000000000e+02,8.661548216556368140e-04,7.572524779837788711e-03,0.000000000000000000e+00,2.230974619108170742e+01,0.000000000000000000e+00,-1.058541253916909903e-08,3.656523361672220241e-08,-5.977324741511997956e-08,7.086542439454530890e-08
2.690000000000000000e+02,1.133658958179090820e-03,4.501838753577151395e-03,0.000000000000000000e+00,2.302309055514427527e+01,0.000000000000000000e+00,1.582521690656022625e-08,-9.522762668725001596e-09,-6.883681012203662449e-08,7.127150150489229964e-08
2.700000000000000000e+02,1.133658958179090820e-03,5.501838753577150548e-03,0.000000000000000000e+00,2.302309055514427527e+01,0.000000000000000000e+00,1.467447124435699545e-08,1.051542141399927634e-08,-6.795515244371687022e-08,7.031228155496202569e-08
2.710000000000000000e+02,8.684963678601206882e-04,2.467961756053140519e-03,0.000000000000000000e+00,2.231599031429368907e+01,0.000000000000000000e+00,-1.035603524990894466e-08,-3.802503557752811280e-08,-6.011151113062791450e-08,7.187867950357211664e-08
2.720000000000000000e+02,8.684963678601206882e-04,3.467961756053140974e-03,0.000000000000000000e+00,2.231599031429367841e+01,0.000000000000000000e+00,4.226167159734032752e-09,-2.171954458592320480e-08,-5.371550895127161898e-08,5.809436296041175512e-08
2.730000000000000000e+02,2.652937695074376531e-02,9.180201881067821812e-03,0.000000000000000000e+00,9.074500520198377274e+01,0.000000000000000000e+00,1.106429555069244800e-05,3.548245182476243393e-06,-2.128804609279056216e-06,1.181272572154819551e-05
2.740000000000000000e+02,2.752937695074376620e-02,9.180201881067820077e-03,0.000000000000000000e+00,9.341167186865031624e+01,0.000000000000000000e+00,1.192923528494603728e-05,3.682009880511540047e-06,-2.209022161877044775e-06,1.267847112847010849e-05
2.750000000000000000e+02,2.453447996035314910e-02,9.121445505641187501e-03,0.000000000000000000e+00,8.542527989427554758e+01,0.000000000000000000e+00,9.442226132062497821e-06,3.235270915818676212e-06,-1.968772219185971400e-06,1.017342991713141957e-05
2.760000000000000000e+02,2.553447996035314652e-02,9.121445505641189236e-03,0.000000000000000000e+00,8.809194656094217635e+01,0.000000000000000000e+00,1.024332931197783851e-05,3.367153691892176383e-06,-2.048990006566865525e-06,1.097551271811291623e-05
2.770000000000000000e+02,2.251269574505558591e-02,9.156391045898997980e-03,0.000000000000000000e+00,8.003385532014870307e+01,0.000000000000000000e+00,7.915688381285093046e-06,2.993814105268626183e-06,-1.806591384805393943e-06,8.653601439757336675e-06
2.780000000000000000e+02,2.351269574505558332e-02,9.156391045898997980e-03,0.000000000000000000e+00,8.270052198681537448e+01,0.000000000000000000e+00,8.652095963285738516e-06,3.126810490193172649e-06,-1.886810219927371474e-06,9.391259830582360092e-06
2.790000000000000000e+02,2.050308383947496704e-02,9.166281354340550039e-03,0.000000000000000000e+00,7.467489023860024133e+01,0.000000000000000000e+00,6.531240013704422693e-06,2.733045299777950659e-06,-1.645379969575930339e-06,7.268693690859024550e-06
2.800000000000000000e+02,2.150308383947496793e-02,9.166281354340548304e-03,0.000000000000000000e+00,7.734155690526696958e+01,0.000000000000000000e+00,7.203346328049174127e-06,2.866349128471670192e-06,-1.725601645112080225e-06,7.942408745822852943e-06
2.810000000000000000e+02,1.849999915659290492e-02,9.165358923722497983e-03,0.000000000000000000e+00,6.933333108424803015e+01,0.000000000000000000e+00,5.281304949085092720e-06,2.465498874088838814e-06,-1.484681573225407874e-06,6.014577793764006139e-06
2.820000000000000000e+02,1.949999915659290234e-02,9.165358923722497983e-03,0.000000000000000000e+00,7.199999775091470156e+01,0.000000000000000000e+00,5.889327324416516702e-06,2.598760776302203589e-06,-1.564909511301214791e-06,6.624701931794882597e-06
2.830000000000000000e+02,1.649999559303926694e-02,9.165358720981571505e-03,0.000000000000000000e+00,6.399998824810496956e+01,0.000000000000000000e+00,4.161211703472574782e-06,2.198982013378775251e-06,-1.324214925592583822e-06,4.889248398828051933e-06
2.840000000000000000e+02,1.749999559303926436e-02,9.165358720981571505e-03,0.000000000000000000e+00,6.666665491477166938e+01,0.000000000000000000e+00,4.705267060292756631e-06,2.332241609450439354e-06,-1.404451752675159330e-06,5.436117526242451086e-06
2.850000000000000000e+02,1.449997747912660888e-02,9.165357993984553364e-03,0.000000000000000000e+00,5.866660661100443974e+01,0.000000000000000000e+00,3.169007607097964681e-06,1.932394302549146490e-06,-1.163723273715355543e-06,3.889859741964478498e-06
2.860000000000000000e+02,1.549997747912661150e-02,9.165357993984555099e-03,0.000000000000000000e+00,6.133327327767119641e+01,0.000000000000000000e+00,3.649122040790125717e-06,2.065707070148759737e-06,-1.243972414828922493e-06,4.373866108730143294e-06
2.870000000000000000e+02,1.249988840010587271e-02,9.165356568693673253e-03,0.000000000000000000e+00,5.333303573361577321e+01,0.000000000000000000e+00,2.304675914380197742e-06,1.665431512467079097e-06,-1.003233527396509199e-06,3.015239742298284674e-06
2.880000000000000000e+02,1.349988840010587186e-02,9.165356568693673253e-03,0.000000000000000000e+00,5.599970240028247304e+01,0.000000000000000000e+00,2.720821661770556008e-06,1.798982636823802605e-06,-1.083471152550103903e-06,3.437021789451103099e-06
2.890000000000000000e+02,1.049947155271255608e-02,9.165365637095702553e-03,0.000000000000000000e+00,4.799859080723356897e+01,0.000000000000000000e+00,1.568338437811885601e-06,1.397252309689715483e-06,-8.428771252115203672e-07,2.263281096253027833e-06
2.900000000000000000e+02,1.149947155271255524e-02,9.165365637095702553e-03,0.000000000000000000e+00,5.066525747390024037e+01,0.000000000000000000e+00,1.920373285269348260e-06,1.531536021212981333e-06,-9.230157581146562661e-07,2.624003473468938182e-06
2.910000000000000000e+02,8.497676228739281870e-03,9.165525768391791922e-03,0.000000000000000000e+00,4.266046994330484665e+01,0.000000000000000000e+00,9.604166078570041599e-07,1.126121898952883403e-06,-6.829661183682134613e-07,1.630028622689720634e-06
2.920000000000000000e+02,9.497676228739281024e-03,9.165525768391791922e-03,0.000000000000000000e+00,4.532713660997154648e+01,0.000000000000000000e+00,1.247811174457880625e-06,1.262074556687499567e-06,-7.627446972146996161e-07,1.931746460296756345e-06
2.930000000000000000e+02,6.485313896830781008e-03,9.177777090190006315e-03,0.000000000000000000e+00,3.729417039154885316e+01,0.000000000000000000e+00,4.800947280777840989e-07,8.504134059372483814e-07,-5.236634925111070721e-07,1.108114327276207929e-06
2.940000000000000000e+02,7.485313896830781029e-03,9.177777090190006315e-03,0.000000000000000000e+00,3.996083705821551746e+01,0.000000000000000000e+00,7.011280916764009022e-07,9.899109337096770234e-07,-6.026074459659784657e-07,1.354488830352393915e-06
2.950000000000000000e+02,4.469815137200747537e-03,9.193339482517333405e-03,0.000000000000000000e+00,3.191950703253538180e+01,0.000000000000000000e+00,1.376103922288556153e-07,5.652559665572892854e-07,-3.662461836805848435e-07,6.874497762299349414e-07
2.960000000000000000e+02,5.469815137200746691e-03,9.193339482517333405e-03,0.000000000000000000e+00,3.458617369920206386e+01,0.000000000000000000e+00,2.883443818686392325e-07,7.091712758276440550e-07,-4.440294148192830144e-07,8.850019786638733739e-07
2.970000000000000000e+02,2.483894518236655791e-03,9.245457776288202451e-03,0.000000000000000000e+00,2.662371871529778389e+01,0.000000000000000000e+00,-5.258098573226998648e-08,2.834943355392778277e-07,-2.106821502314405247e-07,3.571004995370030580e-07
2.980000000000000000e+02,3.483894518236655812e-03,9.245457776288202451e-03,0.000000000000000000e+00,2.929038538196445884e+01,0.000000000000000000e+00,1.962725056377719664e-08,4.285101138224872062e-07,-2.890964987670635245e-07,5.172841890220780584e-07
2.990000000000000000e+02,2.917642177359935918e-02,3.472591899771709963e-03,0.000000000000000000e+00,9.780379139626489859e+01,0.000000000000000000e+00,1.366583657165109674e-05,-1.426555772933223737e-06,-2.340536803745191704e-06,1.393801503464720211e-05
3.000000000000000000e+02,2.917642177359935918e-02,2.472591899771709942e-03,0.000000000000000000e+00,9.780379139626498386e+01,0.000000000000000000e+00,1.360095962127046254e-05,-2.360200923782867169e-06,-2.340430302646096070e-06,1.400122369729157476e-05
3.010000000000000000e+02,2.910480127065726702e-02,5.487380416866839694e-03,0.000000000000000000e+00,9.761280338841943660e+01,0.000000000000000000e+00,1.363257866479255204e-05,4.534246277911816020e-07,-2.335006024182106074e-06,1.383853489636136892e-05
3.020000000000000000e+02,2.910480127065726702e-02,4.487380416866839673e-03,0.000000000000000000e+00,9.761280338841943660e+01,0.000000000000000000e+00,1.363217394588720892e-05,-4.779285742957732188e-07,-2.334899592127319725e-06,1.383894281794569573e-05
3.030000000000000000e+02,2.919159960423654832e-02,7.503771412145309426e-03,0.000000000000000000e+00,9.784426561129751576e+01,0.000000000000000000e+00,1.361704124681110873e-05,2.338351189087227237e-06,-2.342183306623573375e-06,1.401347641531846348e-05
3.040000000000000000e+02,2.919159960423654832e-02,6.503771412145309405e-03,0.000000000000000000e+00,9.784426561129747313e+01,0.000000000000000000e+00,1.368116002637619701e-05,1.404220348169926405e-06,-2.342076951908074293e-06,1.395103218053013608e-05
3.050000000000000000e+02,3.486502549706081699e-03,7.700222555160735581e-04,0.000000000000000000e+00,2.929734013254959635e+01,0.000000000000000000e+00,2.129882737736265959e-08,-4.273013376745781517e-07,-2.886245305165433703e-07,5.160854511047851490e-07
3.060000000000000000e+02,2.486502549706081679e-03,7.700222555160735581e-04,0.000000000000000000e+00,2.663067346588292139e+01,0.000000000000000000e+00,-5.097233085983597009e-08,-2.838483811120415419e-07,-2.088009556530771595e-07,3.560420214733784209e-07
3.070000000000000000e+02,5.468972074271632143e-03,8.215582114502991209e-04,0.000000000000000000e+00,3.458392553139110248e+01,0.000000000000000000e+00,2.901610342708277645e-07,-7.073437841187474496e-07,-4.430747188944947161e-07,8.836536998530483364e-07
3.080000000000000000e+02,4.468972074271632122e-03,8.215582114502991209e-04,0.000000000000000000e+00,3.191725886472442753e+01,0.000000000000000000e+00,1.394332089673863387e-07,-5.636756470907463068e-07,-3.652063948207675354e-07,6.859646971266792047e-07
3.090000000000000000e+02,7.487127379410951980e-03,8.477400705340105286e-04,0.000000000000000000e+00,3.996567301176262532e+01,0.000000000000000000e+00,7.049871821616412132e-07,-9.849861464556590744e-07,-6.018739785750309277e-07,1.352574183476646431e-06
3.100000000000000000e+02,6.487127379410951959e-03,8.477400705340105286e-04,0.000000000000000000e+00,3.729900634509595392e+01,0.000000000000000000e+00,4.839063598548661201e-07,-8.462736239395471369e-07,-5.229450118366353155e-07,1.106262128561119885e-06
3.110000000000000000e+02,9.499999999999998029e-03,8.660254037844395628e-04,0.000000000000000000e+00,4.533333333333342807e+01,0.000000000000000000e+00,1.252769904604545821e-06,-1.253737145780517483e-06,-7.620630456476335205e-07,1.929256164985486954e-06
3.120000000000000000e+02,8.500000000000000611e-03,8.660254037844395628e-04,0.000000000000000000e+00,4.266666666666678509e+01,0.000000000000000000e+00,9.653175869695407475e-07,-1.118800002017878741e-06,-6.823117541347796541e-07,1.627605854639993051e-06
3.130000000000000000e+02,1.149999999999999981e-02,8.660254037844393460e-04,0.000000000000000000e+00,5.066666666666673535e+01,0.000000000000000000e+00,1.924759429160623154e-06,-1.521014711903963754e-06,-9.221872472559036290e-07,2.620804062300813250e-06
3.140000000000000000e+02,1.049999999999999892e-02,8.660254037844393460e-04,0.000000000000000000e+00,4.800000000000006395e+01,0.000000000000000000e+00,1.572718169673335440e-06,-1.387721605932228990e-06,-8.420435175584255693e-07,2.260144018033792781e-06
3.150000000000000000e+02,1.349999999999999811e-02,8.660254037844393460e-04,0.000000000000000000e+00,5.600000000000009948e+01,0.000000000000000000e+00,2.725051253796166136e-06,-1.786406462703058837e-06,-1.082607324174361426e-06,3.433539136832327518e-06
3.160000000000000000e+02,1.249999999999999722e-02,8.660254037844393460e-04,0.000000000000000000e+00,5.333333333333340676e+01,0.000000000000000000e+00,2.308899368682812601e-06,-1.653852913131459442e-06,-1.002368793382103032e-06,3.011808252682032603e-06
3.170000000000000000e+02,1.549999999999999989e-02,8.660254037844389123e-04,0.000000000000000000e+00,6.133333333333344228e+01,0.000000000000000000e+00,3.653298531822045576e-06,-2.051116451291016595e-06,-1.243092369505457343e-06,4.370234261283079023e-06
3.180000000000000000e+02,1.449999999999999900e-02,8.660254037844389123e-04,0.000000000000000000e+00,5.866666666666679930e+01,0.000000000000000000e+00,3.173190685100730797e-06,-1.918806016073721051e-06,-1.162845396358566876e-06,3.886279077364756715e-06
3.190000000000000000e+02,1.750000000000000167e-02,8.660254037844395628e-04,0.000000000000000000e+00,6.666666666666669983e+01,0.000000000000000000e+00,4.709430488902440570e-06,-2.315643896695705323e-06,-1.403569048645429102e-06,5.432398021171072902e-06
3.200000000000000000e+02,1.650000000000000078e-02,8.660254037844395628e-04,0.000000000000000000e+00,6.400000000000007105e+01,0.000000000000000000e+00,4.165377042222515036e-06,-2.183387022791956604e-06,-1.323332667118151691e-06,4.885565897931656334e-06
3.210000000000000000e+02,1.949999999999999650e-02,8.660254037844395628e-04,0.000000000000000000e+00,7.200000000000014211e+01,0.000000000000000000e+00,5.893486554877358971e-06,-2.580157660283656113e-06,-1.564026290078472360e-06,6.620919540403527922e-06
3.220000000000000000e+02,1.849999999999999561e-02,8.660254037844395628e-04,0.000000000000000000e+00,6.933333333333341386e+01,0.000000000000000000e+00,5.285465731376568758e-06,-2.447898061261977924e-06,-1.483799545414219681e-06,6.010824735995688663e-06
3.230000000000000000e+02,2.149999999999999828e-02,8.660254037844389123e-04,0.000000000000000000e+00,7.733333333333348492e+01,0.000000000000000000e+00,7.205507436925205786e-06,-2.844694371565751587e-06,-1.724470939747256596e-06,7.936335647717724016e-06
3.240000000000000000e+02,2.049999999999999739e-02,8.660254037844389123e-04,0.000000000000000000e+00,7.466666666666681351e+01,0.000000000000000000e+00,6.533500546224706268e-06,-2.712422559494083904e-06,-1.644249644495762192e-06,7.262742073225195130e-06
3.250000000000000000e+02,2.350000000000000006e-02,8.660254037844395628e-04,0.000000000000000000e+00,8.266666666666684193e+01,0.000000000000000000e+00,8.645512256274110927e-06,-3.109251916270984991e-06,-1.884909479725887037e-06,9.378977204310775761e-06
3.260000000000000000e+02,2.249999999999999917e-02,8.660254037844395628e-04,0.000000000000000000e+00,8.000000000000015632e+01,0.000000000000000000e+00,7.909510888880571153e-06,-2.976971063502421616e-06,-1.804690775871099431e-06,8.641737557387708542e-06
3.270000000000000000e+02,2.552115574194929043e-02,8.788403520599745791e-04,0.000000000000000000e+00,8.805641531186489601e+01,0.000000000000000000e+00,1.023247516555670508e-05,-3.366153814511151370e-06,-2.047043916700495092e-06,1.096471286963699696e-05
3.280000000000000000e+02,2.452115574194928954e-02,8.788403520599745791e-04,0.000000000000000000e+00,8.538974864519825303e+01,0.000000000000000000e+00,9.431798340152766169e-06,-3.234278402786092210e-06,-1.966826112060270863e-06,1.016305966090523167e-05
3.290000000000000000e+02,2.751252913816491785e-02,8.163137693639795772e-04,0.000000000000000000e+00,9.336674436843982505e+01,0.000000000000000000e+00,1.191392411225620268e-05,-3.683818331043810975e-06,-2.206780514415444279e-06,1.266420094153349580e-05
3.300000000000000000e+02,2.651252913816491696e-02,8.163137693639795772e-04,0.000000000000000000e+00,9.070007770177318207e+01,0.000000000000000000e+00,1.104952349223417912e-05,-3.549940348187816349e-06,-2.126562963875376476e-06,1.179899639462836998e-05
3.310000000000000000e+02,2.702505827632983512e-02,1.632627538727959154e-03,0.000000000000000000e+00,9.206682207021299291e+01,4.431583437772960821e+01,1.158718046293456815e-05,-2.912606980984697595e-06,-2.167763487766104058e-06,1.214270270760118713e-05
3.320000000000000000e+02,2.504231148389858552e-02,1.757680704119949158e-03,0.000000000000000000e+00,8.677949729039632132e+01,2.781038581295133483e+01,9.948622630512840394e-06,-2.598743597698662276e-06,-2.008725139205667392e-06,1.047680949601589620e-05
3.330000000000000000e+02,2.299999999999999961e-02,1.732050807568879126e-03,0.000000000000000000e+00,8.133333333333342807e+01,2.718232998307517505e+02,8.376073856803233905e-06,-2.405716247742318780e-06,-1.844891782929614375e-06,8.907845396615008180e-06
3.340000000000000000e+02,2.099999999999999784e-02,1.732050807568877825e-03,0.000000000000000000e+00,7.600000000000017053e+01,1.040969070621947139e+03,6.968068832005054090e-06,-2.196588590081414449e-06,-1.684453476886914364e-06,7.497757544588418294e-06
3.350000000000000000e+02,1.899999999999999606e-02,1.732050807568879126e-03,0.000000000000000000e+00,7.066666666666684193e+01,2.853068984953837116e+03,5.688056752114111052e-06,-1.987482840592677462e-06,-1.524009685830340702e-06,6.215036860665104759e-06
3.360000000000000000e+02,1.700000000000000122e-02,1.732050807568879126e-03,0.000000000000000000e+00,6.533333333333339965e+01,6.009999697134116104e+03,4.536027372772607593e-06,-1.778399131246605927e-06,-1.363561552554884753e-06,5.059401931470451964e-06
3.370000000000000000e+02,1.499999999999999944e-02,1.732050807568877825e-03,0.000000000000000000e+00,6.000000000000021316e+01,1.055560400543565993e+04,3.511977761321504177e-06,-1.569283141445190663e-06,-1.203114272778841782e-06,4.030399648596284916e-06
3.380000000000000000e+02,1.299999999999999767e-02,1.732050807568878692e-03,0.000000000000000000e+00,5.466666666666675667e+01,1.050740071302391152e+04,2.615935775130020494e-06,-1.359900988411300225e-06,-1.042696625366480159e-06,3.127245901818048176e-06
3.390000000000000000e+02,1.099999999999999936e-02,1.732050807568878692e-03,0.000000000000000000e+00,4.933333333333336412e+01,1.510220108741003787e+04,1.848001502463272044e-06,-1.149640717405671154e-06,-8.824256673548794348e-07,2.348501307351188564e-06
3.400000000000000000e+02,8.999999999999999320e-03,1.732050807568879126e-03,0.000000000000000000e+00,4.400000000000013500e+01,1.092343170944036683e+05,1.208468626452827903e-06,-9.370562599175744168e-07,-7.224781928674969995e-07,1.691285190185434433e-06
3.410000000000000000e+02,6.974254758821903794e-03,1.695480141068021057e-03,0.000000000000000000e+00,3.859801269019182257e+01,3.841977080720690428e+05,6.885324748588582814e-07,-7.249189399478023641e-07,-5.613426562052878271e-07,1.146599326751031133e-06
3.420000000000000000e+02,4.937944148543264161e-03,1.643116422900598242e-03,0.000000000000000000e+00,3.316785106278211970e+01,1.026357291587180458e+06,2.998244274620300153e-07,-5.011907353509822061e-07,-4.002295163704036125e-07,7.080045948146661000e-07
3.430000000000000000e+02,2.973005099412163316e-03,1.540044511032147116e-03,0.000000000000000000e+00,2.792801359843248576e+01,2.209214010942191351e+06,5.347180955699471071e-08,-2.787158257923999504e-07,-2.433910554358863043e-07,3.738729086609962019e-07
3.440000000000000000e+02,2.838319920847310121e-02,7.007542824290616951e-03,0.000000000000000000e+00,9.568853122259501731e+01,3.580497055981368959e+01,1.290816260682481910e-05,1.822877127968607463e-06,-2.277282429310824131e-06,1.323365248790935185e-05
3.450000000000000000e+02,2.820960254131453168e-02,4.974760833733678396e-03,0.000000000000000000e+00,9.522560677683884478e+01,2.054208738300575732e+01,1.281544392445037656e-05,-2.328145268770709574e-08,-2.263140524119523995e-06,1.301376002693623173e-05
3.460000000000000000e+02,2.835284354719871600e-02,2.945183799543419408e-03,0.000000000000000000e+00,9.560758279252995351e+01,3.814511467957192536e+01,1.287753017041050850e-05,-1.864813779602616327e-06,-2.274415004422057025e-06,1.320913613128310739e-05
3.470000000000000000e+02,2.967789036473308939e-03,8.490915552576404693e-03,0.000000000000000000e+00,2.791410409726218589e+01,2.141349052399274427e+06,5.156638713585269042e-08,2.807875583013960783e-07,-2.437924633103534299e-07,3.754137855034555953e-07
3.480000000000000000e+02,4.939630274401491522e-03,8.386678965034666602e-03,0.000000000000000000e+00,3.317234739840403535e+01,1.006436271885352093e+06,2.971600848297421815e-07,5.051911160340994399e-07,-4.012303093797596080e-07,7.102872242274783525e-07
3.490000000000000000e+02,6.970627793661560156e-03,8.355554180380012422e-03,0.000000000000000000e+00,3.858834078309758553e+01,3.753251081022194121e+05,6.823774329524469405e-07,7.349071377871800093e-07,-5.617038420686544764e-07,1.149451464120170764e-06
3.500000000000000000e+02,8.995352457478561839e-03,8.331051536783585371e-03,0.000000000000000000e+00,4.398760655327628655e+01,1.040739005179708911e+05,1.200452295006960116e-06,9.537579057651968152e-07,-7.228122672775030448e-07,1.695050863285210216e-06
3.510000000000000000e+02,1.099894310542511022e-02,8.330731274191404898e-03,0.000000000000000000e+00,4.933051494780033153e+01,1.419833403765562616e+04,1.840960507991993770e-06,1.170669339783475960e-06,-8.830246755782790213e-07,2.353579162207072252e-06
3.520000000000000000e+02,1.299977680021174344e-02,8.330713137387346298e-03,0.000000000000000000e+00,5.466607146723141142e+01,1.122442397641242496e+04,2.609187647791969579e-06,1.385024579837419955e-06,-1.043369427108844995e-06,3.132853815544136050e-06
3.530000000000000000e+02,1.499995495825321747e-02,8.330715987969108255e-03,0.000000000000000000e+00,5.999987988867548694e+01,1.065352708039580102e+04,3.505320987717495489e-06,1.598437860565427028e-06,-1.203810173450681637e-06,4.036265322637388053e-06
3.540000000000000000e+02,1.699999118607852661e-02,8.330717441963142803e-03,0.000000000000000000e+00,6.533330982954309718e+01,5.890057799657898613e+03,4.529396589379938754e-06,1.811569072269448364e-06,-1.364262353440791844e-06,5.065414863217584181e-06
3.550000000000000000e+02,1.899999831318580773e-02,8.330717847444994023e-03,0.000000000000000000e+00,7.066666216849571924e+01,2.641594920215970888e+03,5.681431492607617211e-06,2.024667542962433207e-06,-1.524711230686168964e-06,6.221148350722692622e-06
3.560000000000000000e+02,2.100616767894993020e-02,8.332562708681098135e-03,0.000000000000000000e+00,7.601644714386682722e+01,1.004552737995970688e+03,6.965396795309732595e-06,2.239683987902256490e-06,-1.685650379692707258e-06,7.508285695439073990e-06
3.570000000000000000e+02,2.302539149011116615e-02,8.312782091797995751e-03,0.000000000000000000e+00,8.140104397363033684e+01,2.674530753305955386e+02,8.390057730256053950e-06,2.440418573342148262e-06,-1.847629008181533014e-06,8.930982279795238900e-06
3.580000000000000000e+02,2.506895992070629423e-02,8.242891011282376529e-03,0.000000000000000000e+00,8.685055978855054093e+01,2.230963948235823224e+01,9.969935320079071633e-06,2.600977012571330712e-06,-2.011553056830658428e-06,1.049814447447402048e-05
3.590000000000000000e+02,2.705875390148753182e-02,8.360403762135639946e-03,0.000000000000000000e+00,9.215667707063381897e+01,4.738294675983092930e+01,1.161709485722949383e-05,2.909210149180273916e-06,-2.171182506110131993e-06,1.217104884916662205e-05
3.600000000000000000e+02,1.736992735720241376e-03,2.935923512106282732e-03,0.000000000000000000e+00,2.463198062858738169e+01,2.359459809172704816e+06,3.021960691356537563e-08,-7.568726995508485515e-08,-1.246889716203695111e-07,1.489601527892933323e-07
3.610000000000000000e+02,2.267317916358181640e-03,5.003677507154302706e-03,0.000000000000000000e+00,2.604618111028853278e+01,2.242057163856124971e+06,9.388549609324765610e-08,2.359397074098104855e-10,-1.680523941855520977e-07,1.924997382744115292e-07
3.620000000000000000e+02,1.732309643311273628e-03,7.145049559675577255e-03,0.000000000000000000e+00,2.461949238216341840e+01,2.440952754599288572e+06,2.635973261997795358e-08,7.560965625734419638e-08,-1.278249616393530010e-07,1.508339366364630368e-07
3.630000000000000000e+02,2.622881062706168206e-02,3.717304263285100586e-03,0.000000000000000000e+00,8.994349500549797938e+01,3.062028957328052670e+01,1.106382937600566888e-05,-1.077091333173726070e-06,-2.104111719981656289e-06,1.131351989133037803e-05
3.640000000000000000e+02,2.398517215289851234e-02,3.440875147480607077e-03,0.000000000000000000e+00,8.396045907439611256e+01,1.925005816645713423e+02,9.248667888703725608e-06,-1.197166563101916161e-06,-1.924101913510053577e-06,9.522249401739157394e-06
3.650000000000000000e+02,2.199279193789583850e-02,3.425968823379682299e-03,0.000000000000000000e+00,7.864744516772246641e+01,7.485289930227748982e+02,7.782234191717448600e-06,-1.108261256887532242e-06,-1.764274557137527573e-06,8.056306643941557496e-06
3.660000000000000000e+02,1.999799389996577414e-02,3.425527260479413038e-03,0.000000000000000000e+00,7.332798373324227725e+01,2.024930843592972906e+03,6.442015784322157953e-06,-1.008087086973437037e-06,-1.604255147833284191e-06,6.714867200453633043e-06
3.670000000000000000e+02,1.799953126980410184e-02,3.426149046704707237e-03,0.000000000000000000e+00,6.799875005281114682e+01,4.721870499048656711e+03,5.227103283772264130e-06,-9.070750994027176354e-07,-1.443944676794409880e-06,5.498215183568404694e-06
3.680000000000000000e+02,1.599989795681136182e-02,3.426368384074826145e-03,0.000000000000000000e+00,6.266639455149717008e+01,8.635046018120505323e+03,4.139432680657319256e-06,-8.062900344488497135e-07,-1.283555002508890740e-06,4.408233204109211508e-06
3.690000000000000000e+02,1.399996985714125307e-02,3.426423082645355458e-03,0.000000000000000000e+00,5.733325295237684571e+01,1.111539579898366173e+04,3.179664380213767596e-06,-7.055123514364618642e-07,-1.123188533288250090e-06,3.445223611050496139e-06
3.700000000000000000e+02,1.199993789443892095e-02,3.426428370517960956e-03,0.000000000000000000e+00,5.199983438517053713e+01,1.329232811827164187e+04,2.347917272211828091e-06,-6.044315400397113873e-07,-9.629194488016846614e-07,2.608690642568786695e-06
3.710000000000000000e+02,9.994181251668001961e-03,3.405137245208311476e-03,0.000000000000000000e+00,4.665115000444809823e+01,7.246741559408241301e+04,1.641035491631989848e-06,-5.089169431733445071e-07,-8.024077286236416794e-07,1.896273214175557304e-06
3.720000000000000000e+02,7.965501604786040524e-03,3.384944378937176316e-03,0.000000000000000000e+00,4.124133761276287657e+01,2.808461564130029874e+05,1.055780674811346289e-06,-4.068195289232512162e-07,-6.403585510042165658e-07,1.300090010831041415e-06
3.730000000000000000e+02,5.889828909710497634e-03,3.344052787231906101e-03,0.000000000000000000e+00,3.570621042589473859e+01,7.935131888685289305e+05,5.878909740542894037e-07,-2.987495161436886472e-07,-4.742612134432666011e-07,8.122750576912163472e-07
3.740000000000000000e+02,3.768040149102931669e-03,3.257476042965695272e-03,0.000000000000000000e+00,3.004810706427458555e+01,1.778536206132477615e+06,2.397068696869019426e-07,-1.816220210387480053e-07,-3.010469052998856178e-07,4.255292952217639290e-07
3.750000000000000000e+02,2.624677444125958145e-02,6.258398898754623761e-03,0.000000000000000000e+00,8.999139851002576052e+01,3.044868594851466170e+01,1.107990207752096107e-05,1.056429669676475142e-06,-2.105823198301827803e-06,1.132761073823302762e-05
3.760000000000000000e+02,3.773370549978026511e-03,6.785858893751784034e-03,0.000000000000000000e+00,3.006232146660815019e+01,1.716435260805538157e+06,2.386186625393271780e-07,1.860633615615203249e-07,-3.020840063962072734e-07,4.275665884374200636e-07
3.770000000000000000e+02,5.891883513270058936e-03,6.719654796035329052e-03,0.000000000000000000e+00,3.571168936872024346e+01,7.786829228777075186e+05,5.853489453598955328e-07,3.095082819605823011e-07,-4.750149105949168594e-07,8.149036321698598226e-07
3.780000000000000000e+02,7.974439664570443648e-03,6.706536999525568137e-03,0.000000000000000000e+00,4.126517243885465547e+01,2.705072856479338370e+05,1.053346259706621911e-06,4.295088120339225755e-07,-6.414829750604772951e-07,1.305954275518543102e-06
3.790000000000000000e+02,9.998548150061804460e-03,6.692602840066369518e-03,0.000000000000000000e+00,4.666279506683162737e+01,7.199203944998886436e+04,1.637279507502730431e-06,5.393803847715855717e-07,-8.030859503195065976e-07,1.901726170815691457e-06
3.800000000000000000e+02,1.199975802501030038e-02,6.692784075867355166e-03,0.000000000000000000e+00,5.199935473336093850e+01,1.245745500133224959e+04,2.341582175988122361e-06,6.492203417406457734e-07,-9.632406122752320119e-07,2.613871958641332056e-06
3.810000000000000000e+02,1.399995967083504829e-02,6.692814281834186252e-03,0.000000000000000000e+00,5.733322578889373489e+01,1.111583623125815029e+04,3.173404428979285650e-06,7.579681811899526139e-07,-1.123528588941564646e-06,3.450699628152350922e-06
3.820000000000000000e+02,1.599999327847250949e-02,6.692819316161991577e-03,0.000000000000000000e+00,6.266664874259364382e+01,8.567423065397111714e+03,4.133242743578553383e-06,8.663526372518521267e-07,-1.283907749212646722e-06,4.413919072423767979e-06
3.830000000000000000e+02,1.799999887974541857e-02,6.692820155216626377e-03,0.000000000000000000e+00,6.799999701265474528e+01,4.735060608184595367e+03,5.221151581369598269e-06,9.746523597072073324e-07,-1.444329032250717252e-06,5.504221780717359385e-06
3.840000000000000000e+02,1.999999981329090085e-02,6.692820295059065221e-03,0.000000000000000000e+00,7.333333283544267545e+01,2.094311289126990232e+03,6.437113776188478126e-06,1.082952404995482014e-06,-1.604763250298032528e-06,6.721940550807340025e-06
3.850000000000000000e+02,2.201427863769056525e-02,6.703268909163809415e-03,0.000000000000000000e+00,7.870474303384192183e+01,7.309606857547921663e+02,7.790589103553006176e-06,1.199402275095074367e-06,-1.766347095583815323e-06,8.077860264945132965e-06
3.860000000000000000e+02,2.406294270332021146e-02,6.597969921660684807e-03,0.000000000000000000e+00,8.416784720885426907e+01,1.848061275016358991e+02,9.306496159838914035e-06,1.229969695305685456e-06,-1.930676512865913656e-06,9.583903589967863090e-06
3.870000000000000000e+02,2.468811978464829221e-02,4.969208697893837470e-03,0.000000000000000000e+00,8.583498609239572374e+01,1.331847766414654188e+02,9.834983791632706540e-06,-2.482048549286650109e-08,-1.980653595389100951e-06,1.003247282095027288e-05
3.880000000000000000e+02,2.295899908388668309e-02,5.043037588636196424e-03,0.000000000000000000e+00,8.122399755703132485e+01,4.439294370086823847e+02,8.516770009425329418e-06,3.112634996694677195e-08,-1.841954422880507848e-06,8.713732629538161313e-06
3.890000000000000000e+02,2.099389556581056013e-02,5.065317803559673399e-03,0.000000000000000000e+00,7.598372150882846654e+01,1.331143176956792786e+03,7.134792356200066299e-06,4.339041507403433576e-08,-1.684319843644466709e-06,7.331035263174343416e-06
3.900000000000000000e+02,1.899855052089033380e-02,5.067419067642154121e-03,0.000000000000000000e+00,7.066280138904114949e+01,3.351857164796589132e+03,5.858049058076921120e-06,4.050057648435234892e-08,-1.524259815227585877e-06,6.053242688662754757e-06
3.910000000000000000e+02,1.699965744667708903e-02,5.067925692072599783e-03,0.000000000000000000e+00,6.533241985780585992e+01,6.781182755180719141e+03,4.706845961655051815e-06,3.646775182840642416e-08,-1.363926918314356375e-06,4.900614802468602604e-06
3.920000000000000000e+02,1.499990443693910262e-02,5.068056575945909491e-03,0.000000000000000000e+00,5.999974516517119127e+01,1.074267458919913770e+04,3.683191507887227575e-06,3.218527966461218587e-08,-1.203559473117658441e-06,3.874982707229921389e-06
3.930000000000000000e+02,1.299987316369325373e-02,5.068076933018527373e-03,0.000000000000000000e+00,5.466632843651553486e+01,1.134586683990850361e+04,2.787489982925285102e-06,2.783263664055567789e-08,-1.043249142164409504e-06,2.976448190914457722e-06
3.940000000000000000e+02,1.099933761752939880e-02,5.068002984633132244e-03,0.000000000000000000e+00,4.933156698007852015e+01,3.548033995593127474e+04,2.019495815782608955e-06,2.341900089055659983e-08,-8.830566536363600269e-07,2.204246096309943260e-06
3.950000000000000000e+02,8.985092262765087545e-03,5.062335844771693842e-03,0.000000000000000000e+00,4.396024603404036668e+01,1.602291690197038697e+05,1.374497876283582876e-06,1.730827604646169988e-08,-7.219954090996134061e-07,1.552681989039835079e-06
3.960000000000000000e+02,6.927116471538666276e-03,5.048964392668427691e-03,0.000000000000000000e+00,3.847231059076983684e+01,5.091663062168104225e+05,8.453201318460782886e-07,1.008149819125464561e-08,-5.572962482659322299e-07,1.012544749747553224e-06
3.970000000000000000e+02,4.766116325470172443e-03,5.034335344851518894e-03,0.000000000000000000e+00,3.270964353458722229e+01,1.277995534341141116e+06,4.228642807182222420e-07,4.052748401339509811e-09,-3.821886941037510378e-07,5.699989671724630089e-07
3.980000000000000000e+02,1.346410161513777320e-03,8.653589838486224622e-03,0.000000000000000000e+00,2.359042709737008536e+01,3.470876137582798023e+06,-3.746086748950602562e-08,1.059993859405056026e-07,-1.117912321488327343e-07,1.585448390777347211e-07
3.990000000000000000e+02,1.346410161513775586e-03,1.346410161513775152e-03,0.000000000000000000e+00,2.359042709737011734e+01,3.697680261523548514e+06,-3.782926505286686250e-08,-1.049536025302765594e-07,-1.099453474425613850e-07,1.566342599905552799e-07
4.000000000000000000e+02,2.865358983848622157e-02,8.653589838486224622e-03,0.000000000000000000e+00,9.640957290263006030e+01,3.249311262185581484e+01,1.300582572575480894e-05,3.349531722968468200e-06,-2.299147734805610789e-06,1.362559891815179860e-05
4.010000000000000000e+02,2.865358983848622157e-02,1.346410161513776019e-03,0.000000000000000000e+00,9.640957290262993240e+01,3.284629813392437825e+01,1.300581913629863165e-05,-3.350528269621564523e-06,-2.298370035557310543e-06,1.362570643717208003e-05
4.020000000000000000e+02,0.000000000000000000e+00,0.000000000000000000e+00,5.000000000000000104e-03,2.000000000000000000e+01,1.060487772195979953e+07,0.000000000000000000e+00,0.000000000000000000e+00,0.000000000000000000e+00,0.000000000000000000e+00
4.030000000000000000e+02,2.999999999999999889e-02,0.000000000000000000e+00,5.000000000000000104e-03,1.000000000000000000e+02,4.897331617411921023e+00,1.408403559139773808e-05,-4.799965253351810740e-06,2.393767662134624945e-06,1.507082773418316304e-05
4.040000000000000000e+02,1.000000000000000021e-03,0.000000000000000000e+00,5.000000000000000104e-03,2.266666666666669983e+01,0.000000000000000000e+00,-1.355620205273835178e-07,-1.278917762532788119e-07,9.853252094316327772e-08,2.108127736312493653e-07
4.050000000000000000e+02,2.000000000000000042e-03,0.000000000000000000e+00,5.000000000000000104e-03,2.533333333333339255e+01,3.809645893330041785e+06,-1.650923928783014062e-07,-2.730577642105545764e-07,1.774213106972612140e-07,3.650950044460815794e-07
4.060000000000000000e+02,3.000000000000000062e-03,0.000000000000000000e+00,5.000000000000000971e-03,2.800000000000004263e+01,0.000000000000000000e+00,-1.264239884707401260e-07,-4.347376457737963288e-07,2.543498292577942786e-07,5.193011468861413842e-07
4.070000000000000000e+02,4.000000000000000083e-03,0.000000000000000000e+00,5.000000000000000971e-03,3.066666666666668561e+01,1.223477040295138722e+06,-3.855947914209646569e-08,-6.041651647442214876e-07,3.301592227678736650e-07,6.895705127837243327e-07
4.080000000000000000e+02,5.000000000000000104e-03,0.000000000000000000e+00,5.000000000000000104e-03,3.333333333333334991e+01,0.000000000000000000e+00,9.333407237619240236e-08,-7.726401208819980179e-07,4.061333651603517295e-07,8.778543818648651078e-07
4.090000000000000000e+02,6.000000000000000125e-03,0.000000000000000000e+00,5.000000000000000104e-03,3.600000000000000000e+01,4.004312216119370423e+05,2.628879033963349846e-07,-9.411672868827347555e-07,4.829256013685739738e-07,1.090010572475114930e-06
4.100000000000000000e+02,7.000000000000000146e-03,0.000000000000000000e+00,5.000000000000000104e-03,3.866666666666671404e+01,0.000000000000000000e+00,4.673300530725638007e-07,-1.107172118272744861e-06,5.607941827456079092e-07,1.326166502889692424e-06
4.110000000000000000e+02,8.000000000000000167e-03,0.000000000000000000e+00,5.000000000000000104e-03,4.133333333333339255e+01,5.860038117717929708e+04,7.058596998854695180e-07,-1.272083736214234689e-06,6.393585895040124425e-07,1.589092305008029337e-06
4.120000000000000000e+02,8.999999999999999320e-03,0.000000000000000000e+00,4.999999999999999237e-03,4.400000000000009237e+01,0.000000000000000000e+00,9.776678023487944693e-07,-1.435201187459151790e-06,7.185029026960705270e-07,1.879330519471324718e-06
4.130000000000000000e+02,9.999999999999998473e-03,0.000000000000000000e+00,5.000000000000000971e-03,4.666666666666679930e+01,2.854594688620209126e+04,1.281937349156169604e-06,-1.597340884672910726e-06,7.979649869900889383e-07,2.198092215870680412e-06
4.140000000000000000e+02,1.099999999999999936e-02,0.000000000000000000e+00,5.000000000000000104e-03,4.933333333333344228e+01,0.000000000000000000e+00,1.618358213101645195e-06,-1.758629308024271514e-06,8.776305527399166794e-07,2.545996020432484669e-06
4.150000000000000000e+02,1.199999999999999852e-02,0.000000000000000000e+00,5.000000000000000971e-03,5.200000000000009237e+01,2.805077920307716704e+04,1.986786506134398873e-06,-1.919419566033181489e-06,9.573906057426027280e-07,2.923711487714361661e-06
4.160000000000000000e+02,1.299999999999999767e-02,0.000000000000000000e+00,4.999999999999999237e-03,5.466666666666674246e+01,0.000000000000000000e+00,2.387155792466231847e-06,-2.079822282808662902e-06,1.037216643772799739e-06,3.331665029935007372e-06
4.170000000000000000e+02,1.399999999999999856e-02,0.000000000000000000e+00,5.000000000000000971e-03,5.733333333333340676e+01,1.834450906129259965e+04,2.819451054507789022e-06,-2.240017124884156720e-06,1.117057792219525379e-06,3.770251858921062560e-06
4.180000000000000000e+02,1.499999999999999944e-02,0.000000000000000000e+00,5.000000000000000104e-03,6.000000000000009948e+01,0.000000000000000000e+00,3.283666948421876580e-06,-2.400090556820545537e-06,1.196897091339906976e-06,4.239748336441129084e-06
4.190000000000000000e+02,1.600000000000000033e-02,0.000000000000000000e+00,5.000000000000000104e-03,6.266666666666677799e+01,8.365026879466498940e+03,3.779817383007972549e-06,-2.560102158871174499e-06,1.276723550410398130e-06,4.740376096568564163e-06
4.200000000000000000e+02,1.699999999999999775e-02,0.000000000000000000e+00,5.000000000000000104e-03,6.533333333333345649e+01,0.000000000000000000e+00,4.307911494090717500e-06,-2.720085900156307334e-06,1.356538493869173577e-06,5.272301720358662338e-06
4.210000000000000000e+02,1.799999999999999864e-02,0.000000000000000000e+00,5.000000000000000104e-03,6.800000000000009948e+01,3.458594159888898957e+03,4.867972180631165867e-06,-2.880056298673555346e-06,1.436344715067152997e-06,5.835663079327790201e-06
4.220000000000000000e+02,1.899999999999999953e-02,0.000000000000000000e+00,5.000000000000000104e-03,7.066666666666679930e+01,0.000000000000000000e+00,5.460007655088995796e-06,-3.040031895449155615e-06,1.516142167410100685e-06,6.430564873382245482e-06
4.230000000000000000e+02,1.999999999999999695e-02,0.000000000000000000e+00,5.000000000000000104e-03,7.333333333333351334e+01,8.765480029820715799e+02,6.084026840607742391e-06,-3.200009391755033033e-06,1.595933749807156084e-06,7.057084896636102267e-06
4.240000000000000000e+02,2.099999999999999784e-02,0.000000000000000000e+00,5.000000000000000104e-03,7.600000000000009948e+01,0.000000000000000000e+00,6.740035393745112661e-06,-3.359993049874552308e-06,1.675721629335624423e-06,7.715288289050861611e-06
4.250000000000000000e+02,2.199999999999999872e-02,0.000000000000000000e+00,5.000000000000000104e-03,7.866666666666677088e+01,1.902858796435746171e+02,7.428039156915885737e-06,-3.519980509561845945e-06,1.755507484341903797e-06,8.405226649647905678e-06
4.260000000000000000e+02,2.299999999999999614e-02,0.000000000000000000e+00,5.000000000000000104e-03,8.133333333333344228e+01,0.000000000000000000e+00,8.148039851360003817e-06,-3.679973287357253618e-06,1.835291232506250404e-06,9.126940929091632390e-06
4.270000000000000000e+02,2.399999999999999703e-02,0.000000000000000000e+00,5.000000000000000971e-03,8.400000000000014211e+01,6.087872461510951894e+01,8.900039222638399941e-06,-3.839968463177227380e-06,1.915074208604058714e-06,9.880463814374204669e-06
4.280000000000000000e+02,2.499999999999999792e-02,0.000000000000000000e+00,5.000000000000000104e-03,8.666666666666678509e+01,0.000000000000000000e+00,9.684038094748087072e-06,-3.999966118533224972e-06,1.994856656887109944e-06,1.066582279299036204e-05
4.290000000000000000e+02,2.599999999999999534e-02,0.000000000000000000e+00,5.000000000000000104e-03,8.933333333333338544e+01,6.846144233712243476e+01,1.050003701318775815e-05,-4.159965049480539301e-06,2.074638854528704545e-06,1.148304022756746583e-05
4.300000000000000000e+02,2.699999999999999623e-02,0.000000000000000000e+00,5.000000000000000104e-03,9.200000000000000000e+01,0.000000000000000000e+00,1.134803624142673360e-05,-4.319964850339201447e-06,2.154421000699193953e-06,1.233213496087171869e-05
4.310000000000000000e+02,2.799999999999999711e-02,0.000000000000000000e+00,5.000000000000000104e-03,9.466666666666657193e+01,2.634521602609339297e+01,1.222803578500532717e-05,-4.479965004995806650e-06,2.234203159023645195e-06,1.321312261962134246e-05
4.320000000000000000e+02,2.899999999999999453e-02,0.000000000000000000e+00,5.000000000000000104e-03,9.733333333333330017e+01,0.000000000000000000e+00,1.314003559806949835e-05,-4.639965205660106679e-06,2.313985366543050036e-06,1.412601645563410159e-05
4.330000000000000000e+02,2.999999999999999889e-02,1.000000000000000021e-02,5.000000000000000104e-03,1.000000000000000000e+02,5.017935747059071083e+00,1.408404467164350629e-05,4.800030542778902523e-06,2.392703350416506913e-06,1.507068800179854239e-05
4.340000000000000000e+02,2.999999999999999889e-02,1.000000000000000238e-03,5.000000000000000971e-03,1.000000000000000000e+02,0.000000000000000000e+00,1.422803547703960877e-05,-3.839965251573019402e-06,2.393661265226829538e-06,1.493023579592208869e-05
4.350000000000000000e+02,2.999999999999999889e-02,2.000000000000000475e-03,5.000000000000000104e-03,1.000000000000000000e+02,2.245758655781776625e+01,1.434003520537834298e-05,-2.879965420727922204e-06,2.393554928196666040e-06,1.482092830123583675e-05
4.360000000000000000e+02,2.999999999999999889e-02,3.000000000000000496e-03,5.000000000000000104e-03,1.000000000000000000e+02,0.000000000000000000e+00,1.442003502772610894e-05,-1.919965866524555532e-06,2.393448604724415558e-06,1.474287201846792625e-05
4.370000000000000000e+02,2.999999999999999889e-02,4.000000000000000951e-03,4.999999999999999237e-03,1.000000000000000000e+02,5.344338523198752000e+01,1.446803514667491715e-05,-9.599665397877723827e-07,2.393342256688658532e-06,1.469604245777019917e-05
4.380000000000000000e+02,2.999999999999999889e-02,5.000000000000000104e-03,5.000000000000000104e-03,1.000000000000000000e+02,0.000000000000000000e+00,1.448403580260022089e-05,3.264673140646257974e-11,2.393235855046535097e-06,1.468042475509312809e-05
4.390000000000000000e+02,2.999999999999999889e-02,6.000000000000000992e-03,5.000000000000000104e-03,1.000000000000000000e+02,5.209216355727288317e+01,1.446803696743799074e-05,9.600318378833377268e-07,2.393129392502730896e-06,1.469601385104690439e-05
4.400000000000000000e+02,2.999999999999999889e-02,7.000000000000001013e-03,5.000000000000000104e-03,1.000000000000000000e+02,0.000000000000000000e+00,1.442003866539374832e-05,1.920031163055812594e-06,2.393022874134162786e-06,1.474281497050971944e-05
4.410000000000000000e+02,2.999999999999999889e-02,8.000000000000001901e-03,5.000000000000000104e-03,1.000000000000000000e+02,2.398036637472516830e+01,1.434004065867785741e-05,2.880030725494191127e-06,2.392916337382738471e-06,1.482084314976843186e-05
4.420000000000000000e+02,2.999999999999999889e-02,8.999999999999999320e-03,5.000000000000000104e-03,1.000000000000000000e+02,0.000000000000000000e+00,1.422804273879325462e-05,3.840030542574589580e-06,2.392809814586250572e-06,1.493012302540114505e-05
4.430000000000000000e+02,0.000000000000000000e+00,1.000000000000000021e-02,5.000000000000000104e-03,2.000000000000000000e+01,1.052695835566588491e+07,0.000000000000000000e+00,0.000000000000000000e+00,0.000000000000000000e+00,0.000000000000000000e+00
4.440000000000000000e+02,2.899999999999999800e-02,1.000000000000000021e-02,5.000000000000000104e-03,9.733333333333352755e+01,0.000000000000000000e+00,1.314004467434286500e-05,4.640032310870372239e-06,2.312921060906698022e-06,1.412587263582795827e-05
4.450000000000000000e+02,2.800000000000000058e-02,1.000000000000000021e-02,5.000000000000000104e-03,9.466666666666702667e+01,2.361084651509804289e+01,1.222804484346107286e-05,4.480033909800564257e-06,2.233138856883623689e-06,1.321297444486976011e-05
4.460000000000000000e+02,2.699999999999999969e-02,1.000000000000000194e-02,5.000000000000000971e-03,9.200000000000041211e+01,0.000000000000000000e+00,1.134804533275522827e-05,4.320035551430341903e-06,2.153356724195536849e-06,1.233198220974746252e-05
4.470000000000000000e+02,2.599999999999999881e-02,1.000000000000000194e-02,5.000000000000000971e-03,8.933333333333388282e+01,6.785931676184677031e+01,1.050004614507445022e-05,4.160037548439513775e-06,2.073574610306149840e-06,1.148288261359602080e-05
4.480000000000000000e+02,2.499999999999999792e-02,1.000000000000000021e-02,5.000000000000000104e-03,8.666666666666722563e+01,0.000000000000000000e+00,9.684047244051738267e-06,4.000040458686342159e-06,1.993792383124313815e-06,1.066565997785220174e-05
4.490000000000000000e+02,2.400000000000000050e-02,1.000000000000000021e-02,5.000000000000000104e-03,8.400000000000068212e+01,6.383010402911488512e+01,8.900048428340720101e-06,3.840044569065162957e-06,1.914010013902179469e-06,9.880295473948883650e-06
4.500000000000000000e+02,2.299999999999999614e-02,1.000000000000000021e-02,5.000000000000000104e-03,8.133333333333393966e+01,0.000000000000000000e+00,8.148049083008974337e-06,3.680051200325723701e-06,1.834227015709928388e-06,9.126766647685385437e-06
4.510000000000000000e+02,2.200000000000000219e-02,1.000000000000000021e-02,5.000000000000000104e-03,7.866666666666741037e+01,1.794930026245113481e+02,7.428048536039126737e-06,3.520060306048862983e-06,1.754443256518540532e-06,8.405046148137272809e-06
4.520000000000000000e+02,2.099999999999999784e-02,9.999999999999998473e-03,4.999999999999999237e-03,7.600000000000042633e+01,0.000000000000000000e+00,6.740045671475476888e-06,3.360074491553418429e-06,1.674657394172018480e-06,7.715101660394261363e-06
4.530000000000000000e+02,2.000000000000000042e-02,1.000000000000000194e-02,5.000000000000000971e-03,7.333333333333372650e+01,1.127512208931561190e+03,6.084038496579220181e-06,3.200091821348886464e-06,1.594869202896985925e-06,7.056891657611815132e-06
4.540000000000000000e+02,1.899999999999999953e-02,1.000000000000000021e-02,5.000000000000000104e-03,7.066666666666699825e+01,0.000000000000000000e+00,5.460016861391443882e-06,3.040117088082587048e-06,1.515077635441835449e-06,6.430362064250087232e-06
4.550000000000000000e+02,1.800000000000000211e-02,1.000000000000000194e-02,5.000000000000000971e-03,6.800000000000028422e+01,3.340934148667333375e+03,4.867981417714617614e-06,2.880143301163199126e-06,1.435281219676105510e-06,5.835452056011170683e-06
4.560000000000000000e+02,1.699999999999999775e-02,9.999999999999998473e-03,4.999999999999999237e-03,6.533333333333359860e+01,0.000000000000000000e+00,4.307921188422166376e-06,2.720173720930350264e-06,1.355475371577069255e-06,5.272081516881991020e-06
4.570000000000000000e+02,1.600000000000000380e-02,1.000000000000000194e-02,5.000000000000000971e-03,6.266666666666692009e+01,8.760628977600206781e+03,3.779825729869875153e-06,2.560190317140466851e-06,1.275661295756774402e-06,4.740144380676393283e-06
4.580000000000000000e+02,1.499999999999999944e-02,1.000000000000000021e-02,5.000000000000000104e-03,6.000000000000018474e+01,0.000000000000000000e+00,3.283673414755018400e-06,2.400183431110349382e-06,1.195833574429074998e-06,4.239505812648137896e-06
4.590000000000000000e+02,1.400000000000000029e-02,1.000000000000000021e-02,5.000000000000000104e-03,5.733333333333349913e+01,1.814189836143083085e+04,2.819453894443053820e-06,2.240108366089962113e-06,1.115995554568429788e-06,3.769993611736343655e-06
4.600000000000000000e+02,1.299999999999999940e-02,1.000000000000000021e-02,5.000000000000000104e-03,5.466666666666679930e+01,0.000000000000000000e+00,2.387161452637545734e-06,2.079914894531681111e-06,1.036155047723932817e-06,3.331396561860673253e-06
4.610000000000000000e+02,1.200000000000000025e-02,1.000000000000000021e-02,5.000000000000000104e-03,5.200000000000009948e+01,2.844907540156853429e+04,1.986788802983105839e-06,1.919524257481363539e-06,9.563172381593166430e-07,2.923430481937117195e-06
4.620000000000000000e+02,1.100000000000000110e-02,1.000000000000000021e-02,5.000000000000000104e-03,4.933333333333344939e+01,0.000000000000000000e+00,1.618340566690171140e-06,1.758759122608659399e-06,8.765508658205648206e-07,2.545702508449294046e-06
4.630000000000000000e+02,1.000000000000000021e-02,1.000000000000000021e-02,5.000000000000000104e-03,4.666666666666678509e+01,2.813104674329670524e+04,1.281897116466109821e-06,1.597463019737234559e-06,7.969014846435858296e-07,2.197771665314502880e-06
4.640000000000000000e+02,9.000000000000001055e-03,1.000000000000000021e-02,5.000000000000000104e-03,4.400000000000006395e+01,0.000000000000000000e+00,9.776457236390398969e-07,1.435317609230220881e-06,7.174324607705411234e-07,1.878998971815400823e-06
4.650000000000000000e+02,8.000000000000001901e-03,1.000000000000000021e-02,5.000000000000000104e-03,4.133333333333336412e+01,6.125307789946272533e+04,7.058427449617803160e-07,1.272185602748304633e-06,6.382570511929864469e-07,1.588723466136512622e-06
4.660000000000000000e+02,7.000000000000001880e-03,1.000000000000000021e-02,5.000000000000000104e-03,3.866666666666669983e+01,0.000000000000000000e+00,4.672642540810486546e-07,1.107242174567843111e-06,5.597479647153651091e-07,1.325759744556546127e-06
4.670000000000000000e+02,6.000000000000001860e-03,1.000000000000000194e-02,5.000000000000000971e-03,3.600000000000004263e+01,3.969604543445180170e+05,2.627297136543495635e-07,9.410827039901738043e-07,4.819707223601585075e-07,1.089476633709381783e-06
4.680000000000000000e+02,5.000000000000001839e-03,1.000000000000000021e-02,5.000000000000000104e-03,3.333333333333337833e+01,0.000000000000000000e+00,9.327827040233650403e-08,7.724687363347760100e-07,4.051358691145723600e-07,8.772364885178437082e-07
4.690000000000000000e+02,4.000000000000002685e-03,1.000000000000000021e-02,5.000000000000000104e-03,3.066666666666673180e+01,1.305777847455410287e+06,-3.844994281057968486e-08,6.037934058594937009e-07,3.288930868091203349e-07,6.886330936081824041e-07
4.700000000000000000e+02,3.000000000000002665e-03,1.000000000000000021e-02,5.000000000000000104e-03,2.800000000000003553e+01,0.000000000000000000e+00,-1.260713481559160904e-07,4.342413050189199881e-07,2.536879147730396900e-07,5.184757023354884101e-07
4.710000000000000000e+02,2.000000000000002644e-03,1.000000000000000021e-02,5.000000000000000104e-03,2.533333333333333925e+01,4.712619732886459678e+06,-1.642517791649148264e-07,2.717701134820963630e-07,1.793747634369673208e-07,3.647094011661606391e-07
4.720000000000000000e+02,1.000000000000003057e-03,1.000000000000000021e-02,5.000000000000000104e-03,2.266666666666669627e+01,0.000000000000000000e+00,-1.163361531025597446e-07,1.189415785581638337e-07,9.291085262172892953e-08,1.905613448827088487e-07
4.730000000000000000e+02,0.000000000000000000e+00,9.000000000000001055e-03,5.000000000000000971e-03,2.000000000000000000e+01,0.000000000000000000e+00,0.000000000000000000e+00,0.000000000000000000e+00,0.000000000000000000e+00,0.000000000000000000e+00
4.740000000000000000e+02,0.000000000000000000e+00,8.000000000000000167e-03,5.000000000000000104e-03,2.000000000000000000e+01,3.894499009540804196e+06,0.000000000000000000e+00,0.000000000000000000e+00,0.000000000000000000e+00,0.000000000000000000e+00
4.750000000000000000e+02,0.000000000000000000e+00,6.999999999999999278e-03,5.000000000000000104e-03,2.000000000000000000e+01,0.000000000000000000e+00,0.000000000000000000e+00,0.000000000000000000e+00,0.000000000000000000e+00,0.000000000000000000e+00
4.760000000000000000e+02,0.000000000000000000e+00,5.999999999999998390e-03,4.999999999999999237e-03,2.000000000000000000e+01,2.145493335465482902e+06,0.000000000000000000e+00,0.000000000000000000e+00,0.000000000000000000e+00,0.000000000000000000e+00
4.770000000000000000e+02,0.000000000000000000e+00,5.000000000000000104e-03,5.000000000000000104e-03,2.000000000000000000e+01,0.000000000000000000e+00,0.000000000000000000e+00,0.000000000000000000e+00,0.000000000000000000e+00,0.000000000000000000e+00
4.780000000000000000e+02,0.000000000000000000e+00,3.999999999999999216e-03,5.000000000000000104e-03,2.000000000000000000e+01,1.761938685588636203e+06,0.000000000000000000e+00,0.000000000000000000e+00,0.000000000000000000e+00,0.000000000000000000e+00
4.790000000000000000e+02,0.000000000000000000e+00,2.999999999999999195e-03,5.000000000000000104e-03,2.000000000000000000e+01,0.000000000000000000e+00,0.000000000000000000e+00,0.000000000000000000e+00,0.000000000000000000e+00,0.000000000000000000e+00
4.800000000000000000e+02,0.000000000000000000e+00,1.999999999999998307e-03,5.000000000000000104e-03,2.000000000000000000e+01,3.887958305771536659e+06,0.000000000000000000e+00,0.000000000000000000e+00,0.000000000000000000e+00,0.000000000000000000e+00
4.810000000000000000e+02,0.000000000000000000e+00,1.000000000000000888e-03,5.000000000000000104e-03,2.000000000000000000e+01,0.000000000000000000e+00,0.000000000000000000e+00,0.000000000000000000e+00,0.000000000000000000e+00,0.000000000000000000e+00
4.820000000000000000e+02,2.623661647301385111e-02,5.011759613528002019e-03,5.000000000000000104e-03,8.996431059470388902e+01,0.000000000000000000e+00,1.109779344085701501e-05,9.909083419441798054e-09,2.092981797666980899e-06,1.129343571510585478e-05
4.830000000000000000e+02,3.753899443191864929e-03,4.968093262413889911e-03,5.000000000000000104e-03,3.001039851517835899e+01,0.000000000000000000e+00,2.703229612853107089e-07,-3.260750827119742332e-09,2.945696458861919216e-07,3.998204749278514462e-07
4.840000000000000000e+02,2.786047389720973030e-02,1.502623589491607894e-03,5.000000000000000104e-03,9.429459705922593571e+01,0.000000000000000000e+00,1.230762520524083896e-05,-3.117998991366685103e-06,2.222911295396194080e-06,1.288956518002229784e-05
4.850000000000000000e+02,2.850807891376885145e-02,7.852099755615876697e-03,5.000000000000000104e-03,9.602154377005048502e+01,0.000000000000000000e+00,1.295725769497733930e-05,2.601885556531044064e-06,2.273902956848730483e-06,1.341010701226876034e-05
4.860000000000000000e+02,2.151030995228842869e-03,8.508466015546983091e-03,5.000000000000000104e-03,2.573608265394361894e+01,0.000000000000000000e+00,-3.765560249689552549e-09,1.840061276080453780e-07,1.749873001971025090e-07,2.539547000383595516e-07
4.870000000000000000e+02,1.482258144421966760e-03,2.148924811088633296e-03,5.000000000000000104e-03,2.395268838512529541e+01,0.000000000000000000e+00,-4.346333588082645271e-09,-8.582523262003066882e-08,1.126409604335891080e-07,1.416786756620157721e-07
4.880000000000000000e+02,1.492202350844911915e-03,7.839655858932145088e-03,5.000000000000000104e-03,2.397920626891979623e+01,0.000000000000000000e+00,-3.443447050942217474e-09,8.563827813321941451e-08,1.125028912860555067e-07,1.414308048373384382e-07
4.890000000000000000e+02,6.732050807568886602e-04,8.326794919243112394e-03,5.000000000000000104e-03,2.179521354868505156e+01,0.000000000000000000e+00,-2.543079557380854243e-08,3.445482025988589649e-08,5.135507208690166491e-08,6.686705789631206097e-08
4.900000000000000000e+02,1.673205080756889982e-03,9.326794919243111548e-03,5.000000000000000104e-03,2.446188021535171231e+01,0.000000000000000000e+00,-8.446249449520192828e-08,1.744844456660935431e-07,1.455572983538210212e-07,2.424162986678478793e-07
4.910000000000000000e+02,6.732050807568886602e-04,9.326794919243111548e-03,5.000000000000000104e-03,2.179521354868504801e+01,0.000000000000000000e+00,-5.504785780864374821e-08,5.256433332319460305e-08,6.345611878549082926e-08,9.909568506423924169e-08
4.920000000000000000e+02,2.785073491411794305e-02,8.512562797895337902e-03,5.000000000000000104e-03,9.426862643764823702e+01,0.000000000000000000e+00,1.229724716712362221e-05,3.130512693143281255e-06,2.221388223449769599e-06,1.288242846867555794e-05
4.930000000000000000e+02,2.832679491924311455e-02,9.326794919243111548e-03,5.000000000000000104e-03,9.553811978464865717e+01,0.000000000000000000e+00,1.262302201466537542e-05,3.922088818617167678e-06,2.259282849325937487e-06,1.340998972695754336e-05
4.940000000000000000e+02,2.932679491924311196e-02,8.326794919243114129e-03,5.000000000000000104e-03,9.820478645131508699e+01,0.000000000000000000e+00,1.366793469654727615e-05,3.122087299223532758e-06,2.339171593470396104e-06,1.421378175281837449e-05
4.950000000000000000e+02,2.932679491924311196e-02,9.326794919243111548e-03,5.000000000000000104e-03,9.820478645131511541e+01,0.000000000000000000e+00,1.354547933689849502e-05,4.060544638680040248e-06,2.339065146722259238e-06,1.433315244423459521e-05
4.960000000000000000e+02,2.851324575783908966e-02,2.172344606037053538e-03,5.000000000000000104e-03,9.603532202090420355e+01,0.000000000000000000e+00,1.296418784732287791e-05,-2.579985504907757380e-06,2.274919677288174305e-06,1.341274585177551448e-05
4.970000000000000000e+02,2.932679491924310849e-02,1.673205080756888247e-03,5.000000000000000104e-03,9.820478645131494488e+01,0.000000000000000000e+00,1.366792865166954471e-05,-3.122020805362947168e-06,2.339879740671031381e-06,1.421387789229424594e-05
4.980000000000000000e+02,2.832679491924310761e-02,6.732050807568880097e-04,5.000000000000000104e-03,9.553811978464824506e+01,0.000000000000000000e+00,1.262301413152404637e-05,-3.922020501652593604e-06,2.260203851324385742e-06,1.341011752482358473e-05
4.990000000000000000e+02,2.932679491924310849e-02,6.732050807568880097e-04,5.000000000000000104e-03,9.820478645131494488e+01,0.000000000000000000e+00,1.354547148106750889e-05,-4.060478126226433909e-06,2.339986154986854373e-06,1.433327650830425801e-05
5.000000000000000000e+02,2.139429421068740622e-03,1.478211432810591077e-03,5.000000000000000104e-03,2.570514512285001629e+01,0.000000000000000000e+00,-5.885160279025872798e-09,-1.844149166357104960e-07,1.751658921651540608e-07,2.544142023694436993e-07
5.010000000000000000e+02,1.673205080756887814e-03,6.732050807568875760e-04,5.000000000000000104e-03,2.446188021535175494e+01,0.000000000000000000e+00,-8.441223033427443453e-08,-1.776371429901700572e-07,1.461356407386886157e-07,2.450224575295574535e-07
5.020000000000000000e+02,6.732050807568877929e-04,1.673205080756886729e-03,5.000000000000000104e-03,2.179521354868505512e+01,0.000000000000000000e+00,-2.585754877970678210e-08,-3.475911362716916105e-08,5.140894959985083397e-08,6.722863160887164545e-08
5.030000000000000000e+02,6.732050807568877929e-04,6.732050807568875760e-04,5.000000000000000104e-03,2.179521354868506222e+01,0.000000000000000000e+00,-5.271741554687997808e-08,-5.184774592437769311e-08,6.155084718692559381e-08,9.620717981943713990e-08
5.040000000000000000e+02,2.382250401051634603e-02,5.002533039980501528e-03,5.000000000000000104e-03,8.352667736137715337e+01,0.000000000000000000e+00,9.164222656322143875e-06,1.969231172954383373e-09,1.900377781701038585e-06,9.359188879689439187e-06
5.050000000000000000e+02,2.197630252895480321e-02,4.960291588956564426e-03,5.000000000000000104e-03,7.860347341054635706e+01,0.000000000000000000e+00,7.811342447512387589e-06,-2.788524970835080162e-08,1.753086482932059048e-06,8.005695512327408819e-06
5.060000000000000000e+02,1.999841330846088144e-02,4.939683169950630226e-03,5.000000000000000104e-03,7.332910215589589598e+01,0.000000000000000000e+00,6.482991570295182654e-06,-3.855957945930563793e-08,1.595286828725603860e-06,6.676496581860270942e-06
5.070000000000000000e+02,1.800066188623377500e-02,4.932573695505286168e-03,5.000000000000000104e-03,6.800176502995695671e+01,0.000000000000000000e+00,5.268439567398127816e-06,-3.879871345686547106e-08,1.435906892299122168e-06,5.460749895283997781e-06
5.080000000000000000e+02,1.600019051254827213e-02,4.932007257848541534e-03,5.000000000000000104e-03,6.266717470012891766e+01,0.000000000000000000e+00,4.180303565459280467e-06,-3.477330408292960183e-08,1.276331555027391110e-06,4.370946044099270247e-06
5.090000000000000000e+02,1.400038808553850933e-02,4.931899911824264536e-03,5.000000000000000104e-03,5.733436822810283218e+01,0.000000000000000000e+00,3.220641214730323588e-06,-3.046573744175255218e-08,1.116855763030601175e-06,3.408933086845817075e-06
5.100000000000000000e+02,1.200162526399398827e-02,4.931804540218983832e-03,5.000000000000000104e-03,5.200433403731741322e+01,0.000000000000000000e+00,2.389388577317057889e-06,-2.612798688130180880e-08,9.575761419507825254e-07,2.574259604768922603e-06
5.110000000000000000e+02,1.000720016632883173e-02,4.931450187743000382e-03,5.000000000000000104e-03,4.668586711021031732e+01,0.000000000000000000e+00,1.686888698638641641e-06,-2.182681597379992602e-08,7.988363560680109635e-07,1.866603711360914876e-06
5.120000000000000000e+02,8.033876879417627820e-03,4.936646839136913864e-03,5.000000000000000104e-03,4.142367167844707865e+01,0.000000000000000000e+00,1.114917068911928997e-06,-1.602672699567688033e-08,6.418989626814050683e-07,1.286596752996378584e-06
5.130000000000000000e+02,6.184057656488273214e-03,4.949409748693234246e-03,5.000000000000000104e-03,3.649082041730213177e+01,0.000000000000000000e+00,6.861691092193998040e-07,-9.475952331693823506e-09,4.942327878714857272e-07,8.456854549575498600e-07
5.140000000000000000e+02,5.658912659913268445e-03,4.175746620852707064e-03,5.000000000000000104e-03,3.509043375976880696e+01,0.000000000000000000e+00,5.731197659205543291e-07,-1.410957481622052418e-07,4.521402705912535587e-07,7.435086418654562965e-07
5.150000000000000000e+02,6.530849834539088905e-03,4.168464496266219288e-03,5.000000000000000104e-03,3.741559955877099242e+01,0.000000000000000000e+00,7.488044348307618933e-07,-1.679900167631563460e-07,5.222206920640123404e-07,9.282473692793954610e-07
5.160000000000000000e+02,7.528472844781161286e-03,4.118878657426019302e-03,5.000000000000000104e-03,4.007592758608316785e+01,0.000000000000000000e+00,9.758879442326614667e-07,-2.083770565458140072e-07,6.017678685728732803e-07,1.165290884303179619e-06
5.170000000000000000e+02,8.506354893084695432e-03,4.113397872456186696e-03,5.000000000000000104e-03,4.268361304822592217e+01,0.000000000000000000e+00,1.228629961766954375e-06,-2.389150521528112774e-07,6.795214106591797459e-07,1.424205509272060663e-06
5.180000000000000000e+02,9.505879620223227008e-03,4.119173030244328154e-03,5.000000000000000104e-03,4.534901232059536369e+01,0.000000000000000000e+00,1.517803040526560482e-06,-2.665576825139997970e-07,7.590167658398246912e-07,1.717814168868347929e-06
5.190000000000000000e+02,1.050132085883089678e-02,4.119457163820247278e-03,5.000000000000000104e-03,4.800352229021581962e+01,0.000000000000000000e+00,1.836827505821548339e-06,-2.951609760623127174e-07,8.381903220108626881e-07,2.040494622351487717e-06
5.200000000000000000e+02,1.150132164064412640e-02,4.119457987193062519e-03,5.000000000000000104e-03,5.067019104171776434e+01,0.000000000000000000e+00,2.188898766968242823e-06,-3.237182982354403348e-07,9.177974409764426979e-07,2.395500676541430336e-06
5.210000000000000000e+02,1.250030549970161144e-02,4.119528206093127712e-03,5.000000000000000104e-03,5.333414799920439719e+01,0.000000000000000000e+00,2.572430135611968890e-06,-3.520548517130452526e-07,9.973642916497830414e-07,2.781380044416329177e-06
5.220000000000000000e+02,1.350031019058098303e-02,4.119533146330020892e-03,5.000000000000000104e-03,5.600082717488272266e+01,0.000000000000000000e+00,2.988292452272973712e-06,-3.803287065794804213e-07,1.077063745998291978e-06,3.199157391924303872e-06
5.230000000000000000e+02,1.450008915306801732e-02,4.119558299035236404e-03,5.000000000000000104e-03,5.866690440818153718e+01,0.000000000000000000e+00,3.436053969366326726e-06,-4.085339667043868878e-07,1.156772270409351201e-06,3.648491327650007444e-06
5.240000000000000000e+02,1.550011729834424937e-02,4.119587940456592018e-03,5.000000000000000104e-03,6.133364612891816137e+01,0.000000000000000000e+00,3.915955638009670238e-06,-4.367074948653959461e-07,1.236526451185414519e-06,4.129699705718628387e-06
5.250000000000000000e+02,1.650014076286697440e-02,4.119670133775653505e-03,5.000000000000000104e-03,6.400037536764546076e+01,0.000000000000000000e+00,4.427883515684613546e-06,-4.648324528838560252e-07,1.316290054580275088e-06,4.642719154279364443e-06
5.260000000000000000e+02,1.750030963452434835e-02,4.119847982303793260e-03,5.000000000000000104e-03,6.666749235873180623e+01,0.000000000000000000e+00,4.971921800805482679e-06,-4.928971821327604715e-07,1.396075769184366405e-06,5.187675932321039724e-06
5.270000000000000000e+02,1.850075754368712966e-02,4.120332226641477275e-03,5.000000000000000104e-03,6.933535344983253879e+01,0.000000000000000000e+00,5.548165775080350104e-06,-5.207773649705629638e-07,1.475889217818208927e-06,5.764685725597767922e-06
5.280000000000000000e+02,1.950177077363138625e-02,4.121399317810315807e-03,5.000000000000000104e-03,7.200472206301726885e+01,0.000000000000000000e+00,6.156823790430414896e-06,-5.482793266223353031e-07,1.555750606889515004e-06,6.373966532485754356e-06
5.290000000000000000e+02,2.049907428669571485e-02,4.128024547917974983e-03,5.000000000000000104e-03,7.466419809785543293e+01,0.000000000000000000e+00,6.795279717019333511e-06,-5.719654833255677328e-07,1.635317272085932352e-06,7.012648110880281344e-06
5.300000000000000000e+02,2.150515366636127079e-02,4.134427094931005311e-03,5.000000000000000104e-03,7.734707644363027157e+01,0.000000000000000000e+00,7.471601432644844351e-06,-5.956268538439829536e-07,1.715584648008760584e-06,7.689137142866155615e-06
5.310000000000000000e+02,2.248573937379086396e-02,4.148410283829279468e-03,5.000000000000000104e-03,7.996197166344249752e+01,0.000000000000000000e+00,8.162170043009848698e-06,-6.127226905577179524e-07,1.793817490052455062e-06,8.379393181737551733e-06
5.320000000000000000e+02,2.350991546985230218e-02,4.188152428097077426e-03,5.000000000000000104e-03,8.269310791960636209e+01,0.000000000000000000e+00,8.916947734669272769e-06,-6.107316822296419382e-07,1.875525239497330155e-06,9.132499384861410174e-06
5.330000000000000000e+02,2.437553124398425530e-02,4.216410690222740371e-03,5.000000000000000104e-03,8.500141665062488983e+01,0.000000000000000000e+00,9.580874667033210194e-06,-6.111770047804396226e-07,1.944583739550185986e-06,9.795310236878365879e-06
5.340000000000000000e+02,2.546627105180715445e-02,4.385807396223633144e-03,5.000000000000000104e-03,8.791005613815265463e+01,0.000000000000000000e+00,1.045449403408018414e-05,-5.004821050489262161e-07,2.031588109434436123e-06,1.066181401509554346e-05
5.350000000000000000e+02,2.545846520585499234e-02,5.656743519410532481e-03,5.000000000000000104e-03,8.788924054894692972e+01,0.000000000000000000e+00,1.044726975926259801e-05,5.350671900118723948e-07,2.030830081265318946e-06,1.065626637897167358e-05
5.360000000000000000e+02,2.433696203794787766e-02,5.795569575714279616e-03,5.000000000000000104e-03,8.489856543452798121e+01,0.000000000000000000e+00,9.550512586115254924e-06,6.196154538257293362e-07,1.941338501643679984e-06,9.765500967494176540e-06
5.370000000000000000e+02,2.347134626381592454e-02,5.767311313588617538e-03,5.000000000000000104e-03,8.259025670350942505e+01,0.000000000000000000e+00,8.889082032095836893e-06,5.763562255556451680e-07,1.872279992686627676e-06,9.102384206518666194e-06
5.380000000000000000e+02,2.247552177137613488e-02,5.778950012676994583e-03,5.000000000000000104e-03,7.993472472366997295e+01,0.000000000000000000e+00,8.156716429710559384e-06,5.602788869254676892e-07,1.792828676093617319e-06,8.370195338680467046e-06
5.390000000000000000e+02,2.149493606394654172e-02,5.764966823778718691e-03,5.000000000000000104e-03,7.731982950385770437e+01,0.000000000000000000e+00,7.467198367852198956e-06,5.262224051229288316e-07,1.714596006585313297e-06,7.679570362351412774e-06
5.400000000000000000e+02,2.049711560926719550e-02,5.770866913109794737e-03,5.000000000000000104e-03,7.465897495804610173e+01,0.000000000000000000e+00,6.796654675236933420e-06,5.056733689680354577e-07,1.634986026344720534e-06,7.008808717381723752e-06
5.410000000000000000e+02,1.949981209620286690e-02,5.764241683002135561e-03,5.000000000000000104e-03,7.199949892320783817e+01,0.000000000000000000e+00,6.158610352752936125e-06,4.769457129009185915e-07,1.555419700675567708e-06,6.369873557248988188e-06
5.420000000000000000e+02,1.850060712708100075e-02,5.753360262274060007e-03,5.000000000000000104e-03,6.933495233888289988e+01,0.000000000000000000e+00,5.551380673804099808e-06,4.460776862586903786e-07,1.475703768560178697e-06,5.761468068140816283e-06
5.430000000000000000e+02,1.750015921791821943e-02,5.752876017936375125e-03,5.000000000000000104e-03,6.666709124778213891e+01,0.000000000000000000e+00,4.975168388892743421e-06,4.216988886180858845e-07,1.395890558163789173e-06,5.184461486101536726e-06
5.440000000000000000e+02,1.650013305591247620e-02,5.752834042324564932e-03,5.000000000000000104e-03,6.400035481576679786e+01,0.000000000000000000e+00,4.431218726563840592e-06,3.975939769284095984e-07,1.316116517035208910e-06,4.639605916406338944e-06
5.450000000000000000e+02,1.550010959138975117e-02,5.752751849005503446e-03,5.000000000000000104e-03,6.133362557703950557e+01,0.000000000000000000e+00,3.919297169444890613e-06,3.734675397652582042e-07,1.236352300881305709e-06,4.126613056438844745e-06
5.460000000000000000e+02,1.450017101700080968e-02,5.752746349310991145e-03,5.000000000000000104e-03,5.866712271200231044e+01,0.000000000000000000e+00,3.439447522042832195e-06,3.493705264151547364e-07,1.156608764128095199e-06,3.645490756382753441e-06
5.470000000000000000e+02,1.350039205451377539e-02,5.752721196605775633e-03,5.000000000000000104e-03,5.600104547870353855e+01,0.000000000000000000e+00,2.991685353981873182e-06,3.252348247796126555e-07,1.076901361767485517e-06,3.196197035768560782e-06
5.480000000000000000e+02,1.250069187551809680e-02,5.752713892650326497e-03,5.000000000000000104e-03,5.333517833471508851e+01,0.000000000000000000e+00,2.575943198754449682e-06,3.010674112481514447e-07,9.972269069529251316e-07,2.778594330462053864e-06
5.490000000000000000e+02,1.150170801646061003e-02,5.752643673750262171e-03,5.000000000000000104e-03,5.067122137722842723e+01,0.000000000000000000e+00,2.192403186758060482e-06,2.767937646819513356e-07,9.176584056769979759e-07,2.392768996577679821e-06
5.500000000000000000e+02,1.050286469342508536e-02,5.752511943679552119e-03,5.000000000000000104e-03,4.800763918246700257e+01,0.000000000000000000e+00,1.840704289799377821e-06,2.523643872907632730e-07,8.381424635859206952e-07,2.038225418280409737e-06
5.510000000000000000e+02,9.507423454817417324e-03,5.752227810103633862e-03,5.000000000000000104e-03,4.535312921284654664e+01,0.000000000000000000e+00,1.521638252236326663e-06,2.277489409667489353e-07,7.589660484906064960e-07,1.715599607583816281e-06
5.520000000000000000e+02,8.510471713387313120e-03,5.750869646383337946e-03,5.000000000000000104e-03,4.269459123569955494e+01,0.000000000000000000e+00,1.233275182890710078e-06,2.025034832025724047e-07,6.796890338020842502e-07,1.422656852552329139e-06
5.530000000000000000e+02,7.532589665083778106e-03,5.756350431353170552e-03,5.000000000000000104e-03,4.008690577355680773e+01,0.000000000000000000e+00,9.800030057284120535e-07,1.790242340650977153e-07,6.018935489917566834e-07,1.163929298513105205e-06
5.540000000000000000e+02,6.527997415557047767e-03,5.739013004484494647e-03,5.000000000000000104e-03,3.740799310815218348e+01,0.000000000000000000e+00,7.505003506260168018e-07,1.492435255284275462e-07,5.218945172721051494e-07,9.262279921059459527e-07
5.550000000000000000e+02,5.656060240931227306e-03,5.746295129070982423e-03,5.000000000000000104e-03,3.508282730915000514e+01,0.000000000000000000e+00,5.744856949575302498e-07,1.276879520851751280e-07,4.517403093734176542e-07,7.418944223616549391e-07
5.560000000000000000e+02,4.530813376918037434e-03,5.594742059315384840e-03,5.000000000000000104e-03,3.208216900511483516e+01,0.000000000000000000e+00,3.816290877520677228e-07,7.748728781874121942e-08,3.598212827699546368e-07,5.302041077983039808e-07
5.570000000000000000e+02,4.535206548136280248e-03,4.330043076378227093e-03,5.000000000000000104e-03,3.209388412836346305e+01,0.000000000000000000e+00,3.812557855784288706e-07,-8.746185661218034359e-08,3.601827040795139489e-07,5.317303176584020940e-07
5.580000000000000000e+02,4.881998726187095940e-03,3.549097823951212136e-03,5.000000000000000104e-03,3.301866326983232369e+01,0.000000000000000000e+00,4.171830156792069335e-07,-2.086591372378387087e-07,3.898215270355401389e-07,6.078989447797692319e-07
5.590000000000000000e+02,7.003327848206156517e-03,3.345215529585492120e-03,5.000000000000000104e-03,3.867554092854979331e+01,0.000000000000000000e+00,8.224613909677306760e-07,-3.622120990524208074e-07,5.602722944266988131e-07,1.059030400052185802e-06
5.600000000000000000e+02,9.000475585586760474e-03,3.301404848533433592e-03,5.000000000000000104e-03,4.400126822823143158e+01,0.000000000000000000e+00,1.334328219171686864e-06,-4.860024964497028537e-07,7.188933289645784118e-07,1.591677681398781816e-06
5.610000000000000000e+02,1.100000109453852168e-02,3.307180829694390291e-03,5.000000000000000104e-03,4.933333625210281781e+01,0.000000000000000000e+00,1.974840712408985209e-06,-5.950030917234933079e-07,8.779171691669768919e-07,2.241598330314042056e-06
5.620000000000000000e+02,1.300000656723112116e-02,3.307186593304098712e-03,5.000000000000000104e-03,5.466668417928307377e+01,0.000000000000000000e+00,2.742628677878185079e-06,-7.041110606661687055e-07,1.037237879402276565e-06,3.015567420725195683e-06
5.630000000000000000e+02,1.500003940338672133e-02,3.307221174962348374e-03,5.000000000000000104e-03,6.000010507569805895e+01,0.000000000000000000e+00,3.638426529102080770e-06,-8.126010004215322841e-07,1.196712346981117641e-06,3.915429533905181027e-06
5.640000000000000000e+02,1.700023642032032906e-02,3.307428664911844611e-03,5.000000000000000104e-03,6.533396378752104283e+01,0.000000000000000000e+00,4.662415984462383421e-06,-9.208238067621803614e-07,1.356261791603598042e-06,4.942214619240460447e-06
5.650000000000000000e+02,1.900141852192196307e-02,3.308673604608822899e-03,5.000000000000000104e-03,7.067044939179210417e+01,0.000000000000000000e+00,5.815156582236430695e-06,-1.028414054523569829e-06,1.515915799136878822e-06,6.096858392118198225e-06
5.660000000000000000e+02,2.100851113153177560e-02,3.316143242790690893e-03,5.000000000000000104e-03,7.602269635075160181e+01,0.000000000000000000e+00,7.100395653022878394e-06,-1.131992896980758893e-06,1.676047653544140198e-06,7.382828867394387501e-06
5.670000000000000000e+02,2.303876660725877323e-02,3.362287934071518311e-03,5.000000000000000104e-03,8.143671095269027660e+01,0.000000000000000000e+00,8.533677468530863640e-06,-1.207356688713927314e-06,1.838023516886333992e-06,8.812473645879503867e-06
5.680000000000000000e+02,2.515368251114311060e-02,3.571426784340209042e-03,5.000000000000000104e-03,8.707648669638182071e+01,0.000000000000000000e+00,1.017470480583963976e-05,-1.149848710383950581e-06,2.006735700933616762e-06,1.043425886760288434e-05
5.690000000000000000e+02,2.510730745915457085e-02,6.421521793018648491e-03,5.000000000000000104e-03,8.695281989107920140e+01,0.000000000000000000e+00,1.013773525645951657e-05,1.142137444618230212e-06,2.002732445392851091e-06,1.039659036993814555e-05
5.700000000000000000e+02,2.298997979880766651e-02,6.571986548410771803e-03,5.000000000000000104e-03,8.130661279682078657e+01,0.000000000000000000e+00,8.501126239488565863e-06,1.156524851645571988e-06,1.833789575896184262e-06,8.773225249636551747e-06
5.710000000000000000e+02,2.099633485168852717e-02,6.589525336830224025e-03,5.000000000000000104e-03,7.599022627116964657e+01,0.000000000000000000e+00,7.097156886460183774e-06,1.068037723807778607e-06,1.674727926524004978e-06,7.369874766804731798e-06
5.720000000000000000e+02,1.899930942788731481e-02,6.584544005433224517e-03,5.000000000000000104e-03,7.066482514103310564e+01,0.000000000000000000e+00,5.819477620830691628e-06,9.634608665564742734e-07,1.515399325606455173e-06,6.090239054157356853e-06
5.730000000000000000e+02,1.700007829675970195e-02,6.573620609093338771e-03,5.000000000000000104e-03,6.533354212469275524e+01,0.000000000000000000e+00,4.668558192979616933e-06,8.561882302809018844e-07,1.355903002305450982e-06,4.936290797610042484e-06
5.740000000000000000e+02,1.500011356036501549e-02,6.573573133787015410e-03,5.000000000000000104e-03,6.000030282764021194e+01,0.000000000000000000e+00,3.644716415417272101e-06,7.554735682057049691e-07,1.196373353555576426e-06,3.909732377307608535e-06
5.750000000000000000e+02,1.300047480698039715e-02,6.573560330137053972e-03,5.000000000000000104e-03,5.466793281861456677e+01,0.000000000000000000e+00,2.749093447079644091e-06,6.546222554390261719e-07,1.036935679999174585e-06,3.010196120279817654e-06
5.760000000000000000e+02,1.100193130494919388e-02,6.573421296110895651e-03,5.000000000000000104e-03,4.933848347986465654e+01,0.000000000000000000e+00,1.981796346000638138e-06,5.532124263280728286e-07,8.777399773796998227e-07,2.236959591399851630e-06
5.770000000000000000e+02,9.006136240483566743e-03,6.571931402319890550e-03,5.000000000000000104e-03,4.401636330795625440e+01,0.000000000000000000e+00,1.342579618424688171e-06,4.500897665559331083e-07,7.189990381702300351e-07,1.588099633731294503e-06
5.780000000000000000e+02,7.004592249526732199e-03,6.553235811730918729e-03,5.000000000000000104e-03,3.867891266540464557e+01,0.000000000000000000e+00,8.278049735606358361e-07,3.399351346646837367e-07,5.599693496455625858e-07,1.055643236407876468e-06
5.790000000000000000e+02,4.874753135986811987e-03,6.384345315106645241e-03,5.000000000000000104e-03,3.299934169596489397e+01,0.000000000000000000e+00,4.179636939176196648e-07,1.987485286347155730e-07,3.889310162206775025e-07,6.045345006252123753e-07
5.800000000000000000e+02,4.353850151621545435e-03,2.721718736369925246e-03,5.000000000000000104e-03,3.161026707099082955e+01,0.000000000000000000e+00,2.959905130025919210e-07,-2.875375973101332894e-07,3.488647434667109336e-07,5.403654900976892750e-07
5.810000000000000000e+02,5.477556263398533631e-03,2.567422280844405217e-03,5.000000000000000104e-03,3.460681670239616636e+01,0.000000000000000000e+00,4.670227320541534299e-07,-4.049978162648045276e-07,4.396050400716429575e-07,7.585420586170399067e-07
5.820000000000000000e+02,6.499204283580852989e-03,2.538886672265471770e-03,5.000000000000000104e-03,3.733121142288232619e+01,0.000000000000000000e+00,6.624613167732130466e-07,-4.975658071642252473e-07,5.206560703853199889e-07,9.785241296508582102e-07
5.830000000000000000e+02,7.496827293822925370e-03,2.489300833425271784e-03,5.000000000000000104e-03,3.999153945019453005e+01,0.000000000000000000e+00,8.827965547666224524e-07,-5.931246970789289636e-07,5.997226632993845344e-07,1.220980727230244422e-06
5.840000000000000000e+02,8.500554924194332618e-03,2.481493647471350386e-03,5.000000000000000104e-03,4.266814646451827286e+01,0.000000000000000000e+00,1.139224336315778765e-06,-6.795318266167316278e-07,6.792029858913830852e-07,1.490272554898253787e-06
5.850000000000000000e+02,9.500079651332864195e-03,2.487268805259491844e-03,5.000000000000000104e-03,4.533354573688771438e+01,0.000000000000000000e+00,1.427556167518692720e-06,-7.607503602207386010e-07,7.585847730847054752e-07,1.786647301498708148e-06
5.860000000000000000e+02,1.050000154059719387e-02,2.488232563435141369e-03,5.000000000000000104e-03,4.800000410825926878e+01,0.000000000000000000e+00,1.747513908833888529e-06,-8.423231621292517453e-07,8.380960515446485799e-07,2.113224588784175677e-06
5.870000000000000000e+02,1.150000232241042350e-02,2.488233386807956610e-03,5.000000000000000104e-03,5.066667285976122059e+01,0.000000000000000000e+00,2.099399856314786321e-06,-9.235959001987083064e-07,9.177102130590537691e-07,2.470364584167952610e-06
5.880000000000000000e+02,1.250000814904464116e-02,2.488239954700896192e-03,5.000000000000000104e-03,5.333335506411913229e+01,0.000000000000000000e+00,2.483313121076267759e-06,-1.004454704467948740e-06,9.974020593088836160e-07,2.858423372866754096e-06
5.890000000000000000e+02,1.350001283992401102e-02,2.488244894937788939e-03,5.000000000000000104e-03,5.600003423979745776e+01,0.000000000000000000e+00,2.899241102310027545e-06,-1.085070257042813486e-06,1.077126019034779460e-06,3.277678582918791034e-06
5.900000000000000000e+02,1.450004232703672180e-02,2.488278538685714976e-03,5.000000000000000104e-03,5.866677953876470752e+01,0.000000000000000000e+00,3.347202063548455820e-06,-1.165527745844507579e-06,1.156885566434636998e-06,3.728350948392762509e-06
5.910000000000000000e+02,1.550007047231295038e-02,2.488308180107071457e-03,5.000000000000000104e-03,6.133352125950138145e+01,0.000000000000000000e+00,3.827182539008509129e-06,-1.245916170436591068e-06,1.236654302613030978e-06,4.210575632240599376e-06
5.920000000000000000e+02,1.650021455883360702e-02,2.488475460936379752e-03,5.000000000000000104e-03,6.400057215688980250e+01,0.000000000000000000e+00,4.339254033418993867e-06,-1.326198360883023467e-06,1.316445109101347550e-06,4.724505834923763148e-06
5.930000000000000000e+02,1.750038343049098444e-02,2.488653309464519507e-03,5.000000000000000104e-03,6.666768914797616219e+01,0.000000000000000000e+00,4.883353935653467274e-06,-1.406453844414128667e-06,1.396239970923321828e-06,5.270174962345505138e-06
5.940000000000000000e+02,1.850105093268131218e-02,2.489449504490872603e-03,5.000000000000000104e-03,6.933613582048366197e+01,0.000000000000000000e+00,5.459817591364107891e-06,-1.486370837295246734e-06,1.476078399157926787e-06,5.847881140839934954e-06
5.950000000000000000e+02,1.950206416262557224e-02,2.490516595659710702e-03,5.000000000000000104e-03,7.200550443366836362e+01,0.000000000000000000e+00,6.068564207291192226e-06,-1.566099695984380802e-06,1.555943456217633348e-06,6.457638874598410141e-06
5.960000000000000000e+02,2.050488707416590548e-02,2.494048826120849258e-03,5.000000000000000104e-03,7.467969886444257099e+01,0.000000000000000000e+00,6.710764272855071473e-06,-1.644293291717846224e-06,1.635953592217387712e-06,7.100309972874799304e-06
5.970000000000000000e+02,2.151096645383146141e-02,2.500451373133879152e-03,5.000000000000000104e-03,7.736257721021739542e+01,0.000000000000000000e+00,7.387616804035709824e-06,-1.720550270817616245e-06,1.716222121252952694e-06,7.777055589820568447e-06
5.980000000000000000e+02,2.252081131346366644e-02,2.514175117718843357e-03,5.000000000000000104e-03,8.005549683590325571e+01,0.000000000000000000e+00,8.100155643687618909e-06,-1.791424105115773944e-06,1.796789912821028966e-06,8.488237494743513828e-06
5.990000000000000000e+02,2.354498740952510466e-02,2.553917261986641315e-03,5.000000000000000104e-03,8.278663309206704923e+01,0.000000000000000000e+00,8.858163619187325158e-06,-1.842944759137812911e-06,1.878497864701032181e-06,9.240793381372282124e-06
6.000000000000000000e+02,2.457380109159133103e-02,2.590115038215598693e-03,5.000000000000000104e-03,8.553013624424366412e+01,0.000000000000000000e+00,9.653060646222754978e-06,-1.895007250149903553e-06,1.960575880041482255e-06,1.003077714333119957e-05
6.010000000000000000e+02,2.566454089941423364e-02,2.759511744216491466e-03,5.000000000000000104e-03,8.843877573177141471e+01,0.000000000000000000e+00,1.054241628012290092e-05,-1.840000132920170233e-06,2.047580074686025562e-06,1.089590407790000005e-05
6.020000000000000000e+02,2.665589013744962613e-02,2.699830253905271225e-03,5.000000000000000104e-03,9.108237369986575516e+01,0.000000000000000000e+00,1.136796576031497908e-05,-1.961982980713431824e-06,2.126678928283989936e-06,1.173042139090962301e-05
6.030000000000000000e+02,2.730866199807898548e-02,3.369551270450716653e-03,5.000000000000000104e-03,9.282309866154409406e+01,0.000000000000000000e+00,1.197370907556183379e-05,-1.424776841620887703e-06,2.178687390333306821e-06,1.225342306538904942e-05
6.040000000000000000e+02,2.722529316185513804e-02,4.387877369723391756e-03,5.000000000000000104e-03,9.260078176494732816e+01,0.000000000000000000e+00,1.193750507133646682e-05,-5.332518275304149934e-07,2.171927552585166684e-06,1.214519057624980177e-05
6.050000000000000000e+02,2.721748731590297593e-02,5.658813492910291093e-03,5.000000000000000104e-03,9.257996617574157483e+01,0.000000000000000000e+00,1.192975722919489240e-05,5.738351025672941513e-07,2.171169519178610590e-06,1.213929039744401697e-05
6.060000000000000000e+02,2.729568930805658517e-02,6.666652704730215498e-03,5.000000000000000104e-03,9.278850482148452272e+01,0.000000000000000000e+00,1.196046836391771339e-05,1.455792983082730088e-06,2.177301480647348494e-06,1.224388739051035682e-05
6.070000000000000000e+02,2.663834530840567677e-02,7.327115747009676702e-03,5.000000000000000104e-03,9.103558748908220366e+01,0.000000000000000000e+00,1.135101442804723444e-05,1.983732459137482622e-06,2.124786687410635282e-06,1.171731374855899339e-05
6.080000000000000000e+02,2.563556105548013553e-02,7.262507516297476637e-03,5.000000000000000104e-03,8.836149614794749141e+01,0.000000000000000000e+00,1.051704727008048000e-05,1.856058803203246678e-06,2.044788774253152771e-06,1.087356421296012937e-05
6.090000000000000000e+02,2.451405788757302084e-02,7.401333572601223772e-03,5.000000000000000104e-03,8.537082103352844342e+01,0.000000000000000000e+00,9.606800593595930034e-06,1.883767277232989603e-06,1.955297324029445591e-06,9.983104949125078210e-06
6.100000000000000000e+02,2.349290214562372789e-02,7.414148520876758137e-03,5.000000000000000104e-03,8.264773905499706075e+01,0.000000000000000000e+00,8.821451723007002897e-06,1.814937660919002379e-06,1.873825111792771902e-06,9.199088528976692133e-06
6.110000000000000000e+02,2.249707765318393476e-02,7.425787219965135182e-03,5.000000000000000104e-03,7.999220707515753759e+01,0.000000000000000000e+00,8.087783192421532619e-06,1.746393462562017287e-06,1.794373587227097085e-06,8.466516619261657369e-06
6.120000000000000000e+02,2.149707765318393388e-02,7.425787219965136049e-03,5.000000000000000104e-03,7.732554040849083776e+01,0.000000000000000000e+00,7.383876989063627425e-06,1.668778938335017257e-06,1.714589869827391157e-06,7.761847779773099412e-06
6.130000000000000000e+02,2.049925719850458766e-02,7.431687309296211227e-03,5.000000000000000104e-03,7.466468586267919250e+01,0.000000000000000000e+00,6.712943220833122341e-06,1.595208118108411539e-06,1.634979182347819777e-06,7.090941584367981839e-06
6.140000000000000000e+02,1.949925719850459371e-02,7.431687309296211227e-03,5.000000000000000104e-03,7.199801919601252109e+01,0.000000000000000000e+00,6.072970172176615613e-06,1.517414110624850289e-06,1.555194204662312526e-06,6.449972194473827487e-06
6.150000000000000000e+02,1.850005222938272409e-02,7.420805888568136541e-03,5.000000000000000104e-03,6.933347261168754017e+01,0.000000000000000000e+00,5.466316252076630810e-06,1.433245509534774583e-06,1.475474648741809898e-06,5.840533494245064397e-06
6.160000000000000000e+02,1.750005222938272320e-02,7.420805888568136541e-03,5.000000000000000104e-03,6.666680594502078350e+01,0.000000000000000000e+00,4.890324552401052863e-06,1.355809795537375767e-06,1.395690913487334903e-06,5.263216464813391625e-06
6.170000000000000000e+02,1.650002606737697997e-02,7.420763912956325481e-03,5.000000000000000104e-03,6.400006951300548508e+01,0.000000000000000000e+00,4.346331385419881039e-06,1.278346811844939063e-06,1.315907720847061346e-06,4.717666818780754600e-06
6.180000000000000000e+02,1.550002606737697908e-02,7.420763912956325481e-03,5.000000000000000104e-03,6.133340284633877815e+01,0.000000000000000000e+00,3.834359776993812606e-06,1.200899509523464064e-06,1.236129837064954546e-06,4.203866256850230590e-06
6.190000000000000000e+02,1.450008749298803933e-02,7.420758413261813180e-03,5.000000000000000104e-03,5.866689998130157591e+01,0.000000000000000000e+00,3.354431228344216199e-06,1.123414441103844852e-06,1.156368627541786698e-06,3.721754596280419290e-06
6.200000000000000000e+02,1.350008749298803844e-02,7.420758413261812313e-03,5.000000000000000104e-03,5.600023331463492582e+01,0.000000000000000000e+00,2.906490394454617540e-06,1.045857965738533849e-06,1.076616200079885895e-06,3.271178341183824160e-06
6.210000000000000000e+02,1.250038731399235985e-02,7.420751109306363176e-03,5.000000000000000104e-03,5.333436617064648289e+01,0.000000000000000000e+00,2.490692421137751345e-06,9.681779636867161865e-07,9.969210808197080443e-07,2.852151634724970924e-06
6.220000000000000000e+02,1.150038731399235896e-02,7.420751109306363176e-03,5.000000000000000104e-03,5.066769950397978306e+01,0.000000000000000000e+00,2.106787338319025125e-06,8.902400157081146315e-07,9.172345380719053804e-07,2.464223888428429577e-06
6.230000000000000000e+02,1.050154399095683602e-02,7.420619379235653124e-03,5.000000000000000104e-03,4.800411730921831577e+01,0.000000000000000000e+00,1.755265896589470036e-06,8.119584092296682441e-07,8.377091298941418678e-07,2.107603238837141766e-06
6.240000000000000000e+02,9.501543990956835134e-03,7.420619379235653124e-03,5.000000000000000104e-03,4.533745064255165858e+01,0.000000000000000000e+00,1.435310969917622688e-06,7.330191037518911996e-07,7.581835207293647588e-07,1.781088666500538822e-06
6.250000000000000000e+02,8.504592249526730929e-03,7.419261215515358075e-03,5.000000000000000104e-03,4.267891266540466688e+01,0.000000000000000000e+00,1.148191077680425169e-06,6.530702333341121019e-07,6.790468977084301429e-07,1.485243471562642927e-06
6.260000000000000000e+02,7.504592249526731776e-03,7.419261215515358943e-03,5.000000000000000104e-03,4.001224599873796706e+01,0.000000000000000000e+00,8.917695450600327600e-07,5.720262081535626031e-07,5.997717173926999969e-07,1.217453496974446888e-06
6.270000000000000000e+02,6.500000000000001436e-03,7.401923788646683038e-03,5.000000000000000104e-03,3.733333333333334991e+01,0.000000000000000000e+00,6.670973876188379125e-07,4.855552801007319564e-07,5.200639894431229873e-07,9.753201565214752628e-07
6.280000000000000000e+02,5.475429841743128731e-03,7.384614360368801922e-03,5.000000000000000104e-03,3.460114624464839039e+01,0.000000000000000000e+00,4.702364292501746458e-07,3.966021620616035403e-07,4.388197112945483142e-07,7.556310696143480838e-07
6.290000000000000000e+02,4.350182977729938859e-03,7.233061290613204339e-03,5.000000000000000104e-03,3.160048794061323463e+01,0.000000000000000000e+00,2.985401611284844427e-07,2.813166663255527290e-07,3.479623032937644627e-07,5.379061805488440413e-07
6.300000000000000000e+02,3.352579050458765267e-03,7.298067218979395476e-03,5.000000000000000104e-03,2.894021080122343648e+01,0.000000000000000000e+00,1.659690190945392910e-07,2.070898780853357018e-07,2.660242533941886112e-07,3.757669973514681107e-07
6.310000000000000000e+02,2.693750406074834312e-03,6.629257062364556606e-03,5.000000000000000104e-03,2.718333441619959956e+01,0.000000000000000000e+00,1.195095866147789449e-07,1.079470727808265130e-07,2.064588338400706399e-07,2.618403366278509120e-07
6.320000000000000000e+02,2.771744765477639205e-03,5.609175111414635428e-03,5.000000000000000104e-03,2.739131937460708954e+01,0.000000000000000000e+00,1.466520384529846580e-07,4.175350099958592095e-08,2.096253361876347656e-07,2.592160427132491788e-07
6.330000000000000000e+02,2.776137936695882019e-03,4.344476128477476815e-03,5.000000000000000104e-03,2.740303449785573164e+01,0.000000000000000000e+00,1.469969312911310114e-07,-4.495448550707757667e-08,2.102087585060809792e-07,2.604164467326965992e-07
6.340000000000000000e+02,2.688199370870132839e-03,3.327416870070112019e-03,5.000000000000000104e-03,2.716853165565373374e+01,0.000000000000000000e+00,1.183549670067707474e-07,-1.099770058983235692e-07,2.060113543844173976e-07,2.618081705692847215e-07
6.350000000000000000e+02,3.345370647516906701e-03,2.656703491792069584e-03,5.000000000000000104e-03,2.892098839337845106e+01,0.000000000000000000e+00,1.624504209139647135e-07,-2.113066373438941930e-07,2.660332979745944706e-07,3.765824609191826094e-07
6.360000000000000000e+02,3.940928184728344393e-03,1.675027948685262665e-03,5.000000000000000104e-03,3.050914182594227952e+01,0.000000000000000000e+00,1.663366019745269677e-07,-3.785878241759748520e-07,3.194638798311785210e-07,5.225454777218158365e-07
6.370000000000000000e+02,5.971055709015302485e-03,1.711507584684184881e-03,5.000000000000000104e-03,3.592281522404085337e+01,0.000000000000000000e+00,4.853276402856271672e-07,-6.083914130665008222e-07,4.796359663809955819e-07,9.141847133727954999e-07
6.380000000000000000e+02,7.996431359569029090e-03,1.675164790151330036e-03,5.000000000000000104e-03,4.132381695885081996e+01,0.000000000000000000e+00,9.312791900834125075e-07,-8.427534631810783474e-07,6.393533980565143647e-07,1.409356980041795377e-06
6.390000000000000000e+02,1.000008087920476602e-02,1.668321362373058163e-03,5.000000000000000104e-03,4.666688234454613138e+01,0.000000000000000000e+00,1.506513825893236226e-06,-1.063571636019821305e-06,7.982793743602128088e-07,2.009482145250932151e-06
6.400000000000000000e+02,1.200000859510331336e-02,1.669291688441646836e-03,5.000000000000000104e-03,5.200002292027558326e+01,0.000000000000000000e+00,2.210368407673866277e-06,-1.278497372699552139e-06,9.575277788290194268e-07,2.727112663032386720e-06
6.410000000000000000e+02,1.400004390885024180e-02,1.669331900082512022e-03,5.000000000000000104e-03,5.733345042360073052e+01,0.000000000000000000e+00,3.042420715222534774e-06,-1.492212940369962620e-06,1.117032597451890001e-06,3.568022574423105573e-06
6.420000000000000000e+02,1.600021748248360576e-02,1.669532824659746353e-03,5.000000000000000104e-03,6.266724661995644396e+01,0.000000000000000000e+00,4.002599564839389449e-06,-1.705345442056299412e-06,1.276619164028619805e-06,4.534177195827242978e-06
6.430000000000000000e+02,1.800102907119459361e-02,1.670496300515407744e-03,5.000000000000000104e-03,6.800274418985236480e+01,0.000000000000000000e+00,5.091224126588848109e-06,-1.917969494056072501e-06,1.436263651548583516e-06,5.626901755322351075e-06
6.440000000000000000e+02,2.000451948492525805e-02,1.674824726002899396e-03,5.000000000000000104e-03,7.334538529313414301e+01,0.000000000000000000e+00,6.310007182866726195e-06,-2.128604766358200035e-06,1.596117653814906507e-06,6.847973456725144667e-06
6.450000000000000000e+02,2.201718725609779631e-02,1.692080701049002156e-03,5.000000000000000104e-03,7.871249934959422490e+01,0.000000000000000000e+00,7.665059271914062745e-06,-2.330575307159784372e-06,1.756696713314519521e-06,8.201871630723604986e-06
6.460000000000000000e+02,2.405584579779622423e-02,1.742002221862923739e-03,5.000000000000000104e-03,8.414892212745672850e+01,0.000000000000000000e+00,9.173141291330010245e-06,-2.507932600538747941e-06,1.919342689756112159e-06,9.701552630392152438e-06
6.470000000000000000e+02,2.607600871789784655e-02,1.718518507780660443e-03,5.000000000000000104e-03,8.953602324772765542e+01,0.000000000000000000e+00,1.079107698349107323e-05,-2.738138941638601647e-06,2.080519230341695537e-06,1.132578066162196961e-05
6.480000000000000000e+02,2.772012981656259839e-02,2.328558034014885630e-03,5.000000000000000104e-03,9.392034617750027792e+01,0.000000000000000000e+00,1.226433885279850002e-05,-2.369651935597296901e-06,2.211626282427359434e-06,1.268544633055007236e-05
6.490000000000000000e+02,2.828953284096811377e-02,4.016605149833006594e-03,5.000000000000000104e-03,9.543875424258176565e+01,0.000000000000000000e+00,1.287332452305076456e-05,-8.901985419034305900e-07,2.256874941252737680e-06,1.309993977926012310e-05
6.500000000000000000e+02,2.828436599689787209e-02,6.042770460925604367e-03,5.000000000000000104e-03,9.542497599172784817e+01,0.000000000000000000e+00,1.286672457185761521e-05,9.438451921070612593e-07,2.256247073129055707e-06,1.309710257307743602e-05
6.510000000000000000e+02,2.770522398940057293e-02,7.711072715024990844e-03,5.000000000000000104e-03,9.388059730506851963e+01,0.000000000000000000e+00,1.224771222042063691e-05,2.403582446979069514e-06,2.209864200209062930e-06,1.267545513964025529e-05
6.520000000000000000e+02,2.604509573682412676e-02,8.306927526592252850e-03,5.000000000000000104e-03,8.945358863153150253e+01,0.000000000000000000e+00,1.076262117821703996e-05,2.756173067105995372e-06,2.077351779113487907e-06,1.130247296019027828e-05
6.530000000000000000e+02,2.402115574194929257e-02,8.255134244155587150e-03,5.000000000000000104e-03,8.405641531186530813e+01,0.000000000000000000e+00,9.146760997482762304e-06,2.502190984825090410e-06,1.915881863994813206e-06,9.674440541261083152e-06
6.540000000000000000e+02,2.199999999999999872e-02,8.267949192431123251e-03,5.000000000000000104e-03,7.866666666666711194e+01,0.000000000000000000e+00,7.657166141321515104e-06,2.300696755316776806e-06,1.754625809694233948e-06,8.185603863354914600e-06
6.550000000000000000e+02,2.000000000000000042e-02,8.267949192431123251e-03,5.000000000000000104e-03,7.333333333333365545e+01,0.000000000000000000e+00,6.313158109784768769e-06,2.091582116086087709e-06,1.595055557851614780e-06,6.839216570639189973e-06
6.560000000000000000e+02,1.800000000000000211e-02,8.267949192431123251e-03,5.000000000000000104e-03,6.800000000000028422e+01,0.000000000000000000e+00,5.097139334510860433e-06,1.882490800181721239e-06,1.435480875326254471e-06,5.620071739009571327e-06
6.570000000000000000e+02,1.600000000000000033e-02,8.267949192431123251e-03,5.000000000000000104e-03,6.266666666666687036e+01,0.000000000000000000e+00,4.009100589742555449e-06,1.673403673435142450e-06,1.275901834821468241e-06,4.527813256423140281e-06
6.580000000000000000e+02,1.400000000000000203e-02,8.267949192431123251e-03,5.000000000000000104e-03,5.733333333333345649e+01,0.000000000000000000e+00,3.049044668075762634e-06,1.464202517303921794e-06,1.116332777051695062e-06,3.561848013141538709e-06
6.590000000000000000e+02,1.200000000000000025e-02,8.267949192431121516e-03,5.000000000000000104e-03,5.200000000000013500e+01,0.000000000000000000e+00,2.217034843040958688e-06,1.254505226353003438e-06,9.568321072657582736e-07,2.721131114022122892e-06
6.600000000000000000e+02,1.000000000000000021e-02,8.267949192431121516e-03,5.000000000000000104e-03,4.666666666666675667e+01,0.000000000000000000e+00,1.513253411644783145e-06,1.043308364704527156e-06,7.975907240713846707e-07,2.003641483609711249e-06
6.610000000000000000e+02,8.000000000000000167e-03,8.267949192431123251e-03,5.000000000000000104e-03,4.133333333333337123e+01,0.000000000000000000e+00,9.381947529810028462e-07,8.287408472889034004e-07,6.388916396294102664e-07,1.405419266153189858e-06
6.620000000000000000e+02,5.975429841743128308e-03,8.250639764153241268e-03,5.000000000000000104e-03,3.593447957798168346e+01,0.000000000000000000e+00,4.899931931894388634e-07,6.017115220148055749e-07,4.791342829941644212e-07,9.119867028842518430e-07
6.630000000000000000e+02,3.953255756215082010e-03,8.298336264241552157e-03,5.000000000000000104e-03,3.054201534990692579e+01,0.000000000000000000e+00,1.708925704940166097e-07,3.771181891777314673e-07,3.194310612964485941e-07,5.229326937376541133e-07
6.640000000000000000e+02,2.296823184559977464e-03,7.694532035992904424e-03,5.000000000000000104e-03,2.612486182549332980e+01,0.000000000000000000e+00,4.852084791620750329e-08,1.475922438716911587e-07,1.794538873401523384e-07,2.373635203966283256e-07
6.650000000000000000e+02,1.715988899578851402e-03,6.005639928428143509e-03,5.000000000000000104e-03,2.457597039887698642e+01,0.000000000000000000e+00,4.700312752362298131e-08,3.472996116201333329e-08,1.176367530073226797e-07,1.313539868348987784e-07
6.660000000000000000e+02,1.706044693155907115e-03,3.968498719070856669e-03,5.000000000000000104e-03,2.454945251508246429e+01,0.000000000000000000e+00,4.533801907999989431e-08,-3.518852008902252499e-08,1.170755985515276033e-07,1.303858262862663695e-07
6.670000000000000000e+02,2.275277403976931796e-03,2.280726082385449438e-03,5.000000000000000104e-03,2.606740641060520502e+01,0.000000000000000000e+00,4.555842281058649487e-08,-1.477141134144482263e-07,1.785372060999085539e-07,2.361579199450356520e-07
6.680000000000000000e+02,2.466224340311852850e-03,8.050063520537035014e-04,5.000000000000000104e-03,2.657659824083164679e+01,0.000000000000000000e+00,-4.781612046166003618e-08,-2.768711575085345257e-07,2.076947943235928457e-07,3.494011259644697739e-07
6.690000000000000000e+02,3.466224340311852871e-03,8.050063520537035014e-04,5.000000000000000971e-03,2.924326490749830043e+01,0.000000000000000000e+00,2.488709651653390026e-08,-4.200759207024435860e-07,2.858224919366391179e-07,5.087019202085825769e-07
6.700000000000000000e+02,4.474703844416491605e-03,8.700215966315591638e-04,5.000000000000000971e-03,3.193254358511065760e+01,0.000000000000000000e+00,1.479694546220089822e-07,-5.570471035918644851e-07,3.641070785358778666e-07,6.817407129995626739e-07
6.710000000000000000e+02,5.474703844416491626e-03,8.700215966315591638e-04,5.000000000000000104e-03,3.459921025177733611e+01,0.000000000000000000e+00,2.986887986595124164e-07,-6.989859508706191756e-07,4.417858926521538683e-07,8.791877688557927269e-07
6.720000000000000000e+02,6.496351864598810984e-03,8.414859880526257170e-04,5.000000000000000104e-03,3.732360497226351725e+01,0.000000000000000000e+00,4.859297398144902231e-07,-8.482529965543510398e-07,5.212539068200969488e-07,1.107865738063429882e-06
6.730000000000000000e+02,7.496351864598811005e-03,8.414859880526257170e-04,5.000000000000000104e-03,3.999027163893021708e+01,0.000000000000000000e+00,7.073817606345859706e-07,-9.870883830907205546e-07,5.997886586079946397e-07,1.354429350799043088e-06
6.740000000000000000e+02,8.500079494970218252e-03,8.336788020987043191e-04,5.000000000000000104e-03,4.266687865325398832e+01,0.000000000000000000e+00,9.620303385667969682e-07,-1.126994121158128692e-06,6.790887951302990761e-07,1.629963101766248601e-06
6.750000000000000000e+02,9.500079494970217406e-03,8.336788020987043191e-04,5.000000000000000971e-03,4.533354531992067393e+01,0.000000000000000000e+00,1.249522351651670449e-06,-1.262999936406931780e-06,7.583656066498368773e-07,1.931733247627738314e-06
6.760000000000000000e+02,1.050000138423454708e-02,8.346425602743538438e-04,5.000000000000000971e-03,4.800000369129224254e+01,0.000000000000000000e+00,1.569585228693199445e-06,-1.397690009270701827e-06,8.379291568940007607e-07,2.262578269169955039e-06
6.770000000000000000e+02,1.150000138423454624e-02,8.346425602743538438e-04,5.000000000000000971e-03,5.066667035795888552e+01,0.000000000000000000e+00,1.921651382209739958e-06,-1.531998158480090858e-06,9.175962829099933004e-07,2.623308089177714242e-06
6.780000000000000000e+02,1.250000721086876564e-02,8.346491281672929925e-04,5.000000000000000971e-03,5.333335256231679722e+01,0.000000000000000000e+00,2.305808884179680729e-06,-1.665854334599618597e-06,9.973451048521120693e-07,3.014385929611328226e-06
6.790000000000000000e+02,1.350000721086876479e-02,8.346491281672929925e-04,5.000000000000000971e-03,5.600001922898346862e+01,0.000000000000000000e+00,2.721962528848508017e-06,-1.799421151747768569e-06,1.077143404009543873e-06,3.436165654128726510e-06
6.800000000000000000e+02,1.450003669798147557e-02,8.346827719152190295e-04,5.000000000000000971e-03,5.866676452795068997e+01,0.000000000000000000e+00,3.170124269283222607e-06,-1.932811092548764216e-06,1.156951516224279912e-06,3.888956596964241182e-06
6.810000000000000000e+02,1.550003669798147646e-02,8.346827719152190295e-04,5.000000000000000104e-03,6.133343119461740400e+01,0.000000000000000000e+00,3.650237326272858842e-06,-2.066127344147786166e-06,1.236765097806756827e-06,4.372951251443785738e-06
6.820000000000000000e+02,1.650018078450213310e-02,8.348500527445273239e-04,5.000000000000000104e-03,6.400048209200582505e+01,0.000000000000000000e+00,4.162414050077920349e-06,-2.199334306137517484e-06,1.316578638137261726e-06,4.888367971505299658e-06
6.830000000000000000e+02,1.750018078450213052e-02,8.348500527445273239e-04,5.000000000000000104e-03,6.666714875867246803e+01,0.000000000000000000e+00,4.706478762169760223e-06,-2.332589589151620323e-06,1.396380004136151416e-06,5.435236300854342877e-06
6.840000000000000000e+02,1.850084828669246173e-02,8.356462477708804203e-04,5.000000000000000104e-03,6.933559543118001045e+01,0.000000000000000000e+00,5.283021928219272260e-06,-2.465460495005601745e-06,1.476226996380842358e-06,6.013988883538324960e-06
6.850000000000000000e+02,1.950084828669245915e-02,8.356462477708804203e-04,5.000000000000000104e-03,7.200226209784669607e+01,0.000000000000000000e+00,5.891071724672744632e-06,-2.598692765466032984e-06,1.556019278297134136e-06,6.624132105337011245e-06
6.860000000000000000e+02,2.050367119823279238e-02,8.391784782320189755e-04,5.000000000000000104e-03,7.467645652862091765e+01,0.000000000000000000e+00,6.533433411466596739e-06,-2.729989679681596457e-06,1.636031457282727273e-06,7.267406327050574486e-06
6.870000000000000000e+02,2.150367119823279327e-02,8.391784782320189755e-04,5.000000000000000104e-03,7.734312319528754642e+01,0.000000000000000000e+00,7.205558493255372158e-06,-2.863120982847338984e-06,1.715817629668364102e-06,7.941131222969818047e-06
6.880000000000000000e+02,2.251351605786499829e-02,8.529022228169831805e-04,5.000000000000000104e-03,8.003604282097336409e+01,0.000000000000000000e+00,7.918594607126900258e-06,-2.987680673690010279e-06,1.796385956895233941e-06,8.652015884526012481e-06
6.890000000000000000e+02,2.351351605786499571e-02,8.529022228169831805e-04,5.000000000000000971e-03,8.270270948764009233e+01,0.000000000000000000e+00,8.655028571910319566e-06,-3.120381623797074684e-06,1.876169403806680300e-06,9.389691831497707009e-06
6.900000000000000000e+02,2.454232973993122555e-02,8.890999990459405589e-04,5.000000000000000971e-03,8.544621263981670722e+01,0.000000000000000000e+00,9.450859678135618513e-06,-3.228480850010200263e-06,1.958247230383937760e-06,1.017725746308889645e-05
6.910000000000000000e+02,2.554232973993122296e-02,8.890999990459405589e-04,5.000000000000000104e-03,8.811287930648333599e+01,0.000000000000000000e+00,1.025221411719950859e-05,-3.360028072990784807e-06,2.038029737438572899e-06,1.097958324194843842e-05
6.920000000000000000e+02,2.653367897796661545e-02,8.294185087347198844e-04,5.000000000000000104e-03,9.075647727457769065e+01,0.000000000000000000e+00,1.107031398005544002e-05,-3.541112612137448752e-06,2.117128290013986152e-06,1.181412554297724457e-05
6.930000000000000000e+02,2.753367897796661634e-02,8.294185087347198844e-04,5.000000000000000104e-03,9.342314394124427679e+01,0.000000000000000000e+00,1.193539139588230628e-05,-3.674571306231764977e-06,2.196910596407729885e-06,1.268000229598132928e-05
6.940000000000000000e+02,2.918645083859598005e-02,2.499139525280165766e-03,5.000000000000000104e-03,9.783053556958932973e+01,0.000000000000000000e+00,1.361354875348657501e-05,-2.335685272488496898e-06,2.328594866643846940e-06,1.400737268043638537e-05
6.950000000000000000e+02,2.918645083859598005e-02,3.499139525280166221e-03,4.999999999999999237e-03,9.783053556958931551e+01,0.000000000000000000e+00,1.367757618600553021e-05,-1.401719208980521813e-06,2.328488465559784809e-06,1.394499069913836594e-05
6.960000000000000000e+02,2.910308200237213261e-02,4.517465624552840890e-03,4.999999999999999237e-03,9.760821867299240751e+01,0.000000000000000000e+00,1.363213992879361174e-05,-4.493499293122049003e-07,2.321728724970438185e-06,1.383573556662365680e-05
6.970000000000000000e+02,2.910308200237213261e-02,5.517465624552840911e-03,5.000000000000000104e-03,9.760821867299249277e+01,0.000000000000000000e+00,1.363158195042188511e-05,4.819482388171799710e-07,2.321622286503803008e-06,1.383626505301043476e-05
6.980000000000000000e+02,2.918128399452574184e-02,6.525304836372765316e-03,5.000000000000000104e-03,9.781675731873542645e+01,0.000000000000000000e+00,1.367157016665671998e-05,1.424363981298743193e-06,2.327754169022498523e-06,1.394127264794864071e-05
6.990000000000000000e+02,2.918128399452574184e-02,7.525304836372765337e-03,5.000000000000000104e-03,9.781675731873542645e+01,0.000000000000000000e+00,1.360676233442180023e-05,2.358164707284244050e-06,2.327647701081554118e-06,1.400438737797805324e-05
7.000000000000000000e+02,2.752393999487483256e-02,9.185767878652226562e-03,5.000000000000000104e-03,9.339717331966664915e+01,0.000000000000000000e+00,1.192478931852433219e-05,3.686716973680354914e-06,2.195244241504955767e-06,1.267326239036639978e-05
7.010000000000000000e+02,2.652393999487483167e-02,9.185767878652228297e-03,5.000000000000000971e-03,9.073050665300004880e+01,0.000000000000000000e+00,1.106002353420729693e-05,3.552774110247395873e-06,2.115461974583077819e-06,1.180768833521491616e-05
7.020000000000000000e+02,2.552115574194929043e-02,9.121159647940028231e-03,5.000000000000000971e-03,8.805641531186533655e+01,0.000000000000000000e+00,1.023357079203943413e-05,3.365694869851330095e-06,2.035464307888157717e-06,1.096343869692865951e-05
7.030000000000000000e+02,2.452115574194929301e-02,9.121159647940026496e-03,5.000000000000000104e-03,8.538974864519876462e+01,0.000000000000000000e+00,9.432893975414530926e-06,3.233821195766141912e-06,1.955681815940714334e-06,1.016178033824778455e-05
7.040000000000000000e+02,2.350000000000000006e-02,9.133974596215560862e-03,5.000000000000000104e-03,8.266666666666728247e+01,0.000000000000000000e+00,8.646607867779798216e-06,3.108796416701252556e-06,1.874209722569245418e-06,9.377691872940758169e-06
7.050000000000000000e+02,2.249999999999999917e-02,9.133974596215560862e-03,5.000000000000000104e-03,8.000000000000063949e+01,0.000000000000000000e+00,7.910606517316270183e-06,2.976517225238422324e-06,1.794426352785688925e-06,8.640446527785438621e-06
7.060000000000000000e+02,2.149999999999999828e-02,9.133974596215562597e-03,5.000000000000000104e-03,7.733333333333382598e+01,0.000000000000000000e+00,7.206603047613220831e-06,2.844242110592343151e-06,1.714641925195150887e-06,7.935038601114166484e-06
7.070000000000000000e+02,2.049999999999999739e-02,9.133974596215562597e-03,5.000000000000000971e-03,7.466666666666704089e+01,0.000000000000000000e+00,6.534596135946203708e-06,2.711971766353792855e-06,1.634856083720101085e-06,7.261438696009199862e-06
7.080000000000000000e+02,1.950000000000000344e-02,9.133974596215562597e-03,5.000000000000000971e-03,7.200000000000034106e+01,0.000000000000000000e+00,5.894582200613541624e-06,2.579707965529969920e-06,1.555068403899109795e-06,6.619609523832511452e-06
7.090000000000000000e+02,1.850000000000000255e-02,9.133974596215562597e-03,5.000000000000000971e-03,6.933333333333364124e+01,0.000000000000000000e+00,5.286561363539419432e-06,2.447449199067229344e-06,1.475277520039227224e-06,6.009507666491131177e-06
7.100000000000000000e+02,1.750000000000000167e-02,9.133974596215562597e-03,5.000000000000000971e-03,6.666666666666692720e+01,0.000000000000000000e+00,4.710525686799750982e-06,2.315195232393249387e-06,1.395482899288978770e-06,5.431072981677255047e-06
7.110000000000000000e+02,1.650000000000000078e-02,9.133974596215562597e-03,5.000000000000000971e-03,6.400000000000027001e+01,0.000000000000000000e+00,4.166470983432895806e-06,2.182938661022725309e-06,1.315682782510092948e-06,4.884232062235522822e-06
7.120000000000000000e+02,1.550000000000000336e-02,9.133974596215562597e-03,5.000000000000000971e-03,6.133333333333352755e+01,0.000000000000000000e+00,3.654391133075627789e-06,2.050668557399248012e-06,1.235879797909564074e-06,4.368891731399242600e-06
7.130000000000000000e+02,1.450000000000000247e-02,9.133974596215562597e-03,5.000000000000000104e-03,5.866666666666680641e+01,0.000000000000000000e+00,3.174284871525110989e-06,1.918356156043807180e-06,1.156070228836558572e-06,3.884928977603911875e-06
7.140000000000000000e+02,1.350000000000000158e-02,9.133974596215560862e-03,5.000000000000000104e-03,5.600000000000014211e+01,0.000000000000000000e+00,2.726147221688638759e-06,1.785956452027539298e-06,1.076265853292655899e-06,3.432181130101272836e-06
7.150000000000000000e+02,1.250000000000000069e-02,9.133974596215560862e-03,5.000000000000000104e-03,5.333333333333343518e+01,0.000000000000000000e+00,2.309990754686510075e-06,1.653400284401503245e-06,9.964661768829317129e-07,3.010437614179674194e-06
7.160000000000000000e+02,1.149999999999999981e-02,9.133974596215560862e-03,5.000000000000000104e-03,5.066666666666676377e+01,0.000000000000000000e+00,1.925848530384971304e-06,1.520563051855084427e-06,9.167183252490810806e-07,2.619423036567457852e-06
7.170000000000000000e+02,1.049999999999999892e-02,9.133974596215560862e-03,5.000000000000000104e-03,4.800000000000008527e+01,0.000000000000000000e+00,1.573809924653445338e-06,1.387272913367270878e-06,8.370298144371415662e-07,2.258765752652734328e-06
7.180000000000000000e+02,9.500000000000001499e-03,9.133974596215560862e-03,5.000000000000000104e-03,4.533333333333342097e+01,0.000000000000000000e+00,1.253849985194593239e-06,1.253272789028427912e-06,7.574956310582723533e-07,1.927856867136133147e-06
7.190000000000000000e+02,8.500000000000000611e-03,9.133974596215560862e-03,5.000000000000000104e-03,4.266666666666670693e+01,0.000000000000000000e+00,9.663938545431371308e-07,1.118291766357692211e-06,6.781889708778015606e-07,1.626171527552503011e-06
7.200000000000000000e+02,7.500000000000001457e-03,9.133974596215562597e-03,5.000000000000000104e-03,4.000000000000002132e+01,0.000000000000000000e+00,7.115753625766818222e-07,9.818255589717861084e-07,5.992173244421936251e-07,1.352546607991036117e-06
7.210000000000000000e+02,6.500000000000001436e-03,9.133974596215562597e-03,5.000000000000000971e-03,3.733333333333336412e+01,0.000000000000000000e+00,4.899495375032620625e-07,8.436664044558490599e-07,5.206864706175728788e-07,1.105865250376963983e-06
7.220000000000000000e+02,5.475429841743128731e-03,9.116665167937680614e-03,5.000000000000000971e-03,3.460114624464836908e+01,0.000000000000000000e+00,3.004271924542661808e-07,6.967816644095660767e-07,4.408919476240914349e-07,8.775801361146926197e-07
7.230000000000000000e+02,4.475429841743129578e-03,9.116665167937680614e-03,5.000000000000000104e-03,3.193447957798172254e+01,0.000000000000000000e+00,1.489767628255104569e-07,5.552864301220173309e-07,3.631940686497240318e-07,6.800345776811374303e-07
7.240000000000000000e+02,3.477825914471955552e-03,9.181671096303871751e-03,5.000000000000000104e-03,2.927420243859193150e+01,0.000000000000000000e+00,2.692398756589888312e-08,4.197307713190407876e-07,2.859646485525835693e-07,5.086006308689837503e-07
7.250000000000000000e+02,2.477825914471955531e-03,9.181671096303871751e-03,5.000000000000000104e-03,2.660753577192523522e+01,0.000000000000000000e+00,-4.525430331487615031e-08,2.763849931552123264e-07,2.081873379251141797e-07,3.489678840269793042e-07
7.260000000000000000e+02,8.189972700880232548e-04,7.512860939689032860e-03,5.000000000000000104e-03,2.218399272023474822e+01,0.000000000000000000e+00,-7.997772261859418386e-09,3.259470544766126390e-08,5.131112850598807124e-08,6.131240570170435469e-08
7.270000000000000000e+02,8.189972700880232548e-04,6.512860939689031972e-03,4.999999999999999237e-03,2.218399272023476243e+01,0.000000000000000000e+00,1.554822477208537831e-10,1.933593977164844992e-08,4.843414392996334715e-08,5.215140496487681434e-08
7.280000000000000000e+02,8.969916294908281476e-04,5.492778988739109927e-03,4.999999999999999237e-03,2.239197767864223110e+01,0.000000000000000000e+00,1.154842985468150887e-08,6.460264233693929508e-09,4.814515833024695874e-08,4.993052690210861768e-08
7.290000000000000000e+02,8.969916294908281476e-04,4.492778988739110774e-03,5.000000000000000104e-03,2.239197767864223465e+01,0.000000000000000000e+00,1.167109773036492393e-08,-7.382656727433109598e-09,4.987084165502775299e-08,5.174764719257962205e-08
7.300000000000000000e+02,8.090530636650789670e-04,3.475719730331745111e-03,5.000000000000000104e-03,2.215747483644023674e+01,0.000000000000000000e+00,2.318119176947878407e-09,-1.910399579705496457e-08,4.752237394893514349e-08,5.127096993109118969e-08
7.310000000000000000e+02,8.090530636650789670e-04,2.475719730331745090e-03,5.000000000000000104e-03,2.215747483644024030e+01,0.000000000000000000e+00,-8.118063864074893339e-09,-3.240727497339978255e-08,5.070835106436360760e-08,6.072455269303749918e-08
7.320000000000000000e+02,1.618106127330157934e-03,2.951439460663491440e-03,5.000000000000000104e-03,2.431494967288048059e+01,2.409424974575673230e+06,2.551981741985881408e-08,-6.697507609012644990e-08,1.145737932942245119e-07,1.351446484632256466e-07
7.330000000000000000e+02,1.793983258981656295e-03,4.985557977478222332e-03,5.000000000000000104e-03,2.478395535728447996e+01,2.367854285560451448e+06,6.043415288156472609e-08,-4.360880535290776676e-10,1.200679642982408718e-07,1.344202107498214403e-07
7.340000000000000000e+02,1.637994540176046510e-03,7.025721879378065554e-03,5.000000000000000104e-03,2.436798544046951065e+01,2.463591498194107786e+06,2.625288797361338606e-08,6.674418790407862641e-08,1.162628380386389248e-07,1.366054473830704699e-07
7.350000000000000000e+02,2.955651828943908419e-03,8.363342192607743295e-03,5.000000000000000104e-03,2.788173821051714185e+01,2.211057937088260427e+06,6.194066851487973559e-08,2.661432698062994233e-07,2.395392375122322937e-07,3.633840018316719223e-07
7.360000000000000000e+02,4.950859683486255602e-03,8.233330335875361020e-03,5.000000000000000104e-03,3.320229248929671684e+01,1.020253773878983106e+06,3.149693779430158462e-07,4.828360848281305436e-07,3.984340624749773443e-07,7.007753534437995081e-07
7.370000000000000000e+02,7.000000000000001013e-03,8.267949192431123251e-03,5.000000000000000104e-03,3.866666666666667140e+01,3.748284875323758461e+05,6.992218408122081815e-07,7.191312997637087894e-07,5.599101777343702555e-07,1.148721209040378137e-06
7.380000000000000000e+02,9.000000000000001055e-03,8.267949192431121516e-03,5.000000000000000104e-03,4.400000000000004263e+01,1.079261136343046819e+05,1.209580976901487692e-06,9.365573396180499767e-07,7.181053169983178676e-07,1.689941133997173068e-06
7.390000000000000000e+02,1.099999999999999936e-02,8.267949192431121516e-03,5.000000000000000104e-03,4.933333333333344939e+01,1.531559067537919873e+04,1.849098623384707530e-06,1.149186235119640528e-06,8.771549299027578973e-07,2.347167546862470082e-06
7.400000000000000000e+02,1.300000000000000114e-02,8.267949192431121516e-03,5.000000000000000104e-03,5.466666666666678509e+01,1.053215615695326051e+04,2.617023160428668385e-06,1.359453983701029146e-06,1.036567210035202915e-06,3.125923373491553953e-06
7.410000000000000000e+02,1.500000000000000291e-02,8.267949192431123251e-03,5.000000000000000104e-03,6.000000000000012790e+01,1.018679734286124585e+04,3.513071071863767425e-06,1.568831498491713036e-06,1.196114528277114289e-06,4.029093023421198875e-06
7.420000000000000000e+02,1.700000000000000122e-02,8.267949192431123251e-03,5.000000000000000104e-03,6.533333333333358439e+01,6.012109526142447976e+03,4.537122513296098124e-06,1.777951600366859012e-06,1.355691885046950077e-06,5.058111612161946868e-06
7.430000000000000000e+02,1.900000000000000300e-02,8.267949192431123251e-03,5.000000000000000104e-03,7.066666666666696983e+01,2.802899054331552179e+03,5.689151004910087166e-06,1.987033760157509012e-06,1.515268789966503229e-06,6.213757464410861360e-06
7.440000000000000000e+02,2.099999999999999784e-02,8.267949192431123251e-03,5.000000000000000104e-03,7.600000000000038369e+01,1.019813226324349557e+03,6.969162982588096552e-06,2.196137102664503852e-06,1.674841778865247092e-06,7.496488900532592402e-06
7.450000000000000000e+02,2.299999999999999961e-02,8.267949192431121516e-03,5.000000000000000104e-03,8.133333333333392545e+01,2.753782921178132597e+02,8.377167921542027414e-06,2.405261589165893917e-06,1.834409443670189638e-06,8.906586534978256194e-06
7.460000000000000000e+02,2.504231148389858552e-02,8.242319295880052785e-03,5.000000000000000104e-03,8.677949729039680449e+01,2.448381599701061617e+01,9.949716668629144425e-06,2.598285481250807647e-06,1.997353892650101345e-06,1.047556069146467629e-05
7.470000000000000000e+02,2.704787998974966454e-02,8.371535757304452915e-03,5.000000000000000104e-03,9.212767997266624320e+01,4.813186507696491390e+01,1.160757042627566149e-05,2.918207991207449110e-06,2.157349522368940385e-06,1.216165227436477246e-05
7.480000000000000000e+02,2.836256798905148133e-02,7.050609672745528772e-03,5.000000000000000104e-03,9.563351463747081027e+01,3.835672603675458703e+01,1.288772274469314972e-05,1.861171404199385938e-06,2.262379003962691375e-06,1.321649406224895427e-05
7.490000000000000000e+02,2.820616400474426286e-02,5.034931249105680830e-03,5.000000000000000104e-03,9.521643734598492870e+01,2.062564002438840660e+01,1.281341897950002422e-05,3.156311766926109056e-08,2.250115160611698607e-06,1.300952421922581517e-05
7.500000000000000000e+02,2.837290167719196121e-02,2.998279050560331491e-03,5.000000000000000104e-03,9.566107113917857419e+01,3.870481710100342809e+01,1.290026940250680156e-05,-1.817393573671119703e-06,2.263634744837272221e-06,1.322285567934963139e-05
7.510000000000000000e+02,2.706735795593323904e-02,1.658837017469439769e-03,5.000000000000000104e-03,9.217962121582195323e+01,4.710179230097274683e+01,1.162769126714573906e-05,-2.893931263738842649e-06,2.159617928288432360e-06,1.217546680663567855e-05
7.520000000000000000e+02,2.508465947986245406e-02,1.778199998091881118e-03,5.000000000000000104e-03,8.689242527963328655e+01,2.044789420634204902e+01,9.985797401747398538e-06,-2.586133917783357039e-06,2.001420461559796891e-06,1.050761258580676861e-05
7.530000000000000000e+02,2.302703211572999786e-02,1.705804445633966361e-03,5.000000000000000104e-03,8.140541897528008519e+01,2.578571433188187143e+02,8.394313483650799268e-06,-2.427350410900669342e-06,1.837264564296147879e-06,8.929281603708081924e-06
7.540000000000000000e+02,2.100734239646559129e-02,1.678356956464037951e-03,5.000000000000000104e-03,7.601957972390837881e+01,9.884086935887337404e+02,6.968431182487330973e-06,-2.232918190692041970e-06,1.676128573532170180e-06,7.506954361550108315e-06
7.550000000000000000e+02,1.900169657338492135e-02,1.671292495541760841e-03,5.000000000000000104e-03,7.067119086235987879e+01,2.603548648738809334e+03,5.683760414426448354e-06,-2.024071068643766535e-06,1.516105498073167357e-06,6.220978381316680692e-06
7.560000000000000000e+02,1.700036156900426240e-02,1.669700105489054648e-03,5.000000000000000104e-03,6.533429751734485080e+01,5.791275658636505796e+03,4.530726295761421500e-06,-1.811820777834360746e-06,1.356421519981408660e-06,5.064588298960241736e-06
7.570000000000000000e+02,1.500007339596295085e-02,1.669365543830438059e-03,5.000000000000000104e-03,6.000019572256800870e+01,9.856770791471320990e+03,3.506472735688178376e-06,-1.598838858486212769e-06,1.196818188837803713e-06,4.035345154836576574e-06
7.580000000000000000e+02,1.300001442173753276e-02,1.669298256334585985e-03,5.000000000000000104e-03,5.466670512463350207e+01,1.072888800559146694e+04,2.610374483131643218e-06,-1.385467405489178826e-06,1.037259831505827199e-06,3.132009392053798891e-06
7.590000000000000000e+02,1.100000276846909569e-02,1.669285120548707688e-03,5.000000000000000104e-03,4.933334071591766445e+01,1.460301021540441434e+04,1.842401306946378483e-06,-1.171164875068754791e-06,8.778271490628575746e-07,2.353008764128251152e-06
7.600000000000000000e+02,9.000158989940436338e-03,1.667357604197408638e-03,5.000000000000000104e-03,4.400042397317454856e+01,1.004005727780190209e+05,1.202745322408929737e-06,-9.551077419656270810e-07,7.188313474802997637e-07,1.695743381369829459e-06
7.610000000000000000e+02,6.992703729197621842e-03,1.682971976105251434e-03,5.000000000000000104e-03,3.864720994452703451e+01,3.663367935928953812e+05,6.923915809218730550e-07,-7.292017955544460534e-07,5.600212039641260185e-07,1.150984408608886513e-06
7.620000000000000000e+02,4.949407688832983127e-03,1.740043193263118328e-03,5.000000000000000104e-03,3.319842050355467222e+01,1.098448442628788529e+06,3.120262025291284681e-07,-4.865119714050540503e-07,3.994768771123848358e-07,7.025923602862789031e-07
7.630000000000000000e+02,2.932448680623705659e-03,1.610012704107407003e-03,5.000000000000000104e-03,2.781986314832990459e+01,2.231923026895586401e+06,5.761497758546655200e-08,-2.667617208781311599e-07,2.385831875398294263e-07,3.624958465206204261e-07
7.640000000000000000e+02,3.758292614410107743e-03,3.703394279476732165e-03,5.000000000000000104e-03,3.002211363842698688e+01,1.753887550221268786e+06,2.539816428995789827e-07,-1.340495661268681977e-07,2.967161951267044698e-07,4.129363892408120699e-07
7.650000000000000000e+02,3.749506271973622115e-03,6.232792245351047658e-03,5.000000000000000104e-03,2.999868339192970979e+01,1.784740641384409275e+06,2.538101962567079366e-07,1.266959354657938344e-07,2.954888687187132567e-07,4.096158533602992047e-07
7.660000000000000000e+02,6.000000000000001860e-03,6.535898384862242824e-03,5.000000000000000104e-03,3.600000000000004263e+01,7.583123960078876698e+05,6.158452265510392352e-07,2.824037727655504545e-07,4.797357090835112862e-07,8.301587706624419707e-07
7.670000000000000000e+02,8.009184499053462539e-03,6.570573238599594634e-03,5.000000000000000104e-03,4.135782533080926981e+01,2.806473473530944320e+05,1.070354716980360810e-06,3.974135180795842639e-07,6.398098431029348544e-07,1.308798441260495271e-06
7.680000000000000000e+02,1.000308798191367095e-02,6.573289566040185598e-03,5.000000000000000104e-03,4.667490128510321767e+01,7.543387648177314259e+04,1.646082249955881643e-06,5.020081449348909341e-07,7.982606801934495477e-07,1.897055366810283040e-06
7.690000000000000000e+02,1.200077462798471856e-02,6.573553026181604836e-03,5.000000000000000104e-03,5.200206567462609542e+01,1.353548868058172229e+04,2.349323339271267130e-06,6.040192043192071746e-07,9.572751552426415945e-07,2.607783555910254217e-06
7.700000000000000000e+02,1.400017498597607574e-02,6.573567634092503109e-03,5.000000000000000104e-03,5.733379996260299549e+01,1.100767515364225983e+04,3.180846409038196317e-06,7.050735440410781247e-07,1.116631422095881678e-06,3.444093249784289145e-06
7.710000000000000000e+02,1.600005213475395524e-02,6.573578633481527711e-03,5.000000000000000104e-03,6.266680569267739997e+01,8.787453826864690200e+03,4.140603823105745926e-06,8.058247284967109170e-07,1.276129402068428490e-06,4.407091984948606017e-06
7.720000000000000000e+02,1.800010445876544518e-02,6.573662584705148963e-03,5.000000000000000104e-03,6.800027855670806787e+01,4.659788311239302857e+03,5.228533310047725989e-06,9.065485107073708954e-07,1.435683201744700376e-06,5.497324534018007210e-06
7.730000000000000000e+02,1.999851439700918096e-02,6.595425426161300071e-03,5.000000000000000104e-03,7.332937172535805814e+01,1.977965116226740292e+03,6.442376697959236858e-06,1.021072713375156469e-06,1.595117735604223589e-06,6.714998704009302579e-06
7.740000000000000000e+02,2.199415530636787339e-02,6.583625247499148847e-03,5.000000000000000104e-03,7.865108081698132025e+01,7.296969233333559259e+02,7.783799968063002107e-06,1.114629541174024612e-06,1.754338118784461221e-06,8.056527986167218226e-06
7.750000000000000000e+02,2.398580429124745617e-02,6.560347849322394759e-03,5.000000000000000104e-03,8.396214477666025289e+01,1.897556002260200501e+02,9.250182910525990538e-06,1.197680624905483093e-06,1.913240824362180299e-06,9.521597198446652148e-06
7.760000000000000000e+02,2.622881062706168900e-02,6.282695736714901356e-03,5.000000000000000104e-03,8.994349500549810728e+01,2.939313329589094081e+01,1.106491980412106725e-05,1.076631243543521913e-06,2.092223847820334319e-06,1.131233776615571015e-05
7.770000000000000000e+02,2.624442231896601321e-02,3.740823490341102248e-03,5.000000000000000104e-03,8.998512618390962814e+01,2.872153565925754748e+01,1.107898113201797901e-05,-1.057447981543407123e-06,2.093739920272617906e-06,1.132456471618330246e-05
7.780000000000000000e+02,2.406294270332021146e-02,3.402030078339316269e-03,5.000000000000000104e-03,8.416784720885405591e+01,1.765579078643934565e+02,9.307581352262688372e-06,-1.230425579511625943e-06,1.919731302117716679e-06,9.582817227101602333e-06
7.790000000000000000e+02,2.201459051119733154e-02,3.322545789803720354e-03,5.000000000000000104e-03,7.870557469652639782e+01,7.111738880576048132e+02,7.793290162168614704e-06,-1.181685465973192948e-06,1.756315531938152657e-06,8.075666928494116588e-06
7.800000000000000000e+02,2.000243175186621966e-02,3.309740695777660998e-03,5.000000000000000104e-03,7.333981800497676318e+01,2.042162063314479155e+03,6.439893687168916611e-06,-1.081892685183787522e-06,1.595779548145631607e-06,6.722293868209878022e-06
7.810000000000000000e+02,1.800040529197770300e-02,3.307606513439984366e-03,5.000000000000000104e-03,6.800108077860745937e+01,4.715861636086397993e+03,5.222493083024135332e-06,-9.748720401343053147e-07,1.436053600890079301e-06,5.503368008910536383e-06
7.820000000000000000e+02,1.600006754866295164e-02,3.307250816383704856e-03,5.000000000000000104e-03,6.266684679643472577e+01,8.743937781496470052e+03,4.134367961848765021e-06,-8.667609090812664344e-07,1.276476152847927490e-06,4.412897493287413354e-06
7.830000000000000000e+02,1.400001125811049102e-02,3.307191533540991893e-03,5.000000000000000104e-03,5.733336335496137792e+01,1.066225002376357952e+04,3.174505527757671913e-06,-7.583980715967403283e-07,1.116957363786602315e-06,3.449673424149420349e-06
7.840000000000000000e+02,1.200000187635174957e-02,3.307181653067205965e-03,5.000000000000000104e-03,5.200000500360476252e+01,1.270585352915721523e+04,2.342755400916271788e-06,-6.496658330140523215e-07,9.575517209970070529e-07,2.612943524359555238e-06
7.850000000000000000e+02,1.000000031272529205e-02,3.307180006321575050e-03,5.000000000000000104e-03,4.666666750060086599e+01,7.486831688833651424e+04,1.638823752053698142e-06,-5.399053112885629553e-07,7.983560115134308663e-07,1.901213653583572010e-06
7.860000000000000000e+02,8.000950858448228897e-03,3.295629690745292134e-03,5.000000000000000104e-03,4.133586895586199006e+01,2.777441560677870875e+05,1.061319297636660371e-06,-4.307687302858296112e-07,6.395058744976897744e-07,1.311841497302587436e-06
7.870000000000000000e+02,6.005704837964084136e-03,3.394801368425692106e-03,5.000000000000000104e-03,3.601521290123764629e+01,7.627873579559315694e+05,6.136241326881546780e-07,-2.956275430807287930e-07,4.807653322163828686e-07,8.337058984476283931e-07
7.880000000000000000e+02,5.312120481862452753e-03,4.956691873279722022e-03,5.000000000000000104e-03,3.416565461829996053e+01,1.083084290800118353e+06,5.180626463087060127e-07,-6.847637053326326956e-09,4.237068047443010598e-07,6.693005692663190606e-07
7.890000000000000000e+02,7.055994831114093674e-03,4.942127624106746470e-03,5.000000000000000104e-03,3.881598621630435275e+01,4.856044748855024809e+05,8.756970808995430958e-07,-1.277594013638349175e-08,5.640191430384377253e-07,1.041693906988114795e-06
7.900000000000000000e+02,9.011758927721161966e-03,4.931166054167082126e-03,5.000000000000000104e-03,4.403135714058983297e+01,1.614981589258747408e+05,1.383258553373654878e-06,-1.966969900269531851e-08,7.196731945265548857e-07,1.559397521307600923e-06
7.910000000000000000e+02,1.100264140493650150e-02,4.931734321318918639e-03,5.000000000000000104e-03,4.934037707983075194e+01,3.755140225379313779e+04,2.021736465764339329e-06,-2.394917977977175405e-08,8.780381557742864990e-07,2.204301001045209897e-06
7.920000000000000000e+02,1.300060912305147330e-02,4.931874759119049025e-03,5.000000000000000104e-03,5.466829099480404608e+01,1.166911421593553132e+04,2.788882460136969462e-06,-2.829188621711433671e-08,1.037165451233402395e-06,2.975630686176889356e-06
7.930000000000000000e+02,1.500016704802554536e-02,4.931925064529480048e-03,5.000000000000000104e-03,6.000044546140161117e+01,1.059313082508002663e+04,3.684403511603012881e-06,-3.263552647749295633e-08,1.196575650787089784e-06,3.873975684223847070e-06
7.940000000000000000e+02,1.700021397707099716e-02,4.932089451167602154e-03,5.000000000000000104e-03,6.533390393885620995e+01,6.647646925382409790e+03,4.708234653582184702e-06,-3.690383292670469107e-08,1.356096164490977653e-06,4.899778796376829532e-06
7.950000000000000000e+02,1.900110979539655284e-02,4.933057939842971050e-03,5.000000000000000104e-03,7.066962612105768926e+01,3.273972528222390338e+03,5.860693554692998073e-06,-4.066291636196076087e-08,1.515721546254557295e-06,6.053659572569918966e-06
7.960000000000000000e+02,2.099571682152521004e-02,4.946308400058289402e-03,5.000000000000000104e-03,7.598857819073415953e+01,1.299064887896464825e+03,7.137125765744993431e-06,-3.603349123642726090e-08,1.674853858722107828e-06,7.331098011664288639e-06
7.970000000000000000e+02,2.295688823638439638e-02,4.974274777854839451e-03,5.000000000000000104e-03,8.121836863035849774e+01,4.301149535579930330e+02,8.516326162125381974e-06,-1.885943324036533139e-08,1.831319230941537289e-06,8.711021587824225492e-06
7.980000000000000000e+02,2.468811978464829915e-02,5.030791302106164473e-03,5.000000000000000104e-03,8.583498609239576638e+01,1.210403348465516729e+02,9.836071884654858764e-06,2.436322604802616634e-08,1.969436248706613023e-06,1.003133006258895047e-05
7.990000000000000000e+02,1.346410161513775586e-03,1.346410161513775152e-03,5.000000000000000104e-03,2.359042709737011378e+01,3.647850233579295222e+06,-4.023561150364378752e-08,-1.034625921543336584e-07,1.106920272059064450e-07,1.567677814326632293e-07
8.000000000000000000e+02,2.865358983848622157e-02,1.346410161513776019e-03,5.000000000000000104e-03,9.640957290262993240e+01,3.300514617350155078e+01,1.300690726769878961e-05,-3.349996051004989741e-06,2.286204604386799709e-06,1.362456757865672739e-05
8.010000000000000000e+02,2.865358983848622504e-02,8.653589838486224622e-03,5.000000000000000104e-03,9.640957290263020241e+01,3.378452225575247780e+01,1.300691390795938136e-05,3.350063773313483609e-06,2.285426899071578544e-06,1.362446009225079399e-05
8.020000000000000000e+02,1.346410161513777320e-03,8.653589838486224622e-03,5.000000000000000104e-03,2.359042709737008892e+01,3.512403897295502946e+06,-3.961992726425725283e-08,1.024254838584990444e-07,1.087808758343317110e-07,1.545768330874875166e-07
8.030000000000000000e+02,0.000000000000000000e+00,0.000000000000000000e+00,4.166666666666666609e-03,2.000000000000000000e+01,0.000000000000000000e+00,0.000000000000000000e+00,0.000000000000000000e+00,0.000000000000000000e+00,0.000000000000000000e+00
8.040000000000000000e+02,0.000000000000000000e+00,0.000000000000000000e+00,3.333333333333333981e-03,2.000000000000000000e+01,8.006681895465137437e+06,0.000000000000000000e+00,0.000000000000000000e+00,0.000000000000000000e+00,0.000000000000000000e+00
8.050000000000000000e+02,0.000000000000000000e+00,0.000000000000000000e+00,2.500000000000000052e-03,2.000000000000000000e+01,0.000000000000000000e+00,0.000000000000000000e+00,0.000000000000000000e+00,0.000000000000000000e+00,0.000000000000000000e+00
8.060000000000000000e+02,0.000000000000000000e+00,0.000000000000000000e+00,1.666666666666666990e-03,2.000000000000000000e+01,8.745300370950205252e+06,0.000000000000000000e+00,0.000000000000000000e+00,0.000000000000000000e+00,0.000000000000000000e+00
8.070000000000000000e+02,0.000000000000000000e+00,0.000000000000000000e+00,8.333333333333337121e-04,2.000000000000000000e+01,0.000000000000000000e+00,0.000000000000000000e+00,0.000000000000000000e+00,0.000000000000000000e+00,0.000000000000000000e+00
8.080000000000000000e+02,2.999999999999999889e-02,0.000000000000000000e+00,8.333333333333332784e-04,1.000000000000000000e+02,0.000000000000000000e+00,1.413868434176174149e-05,-4.800408737032020023e-06,-1.606232485190808960e-06,1.501753314479559492e-05
8.090000000000000000e+02,2.999999999999999889e-02,0.000000000000000000e+00,1.666666666666666557e-03,1.000000000000000000e+02,3.375808563670557927e+00,1.417219902682383111e-05,-4.800320035880154855e-06,-8.062324637961777522e-07,1.498480258423372279e-05
8.100000000000000000e+02,2.999999999999999889e-02,0.000000000000000000e+00,2.500000000000000052e-03,1.000000000000000000e+02,0.000000000000000000e+00,1.418349149886892715e-05,-4.800231339564880003e-06,-6.232412618638926079e-09,1.497376675572299122e-05
8.110000000000000000e+02,2.999999999999999889e-02,0.000000000000000000e+00,3.333333333333333114e-03,1.000000000000000000e+02,4.289174873662489063e+00,1.417256173966196712e-05,-4.800142638678591004e-06,7.937676451572245355e-07,1.498442333527349730e-05
8.120000000000000000e+02,2.999999999999999889e-02,0.000000000000000000e+00,4.166666666666666609e-03,1.000000000000000000e+02,0.000000000000000000e+00,1.413940975213517238e-05,-4.800053932644529572e-06,1.593767664304663888e-06,1.501677466245180710e-05
8.130000000000000000e+02,2.714285714285714218e-03,0.000000000000000000e+00,8.914894504649803963e-04,2.723809523809527988e+01,0.000000000000000000e+00,-8.661311554154904874e-08,-3.938698009551926306e-07,-1.468416121311633507e-07,4.291826079206563260e-07
8.140000000000000000e+02,2.728571428571428120e-02,0.000000000000000000e+00,8.881868470784134995e-04,9.276190476190478762e+01,0.000000000000000000e+00,1.165373748497767331e-05,-4.366117002663854509e-06,-1.412985147732132161e-06,1.252473960118276313e-05
8.150000000000000000e+02,2.928571428571428298e-02,0.000000000000000000e+00,8.881868470784134995e-04,9.809523809523811622e+01,0.000000000000000000e+00,1.346402264863391285e-05,-4.686117214845500547e-06,-1.516576240203111735e-06,1.433665246584944375e-05
8.160000000000000000e+02,7.142857142857141767e-04,0.000000000000000000e+00,8.914894504649803963e-04,2.190476190476192286e+01,0.000000000000000000e+00,-6.959420082801125267e-08,-8.943436292232589941e-08,-3.180317656713165114e-08,1.177000429055657382e-07
8.170000000000000000e+02,2.096164021174958675e-03,0.000000000000000000e+00,3.386390149332525051e-03,2.558977072313326317e+01,0.000000000000000000e+00,-8.720801425852315771e-08,-2.953916828380213772e-07,6.173986301322909454e-08,3.141230566604197614e-07
8.180000000000000000e+02,2.789338624338624090e-02,0.000000000000000000e+00,3.346457602153542037e-03,9.438236331569666504e+01,0.000000000000000000e+00,1.222086807472447848e-05,-4.463082952529474029e-06,7.497643804345695835e-07,1.303191745550698480e-05
8.190000000000000000e+02,2.865238095238095001e-02,0.000000000000000000e+00,2.719340709048340219e-03,9.640634920634929017e+01,0.000000000000000000e+00,1.291811248832591246e-05,-4.584588955334088397e-06,1.951691709710866929e-07,1.370890867850941544e-05
8.200000000000000000e+02,2.836666666666666503e-02,0.000000000000000000e+00,4.331153861969926772e-03,9.564444444444441729e+01,0.000000000000000000e+00,1.260492455068808861e-05,-4.538702997178826466e-06,1.656322642037639709e-06,1.349916117837200740e-05
8.210000000000000000e+02,2.936666666666666592e-02,0.000000000000000000e+00,3.497820528636593276e-03,9.831111111111113132e+01,0.000000000000000000e+00,1.356619609585119330e-05,-4.698791814679191641e-06,9.315907009986391831e-07,1.438708386932429980e-05
8.220000000000000000e+02,2.936666666666666592e-02,0.000000000000000000e+00,4.331153861969926772e-03,9.831111111111113132e+01,0.000000000000000000e+00,1.352865778682779231e-05,-4.698703109955442744e-06,1.714701843394775041e-06,1.442368173665595872e-05
8.230000000000000000e+02,1.347619047619047147e-03,0.000000000000000000e+00,2.723413919891772613e-03,2.359365079365082707e+01,0.000000000000000000e+00,-8.590026614897774990e-08,-1.799047311434997945e-07,8.883928660553317423e-09,1.995582426278753188e-07
8.240000000000000000e+02,6.333333333333329707e-04,0.000000000000000000e+00,3.498591136093459099e-03,2.168888888888890776e+01,0.000000000000000000e+00,-6.117189526477266882e-08,-8.022999220421230668e-08,1.788566797369401096e-08,1.024634058492958048e-07
8.250000000000000000e+02,1.633333333333332991e-03,0.000000000000000000e+00,4.331924469426792594e-03,2.435555555555560403e+01,0.000000000000000000e+00,-1.229659467868178052e-07,-2.219249563564257430e-07,1.039373844214176877e-07,2.741793030178345403e-07
8.260000000000000000e+02,6.333333333333329707e-04,0.000000000000000000e+00,4.331924469426792594e-03,2.168888888888891486e+01,0.000000000000000000e+00,-6.909786291701424365e-08,-7.986016843275219237e-08,3.493433906545286879e-08,1.112320511711712894e-07
8.270000000000000000e+02,2.177116402127339881e-03,0.000000000000000000e+00,2.445955130370713448e-03,2.580564373900627828e+01,0.000000000000000000e+00,-7.447011312915214678e-08,-3.086073591459415109e-07,-2.924847817147523590e-09,3.174789041861747211e-07
8.280000000000000000e+02,3.956415344038213301e-03,0.000000000000000000e+00,2.857619289734847703e-03,3.055044091743526025e+01,0.000000000000000000e+00,5.262329660281662877e-08,-6.007046454707364832e-07,4.590855186422183664e-08,6.047502604958026912e-07
8.290000000000000000e+02,5.992261905534487267e-03,0.000000000000000000e+00,2.567609588898070276e-03,3.597936508142537804e+01,0.000000000000000000e+00,3.590806535411804107e-07,-9.408595063655958613e-07,1.223899498117143829e-08,1.007127260808793280e-06
8.300000000000000000e+02,7.998677253170554877e-03,0.000000000000000000e+00,2.529814994519541393e-03,4.132980600845491637e+01,0.000000000000000000e+00,8.040972359441372105e-07,-1.271865781610926234e-06,6.256278740544382865e-09,1.504743856046421453e-06
8.310000000000000000e+02,1.000000002604105667e-02,0.000000000000000000e+00,2.530718184377527945e-03,4.666666673610959037e+01,0.000000000000000000e+00,1.380974756109421521e-06,-1.597278003209830048e-06,7.960194863000152370e-09,2.111504596549985028e-06
8.320000000000000000e+02,1.200000015073361855e-02,0.000000000000000000e+00,2.530719236044733523e-03,5.200000040195642015e+01,0.000000000000000000e+00,2.086055463351026269e-06,-1.919456429676712224e-06,9.487039257671690847e-09,2.834789301785551478e-06
8.330000000000000000e+02,1.400000087132538540e-02,0.000000000000000000e+00,2.530725387376932343e-03,5.733333565686776723e+01,0.000000000000000000e+00,2.918887357268252265e-06,-2.240167925215208379e-06,1.101653578840817172e-08,3.679453369951062385e-06
8.340000000000000000e+02,1.600000502949426931e-02,0.000000000000000000e+00,2.530761343343919129e-03,6.266668007865148837e+01,0.000000000000000000e+00,3.879271712215326096e-06,-2.560321915878429763e-06,1.256499607775505275e-08,4.648027023291479805e-06
8.350000000000000000e+02,1.800002898621725494e-02,0.000000000000000000e+00,2.530971366988602617e-03,6.800007729657947664e+01,0.000000000000000000e+00,4.967448017816508509e-06,-2.880313646710616100e-06,1.421983173841836573e-08,5.742120576646856762e-06
8.360000000000000000e+02,2.000016677281337557e-02,0.000000000000000000e+00,2.532197235913281018e-03,7.333377806083584005e+01,0.000000000000000000e+00,6.183585146693260554e-06,-3.200296920795709032e-06,1.655056637067418861e-08,6.962679051120136145e-06
8.370000000000000000e+02,2.200095776993924584e-02,0.000000000000000000e+00,2.539346811800812821e-03,7.866922071983809417e+01,0.000000000000000000e+00,7.528156770647573493e-06,-3.520397658474319788e-06,2.321011434155780122e-08,8.310648756062676985e-06
8.380000000000000000e+02,2.400548941798941183e-02,0.000000000000000000e+00,2.581010441162762473e-03,8.401463844797183356e+01,0.000000000000000000e+00,9.003625318852808242e-06,-3.841105539344144649e-06,5.730258451118736821e-08,9.788904138505968324e-06
8.390000000000000000e+02,2.781243386243385796e-02,0.000000000000000000e+00,2.403490587262029250e-03,9.416649029982366415e+01,0.000000000000000000e+00,1.215982544161177409e-05,-4.450230954707219597e-06,-9.164951390665401853e-08,1.294891153549604943e-05
8.400000000000000000e+02,2.603139329805995855e-02,0.000000000000000000e+00,2.823589261555021612e-03,8.941704879482664126e+01,0.000000000000000000e+00,1.062402339039346013e-05,-4.165220203756465716e-06,2.641827497347881049e-07,1.141440865181660887e-05
8.410000000000000000e+02,1.714285714285714197e-03,0.000000000000000000e+00,8.914894504649803963e-04,2.457142857142860137e+01,0.000000000000000000e+00,-1.139429286050377983e-07,-2.352045150749114963e-07,-9.358374785957000914e-08,2.776005633174410306e-07
8.420000000000000000e+02,2.828571428571428209e-02,0.000000000000000000e+00,8.881868470784134995e-04,9.542857142857145902e+01,0.000000000000000000e+00,1.254287988734623764e-05,-4.526117116794573233e-06,-1.464780673150288021e-06,1.341473646568467632e-05
8.430000000000000000e+02,3.462830687841625746e-03,0.000000000000000000e+00,1.554465679905732943e-03,2.923421516757772665e+01,0.000000000000000000e+00,-9.686778777586762050e-09,-5.174914589486557832e-07,-1.081357441341147308e-07,5.287575842740537005e-07
8.440000000000000000e+02,4.493584656196587639e-03,0.000000000000000000e+00,1.303153609829114760e-03,3.198289241652429382e+01,0.000000000000000000e+00,9.583768040481597621e-08,-6.900260671097518249e-07,-1.767191418608066734e-07,7.187144699923239463e-07
8.450000000000000000e+02,5.493584656196587659e-03,0.000000000000000000e+00,1.303153609829114760e-03,3.464955908319097944e+01,0.000000000000000000e+00,2.471443482749968939e-07,-8.578809638053279589e-07,-2.138631319188314165e-07,9.180291477605506699e-07
8.460000000000000000e+02,6.498677249337899732e-03,0.000000000000000000e+00,1.264455979068955516e-03,3.732980599823449097e+01,0.000000000000000000e+00,4.338106775995742426e-07,-1.024913716025780418e-06,-2.595314321310306518e-07,1.142801992280884717e-06
8.470000000000000000e+02,7.498677249337899753e-03,0.000000000000000000e+00,1.264455979068955516e-03,3.999647266490116948e+01,0.000000000000000000e+00,6.559512522773517629e-07,-1.190126570379714364e-06,-2.984493223839286464e-07,1.391310639979236868e-06
8.480000000000000000e+02,8.500000003832655290e-03,0.000000000000000000e+00,1.265359015450585661e-03,4.266666667688716785e+01,0.000000000000000000e+00,9.119956457518659289e-07,-1.354017939676971852e-06,-3.375364769802319672e-07,1.667042744541861302e-06
8.490000000000000000e+02,9.500000003832654444e-03,0.000000000000000000e+00,1.265359015450585661e-03,4.533333334355383926e+01,0.000000000000000000e+00,1.200259509083744819e-06,-1.516560396361040517e-06,-3.770629766447491563e-07,1.970470708565064642e-06
8.500000000000000000e+02,1.050000002220840070e-02,0.000000000000000000e+00,1.265359168926942285e-03,4.800000005922250068e+01,0.000000000000000000e+00,1.520687958930342077e-06,-1.678212888430141368e-06,-4.166991552407606162e-07,2.302721987845500053e-06
8.510000000000000000e+02,1.150000002220839986e-02,0.000000000000000000e+00,1.265359168926942285e-03,5.066666672588915787e+01,0.000000000000000000e+00,1.873229402584145314e-06,-1.839295245468123051e-06,-4.563706114487828270e-07,2.664633094762116047e-06
8.520000000000000000e+02,1.250000012852521721e-02,0.000000000000000000e+00,1.265360067117791238e-03,5.333333367606735465e+01,0.000000000000000000e+00,2.257729395684025702e-06,-1.999912381482913416e-06,-4.961179465521748344e-07,3.056652511267114904e-06
8.530000000000000000e+02,1.350000012852521636e-02,0.000000000000000000e+00,1.265360067117791238e-03,5.600000034273399052e+01,0.000000000000000000e+00,2.674103037074313432e-06,-2.160237320308466892e-06,-5.358861931998953522e-07,3.479170352972939417e-06
8.540000000000000000e+02,1.450000074280016760e-02,0.000000000000000000e+00,1.265365320259141104e-03,5.866666864746720478e+01,0.000000000000000000e+00,3.122372731668525657e-06,-2.320395629323146430e-06,-5.756403193238681071e-07,3.932532152351766636e-06
8.550000000000000000e+02,1.550000074280016849e-02,0.000000000000000000e+00,1.265365320259141104e-03,6.133333531413387618e+01,0.000000000000000000e+00,3.602558119135506471e-06,-2.480457057365316187e-06,-6.153961907542230324e-07,4.416990455816875204e-06
8.560000000000000000e+02,1.650000428669410116e-02,0.000000000000000000e+00,1.265396023084778025e-03,6.400001143118433333e+01,0.000000000000000000e+00,4.114684528494869216e-06,-2.640471772610559614e-06,-6.551238706286397578e-07,4.932738310194008305e-06
8.570000000000000000e+02,1.750000428669409858e-02,0.000000000000000000e+00,1.265396023084778025e-03,6.666667809785091947e+01,0.000000000000000000e+00,4.658760133897385126e-06,-2.800457454010386477e-06,-6.948643271575960808e-07,5.479912806794474461e-06
8.580000000000000000e+02,1.850002469952315501e-02,0.000000000000000000e+00,1.265575343903824592e-03,6.933339919872852875e+01,0.000000000000000000e+00,5.234823300495632514e-06,-2.960441596790443282e-06,-7.344953254508860153e-07,6.058636217708432399e-06
8.590000000000000000e+02,1.950002469952315243e-02,0.000000000000000000e+00,1.265575343903824592e-03,7.200006586539522857e+01,0.000000000000000000e+00,5.842847495529438166e-06,-3.120419079628586624e-06,-7.742214414770725601e-07,6.668980501468539990e-06
8.600000000000000000e+02,2.050014207329022009e-02,0.000000000000000000e+00,1.266621892009456426e-03,7.466704552877408219e+01,0.000000000000000000e+00,6.482978405409857993e-06,-3.280420728146462779e-06,-8.132617193343019408e-07,7.311057637770207627e-06
8.610000000000000000e+02,2.150014207329022098e-02,0.000000000000000000e+00,1.266621892009456426e-03,7.733371219544075359e+01,0.000000000000000000e+00,7.154986963994871043e-06,-3.440407358114969826e-06,-8.529505826416182640e-07,7.984846018624082060e-06
8.620000000000000000e+02,2.250081569664902706e-02,0.000000000000000000e+00,1.272724919791356178e-03,8.000217519106421094e+01,0.000000000000000000e+00,7.859718867385513750e-06,-3.600504938857483639e-06,-8.882700325087984600e-07,8.690675470855308276e-06
8.630000000000000000e+02,2.350081569664902448e-02,0.000000000000000000e+00,1.272724919791356178e-03,8.266884185773083971e+01,0.000000000000000000e+00,8.595743731579907611e-06,-3.760498883524857727e-06,-9.277610096744997985e-07,9.428091145245639506e-06
8.640000000000000000e+02,2.450467372134038438e-02,0.000000000000000000e+00,1.308285521371406078e-03,8.534579659024116438e+01,0.000000000000000000e+00,9.368177565694873831e-06,-3.921108727463341030e-06,-9.395192302589835505e-07,1.019904607985493668e-05
8.650000000000000000e+02,2.550467372134038180e-02,0.000000000000000000e+00,1.308285521371406078e-03,8.801246325690782157e+01,0.000000000000000000e+00,1.016832558183084367e-05,-4.081106823308618635e-06,-9.778716809692908906e-07,1.100029595355567859e-05
8.660000000000000000e+02,2.652671957671957209e-02,0.000000000000000000e+00,1.515303740183615534e-03,9.073791887125226197e+01,0.000000000000000000e+00,1.102643392497664998e-05,-4.244611382006271412e-06,-8.413411302106113655e-07,1.184511822581426276e-05
8.670000000000000000e+02,3.462830687841625746e-03,0.000000000000000000e+00,4.054465679905733429e-03,2.923421516757768757e+01,0.000000000000000000e+00,-3.288784339332715662e-08,-5.166515291632334118e-07,1.789543090605919839e-07,5.477545595986630732e-07
8.680000000000000000e+02,2.462830687841625725e-03,0.000000000000000000e+00,4.054465679905732561e-03,2.656754850091103748e+01,0.000000000000000000e+00,-9.667699935093440144e-08,-3.518311711388963640e-07,1.294986869719199213e-07,3.871711832199282355e-07
8.690000000000000000e+02,5.493584656196587659e-03,0.000000000000000000e+00,3.803153609829114812e-03,3.464955908319091549e+01,0.000000000000000000e+00,2.437193003294825450e-07,-8.574356690440544412e-07,2.310157328563464875e-07,9.208492236676276410e-07
8.700000000000000000e+02,4.493584656196587639e-03,0.000000000000000000e+00,3.803153609829115246e-03,3.198289241652425119e+01,0.000000000000000000e+00,9.240379703237070371e-08,-6.896683638845533819e-07,1.912094817876432317e-07,7.216245421094652287e-07
8.710000000000000000e+02,7.498677249337899753e-03,0.000000000000000000e+00,3.764455979068955568e-03,3.999647266490113395e+01,0.000000000000000000e+00,6.552822501533451354e-07,-1.189769140530412981e-06,3.028410593352576066e-07,1.391638653653961181e-06
8.720000000000000000e+02,6.498677249337899732e-03,0.000000000000000000e+00,3.764455979068955568e-03,3.732980599823445544e+01,0.000000000000000000e+00,4.331800734934347737e-07,-1.024424036181977657e-06,2.634278665948092054e-07,1.143015233003411842e-06
8.730000000000000000e+02,9.500000003832654444e-03,0.000000000000000000e+00,3.765359015450586364e-03,4.533333334355386057e+01,0.000000000000000000e+00,1.199572992095766169e-06,-1.516221359039604363e-06,3.829365158030750846e-07,1.970924389241985357e-06
8.740000000000000000e+02,8.500000003832655290e-03,0.000000000000000000e+00,3.765359015450585496e-03,4.266666667688721759e+01,0.000000000000000000e+00,9.113028784220500728e-07,-1.353737170894534769e-06,3.428615103533789287e-07,1.667522497408551622e-06
8.750000000000000000e+02,1.150000002220839986e-02,0.000000000000000000e+00,3.765359168926942987e-03,5.066666672588918630e+01,0.000000000000000000e+00,1.872529400784328786e-06,-1.839028480514455270e-06,4.632875818309549131e-07,2.665150557177548715e-06
8.760000000000000000e+02,1.050000002220840070e-02,0.000000000000000000e+00,3.765359168926942987e-03,4.800000005922250779e+01,0.000000000000000000e+00,1.520000887089842237e-06,-1.677980906676302285e-06,4.230783935392531973e-07,2.303262457255770186e-06
8.770000000000000000e+02,1.350000012852521636e-02,0.000000000000000000e+00,3.765360067117791941e-03,5.600000034273401894e+01,0.000000000000000000e+00,2.673419555370850076e-06,-2.159967808780120918e-06,5.438814411467797022e-07,3.479718390334132809e-06
8.780000000000000000e+02,1.250000012852521721e-02,0.000000000000000000e+00,3.765360067117791941e-03,5.333333367606734754e+01,0.000000000000000000e+00,2.257039035866161055e-06,-1.999645881877738080e-06,5.035714688019645279e-07,3.057187119972478208e-06
8.790000000000000000e+02,1.550000074280016849e-02,0.000000000000000000e+00,3.765365320259140940e-03,6.133333531413387618e+01,0.000000000000000000e+00,3.601875100919110445e-06,-2.480192101352284418e-06,6.244863709272142671e-07,4.417560450034062752e-06
8.800000000000000000e+02,1.450000074280016760e-02,0.000000000000000000e+00,3.765365320259141807e-03,5.866666864746719767e+01,0.000000000000000000e+00,3.121689404082469462e-06,-2.320127587699510135e-06,5.841863126760691483e-07,3.933091710942318521e-06
8.810000000000000000e+02,1.750000428669409858e-02,0.000000000000000000e+00,3.765396023084777860e-03,6.666667809785109000e+01,0.000000000000000000e+00,4.658070453462622922e-06,-2.800189390211763895e-06,7.050877925289825645e-07,5.480495394181935372e-06
8.820000000000000000e+02,1.650000428669410116e-02,0.000000000000000000e+00,3.765396023084777860e-03,6.400001143118439018e+01,0.000000000000000000e+00,4.113997529260319221e-06,-2.640200176995102718e-06,6.647958180022186382e-07,4.933313909026895209e-06
8.830000000000000000e+02,1.950002469952315243e-02,0.000000000000000000e+00,3.765575343903824861e-03,7.200006586539524278e+01,0.000000000000000000e+00,5.842144400967766966e-06,-3.120153776751846597e-06,7.857653117287987005e-07,6.669590535966514281e-06
8.840000000000000000e+02,1.850002469952315501e-02,0.000000000000000000e+00,3.765575343903824861e-03,6.933339919872855717e+01,0.000000000000000000e+00,5.234119632182213366e-06,-2.960173329550572444e-06,7.454790978908368151e-07,6.059238693958996313e-06
8.850000000000000000e+02,2.150014207329022098e-02,0.000000000000000000e+00,3.766621892009456261e-03,7.733371219544072517e+01,0.000000000000000000e+00,7.154200843664680974e-06,-3.440140831232269447e-06,8.670580732877344263e-07,7.985546215047366575e-06
8.860000000000000000e+02,2.050014207329022009e-02,0.000000000000000000e+00,3.766621892009456261e-03,7.466704552877408219e+01,0.000000000000000000e+00,6.482192066789096081e-06,-3.280153849769693479e-06,8.267410859867892760e-07,7.311752463818851378e-06
8.870000000000000000e+02,2.350081569664902448e-02,0.000000000000000000e+00,3.772724919791356664e-03,8.266884185773081128e+01,0.000000000000000000e+00,8.594469656565114634e-06,-3.760232547917074972e-06,9.523047679840954827e-07,9.429270484144501019e-06
8.880000000000000000e+02,2.250081569664902706e-02,0.000000000000000000e+00,3.772724919791356230e-03,8.000217519106409725e+01,0.000000000000000000e+00,7.858444576445978020e-06,-3.600238514925362332e-06,9.117948822721028378e-07,8.691848965137554767e-06
8.890000000000000000e+02,2.550467372134038180e-02,0.000000000000000000e+00,3.808285521371405913e-03,8.801246325690779315e+01,0.000000000000000000e+00,1.016420669916983421e-05,-4.080840678735147866e-06,1.062503018759152995e-06,1.100423878028556794e-05
8.900000000000000000e+02,2.450467372134038438e-02,0.000000000000000000e+00,3.808285521371406780e-03,8.534579659024113596e+01,0.000000000000000000e+00,9.364058587485317339e-06,-3.920842511944531050e-06,1.020855615382329999e-06,1.020297728218516812e-05
8.910000000000000000e+02,2.752671957671957298e-02,0.000000000000000000e+00,4.015303740183615369e-03,9.340458553791887653e+01,0.000000000000000000e+00,1.187060798738291371e-05,-4.404345019059969356e-06,1.329069022637864277e-06,1.273090780360823062e-05
8.920000000000000000e+02,2.652671957671957209e-02,0.000000000000000000e+00,4.015303740183615369e-03,9.073791887125226197e+01,0.000000000000000000e+00,1.100575360221930591e-05,-4.244345132102334274e-06,1.280797084502075700e-06,1.186513881607935629e-05
8.930000000000000000e+02,7.142857142857141767e-04,0.000000000000000000e+00,2.558156117131647495e-03,2.190476190476191931e+01,0.000000000000000000e+00,-5.777546079961785663e-08,-8.534094312812482546e-08,-3.442660220818097475e-10,1.030592012568503115e-07
8.940000000000000000e+02,7.142857142857141767e-04,0.000000000000000000e+00,1.724822783798314000e-03,2.190476190476191221e+01,0.000000000000000000e+00,-6.419333537432982169e-08,-9.142369057955991302e-08,-1.460044069167491673e-08,1.126598791676052436e-07
8.950000000000000000e+02,2.928571428571428298e-02,0.000000000000000000e+00,1.721520180411746778e-03,9.809523809523817306e+01,0.000000000000000000e+00,1.349607458689912905e-05,-4.686028511963252100e-06,-7.356238197602547413e-07,1.430538482090837408e-05
8.960000000000000000e+02,2.928571428571428298e-02,0.000000000000000000e+00,2.554853513745080056e-03,9.809523809523814464e+01,0.000000000000000000e+00,1.350590429919599429e-05,-4.685939823268941045e-06,4.532861962900651717e-08,1.429578740923689304e-05
8.970000000000000000e+02,2.857142857142857054e-02,0.000000000000000000e+00,1.776373694156826999e-03,9.619047619047633191e+01,1.758643496267506023e+01,1.283618043003499471e-05,-4.571736948823633219e-06,-6.675227671942449469e-07,1.364235659284624024e-05
8.980000000000000000e+02,1.428571428571428353e-03,0.000000000000000000e+00,1.782978900929960793e-03,2.380952380952382086e+01,3.915014118545511272e+06,-8.912700841533188925e-08,-1.915079231930479493e-07,-3.218624906144227887e-08,2.136699859676744259e-07
8.990000000000000000e+02,2.705343915343914885e-02,0.000000000000000000e+00,3.030607480367231068e-03,9.214250440917111007e+01,5.689186292112508170e+01,1.148932013970862834e-05,-4.328725046611990793e-06,4.537612036126469443e-07,1.228609934160489591e-05
9.000000000000000000e+02,2.500934744268077173e-02,0.000000000000000000e+00,2.616571042742812155e-03,8.669159318048217244e+01,9.803294302019314443e+01,9.790781972745383661e-06,-4.001716274850507165e-06,8.814549202202847897e-08,1.057737748262787587e-05
9.010000000000000000e+02,2.300163139329805539e-02,0.000000000000000000e+00,2.545449839582712356e-03,8.133768371546150888e+01,5.608987886461363814e+01,8.248675396631130612e-06,-3.680496554872688466e-06,2.874435081174322358e-08,9.032581409935979384e-06
9.020000000000000000e+02,2.100028414658043976e-02,0.000000000000000000e+00,2.533243784018912852e-03,7.600075772421465103e+01,4.140838276612473692e+02,6.839677752730693505e-06,-3.360301272525111930e-06,1.806698056430196454e-08,7.620573654202141738e-06
9.030000000000000000e+02,1.900004939904631138e-02,0.000000000000000000e+00,2.531150687807649183e-03,7.066679839745700065e+01,1.593014137312874027e+03,5.559492997983100102e-06,-3.040296591306811800e-06,1.510192718056106548e-08,6.336528531139073990e-06
9.040000000000000000e+02,1.700000857338820198e-02,0.000000000000000000e+00,2.530792046169556050e-03,6.533335619570195263e+01,6.077529980959569002e+03,4.407377916718584081e-06,-2.720321909581921573e-06,1.335039871640441443e-08,5.179315555715442463e-06
9.050000000000000000e+02,1.500000148560033490e-02,0.000000000000000000e+00,2.530730640518282209e-03,6.000000396160098859e+01,1.356153156932320962e+04,3.383121645214889202e-06,-2.400278185671274965e-06,1.178199833022492184e-08,4.148130452434631313e-06
9.060000000000000000e+02,1.300000025705043590e-02,0.000000000000000000e+00,2.530720134235582477e-03,5.466666735213461692e+01,2.799113345064564783e+04,2.486558082897958504e-06,-2.079926414750394620e-06,1.025143897719010543e-08,3.241785014834065811e-06
9.070000000000000000e+02,1.100000004441680120e-02,0.000000000000000000e+00,2.530718337853884569e-03,4.933333345177825890e+01,3.434441377159171680e+04,1.717396738128584563e-06,-1.758681616899372603e-06,8.719616025141919480e-09,2.458147395389080242e-06
9.080000000000000000e+02,9.000000007665310414e-03,0.000000000000000000e+00,2.530718030901171322e-03,4.400000002044093605e+01,1.134209888100738681e+04,1.076709939868034866e-06,-1.435216593318474210e-06,7.207521907856053290e-09,1.794213731058640149e-06
9.090000000000000000e+02,6.997354498675799339e-03,0.000000000000000000e+00,2.528911958137911031e-03,3.865961199646893931e+01,1.590506128020048200e+05,5.645220604834929014e-07,-1.107420159638059696e-06,5.400327148603007362e-09,1.243017992741306127e-06
9.100000000000000000e+02,4.987169312393175194e-03,0.000000000000000000e+00,2.606307219658229521e-03,3.329911816638183808e+01,6.922142953790944302e+05,1.888319063309060829e-07,-7.738229984192416037e-07,1.657465822058078114e-08,7.967021030637729377e-07
9.110000000000000000e+02,2.925661375683251408e-03,0.000000000000000000e+00,3.108931359811465886e-03,2.780176366848870373e+01,1.844644960792317986e+06,-4.410795356300278413e-08,-4.289819245246073794e-07,5.885953740293448651e-08,4.352418273553673609e-07
9.120000000000000000e+02,1.266666666666665941e-03,0.000000000000000000e+00,3.663848938853584650e-03,2.337777777777782262e+01,4.850741767919844016e+06,-9.553679288637261525e-08,-1.682790491775099022e-07,4.734178267135075489e-08,1.992143608618662232e-07
9.130000000000000000e+02,2.873333333333333295e-02,0.000000000000000000e+00,3.662307723939853439e-03,9.662222222222227686e+01,1.070976750426923729e+01,1.297180024250509239e-05,-4.597440945301947763e-06,1.062746566561264513e-06,1.380338708584714677e-05
9.140000000000000000e+02,2.999999999999999889e-02,1.000000000000000021e-02,8.333333333333332784e-04,1.000000000000000000e+02,0.000000000000000000e+00,1.413869337583553537e-05,4.799587134688436919e-06,-1.607296793378301815e-06,1.501739291692691210e-05
9.150000000000000000e+02,2.999999999999999889e-02,1.000000000000000194e-02,1.666666666666666557e-03,1.000000000000000000e+02,3.556193632435402208e+00,1.417220807262208903e-05,4.799675811431036856e-06,-8.072967708440255754e-07,1.498466207909761552e-05
9.160000000000000000e+02,2.999999999999999889e-02,1.000000000000000021e-02,2.500000000000000052e-03,1.000000000000000000e+02,0.000000000000000000e+00,1.418350055234631801e-05,4.799764493786270225e-06,-7.296718876409893847e-09,1.497362615922830059e-05
9.170000000000000000e+02,2.999999999999999889e-02,1.000000000000000021e-02,3.333333333333333114e-03,1.000000000000000000e+02,4.180150680783983219e+00,1.417257079705831006e-05,4.799853169664458639e-06,7.927033368102517879e-07,1.498428283329429369e-05
9.180000000000000000e+02,2.999999999999999889e-02,1.000000000000000021e-02,4.166666666666666609e-03,1.000000000000000000e+02,0.000000000000000000e+00,1.413941882143965846e-05,4.799941842298487996e-06,1.592703353737123224e-06,1.501663445218452991e-05
9.190000000000000000e+02,0.000000000000000000e+00,1.000000000000000021e-02,4.166666666666666609e-03,2.000000000000000000e+01,0.000000000000000000e+00,0.000000000000000000e+00,0.000000000000000000e+00,0.000000000000000000e+00,0.000000000000000000e+00
9.200000000000000000e+02,0.000000000000000000e+00,1.000000000000000194e-02,3.333333333333333981e-03,2.000000000000000000e+01,7.990988701241693459e+06,0.000000000000000000e+00,0.000000000000000000e+00,0.000000000000000000e+00,0.000000000000000000e+00
9.210000000000000000e+02,0.000000000000000000e+00,1.000000000000000021e-02,2.500000000000000052e-03,2.000000000000000000e+01,0.000000000000000000e+00,0.000000000000000000e+00,0.000000000000000000e+00,0.000000000000000000e+00,0.000000000000000000e+00
9.220000000000000000e+02,0.000000000000000000e+00,1.000000000000000021e-02,1.666666666666666990e-03,2.000000000000000000e+01,8.610365849430041388e+06,0.000000000000000000e+00,0.000000000000000000e+00,0.000000000000000000e+00,0.000000000000000000e+00
9.230000000000000000e+02,0.000000000000000000e+00,1.000000000000000021e-02,8.333333333333337121e-04,2.000000000000000000e+01,0.000000000000000000e+00,0.000000000000000000e+00,0.000000000000000000e+00,0.000000000000000000e+00,0.000000000000000000e+00
9.240000000000000000e+02,2.721687855732042496e-03,1.000000000000000021e-02,1.250000000000000243e-03,2.725783428195216018e+01,0.000000000000000000e+00,-7.272972766762976009e-08,3.939742012159297872e-07,-1.149655800257366035e-07,4.168001548716021994e-07
9.250000000000000000e+02,1.721687855732042475e-03,1.000000000000000021e-02,1.250000000000000243e-03,2.459116761528548878e+01,0.000000000000000000e+00,-1.011057270476389672e-07,2.369571710148896287e-07,-7.301984702458973927e-08,2.677740969487261913e-07
9.260000000000000000e+02,2.728571428571428467e-02,1.000000000000000194e-02,8.917491915195642624e-04,9.276190476190502920e+01,0.000000000000000000e+00,1.165393081266880101e-05,4.365312391978994859e-06,-1.410938993342951577e-06,1.252440834965757243e-05
9.270000000000000000e+02,7.216878557320411530e-04,1.000000000000000021e-02,3.750000000000000295e-03,2.192450094861878540e+01,0.000000000000000000e+00,-6.845966666241885895e-08,9.191382608254102060e-08,2.662876651913206199e-08,1.176603951675819874e-07
9.280000000000000000e+02,2.928571428571428298e-02,1.000000000000000021e-02,8.917491915195642624e-04,9.809523809523817306e+01,0.000000000000000000e+00,1.346421599209402253e-05,4.685308954521903515e-06,-1.514302115605407478e-06,1.433632948764817353e-05
9.290000000000000000e+02,2.790383597886912995e-02,1.000000000000000021e-02,3.386499697521765020e-03,9.441022927698472245e+01,0.000000000000000000e+00,1.222910465619316364e-05,4.464476284781908963e-06,7.847353690131087421e-07,1.304217615234840766e-05
9.300000000000000000e+02,1.152109819665052097e-03,1.000000000000000021e-02,1.770833333333333677e-03,2.307229285244018158e+01,0.000000000000000000e+00,-8.091355892392088456e-08,1.506871212223304456e-07,-2.482958190579559999e-08,1.728297447131851360e-07
9.310000000000000000e+02,2.865238095238095001e-02,1.000000000000000021e-02,2.723734267192425961e-03,9.640634920634946070e+01,0.000000000000000000e+00,1.291809134970013191e-05,4.584171692156978390e-06,1.981332178013638799e-07,1.370879174086349169e-05
9.320000000000000000e+02,2.936666666666666592e-02,1.000000000000000021e-02,3.498651742339528147e-03,9.831111111111123080e+01,0.000000000000000000e+00,1.356617878534228965e-05,4.698538593155685201e-06,9.313075136247892076e-07,1.438696651251328177e-05
9.330000000000000000e+02,2.836666666666666503e-02,1.000000000000000021e-02,4.331985075672862076e-03,9.564444444444480098e+01,0.000000000000000000e+00,1.260488506584231131e-05,4.538628973057507619e-06,1.656012859875457744e-06,1.349906141441857664e-05
9.340000000000000000e+02,2.936666666666666592e-02,1.000000000000000021e-02,4.331985075672862076e-03,9.831111111111125922e+01,0.000000000000000000e+00,1.352861832235110079e-05,4.698627268651704208e-06,1.714418654617466011e-06,1.442358635169740415e-05
9.350000000000000000e+02,4.304219639330109440e-04,1.000000000000000021e-02,1.354166666666666930e-03,2.114779190382138552e+01,0.000000000000000000e+00,-4.443353465248419288e-08,5.433961719349611635e-08,-1.467047967776953830e-08,7.171022223103942930e-08
9.360000000000000000e+02,1.430421963933012266e-03,1.000000000000000021e-02,5.208333333333334345e-04,2.381445857048807824e+01,0.000000000000000000e+00,-1.265767617508429484e-07,1.901089953640307595e-07,-1.014631558810210904e-07,2.499157432715816527e-07
9.370000000000000000e+02,4.304219639330109440e-04,1.000000000000000021e-02,5.208333333333334345e-04,2.114779190382138552e+01,0.000000000000000000e+00,-4.961457497666063391e-08,5.180831460941638004e-08,-2.481486839720167637e-08,7.590444786936655528e-08
9.380000000000000000e+02,2.782288359791675048e-02,1.000000000000000021e-02,2.446263813368467800e-03,9.419435626111165050e+01,0.000000000000000000e+00,1.216924860028581899e-05,4.451424016847410025e-06,-5.466594521690854814e-08,1.295796186284289032e-05
9.390000000000000000e+02,2.604358465663169156e-02,1.000000000000000021e-02,2.857676589237050611e-03,8.944955908435164815e+01,0.000000000000000000e+00,1.063382606064847977e-05,4.166783700083720969e-06,2.916502709532505291e-07,1.142477146257014751e-05
9.400000000000000000e+02,2.400773809880213383e-02,1.000000000000000021e-02,2.567619149868127174e-03,8.402063493013955053e+01,0.000000000000000000e+00,9.005390718771521440e-06,3.841025203856366609e-06,4.595580626519321342e-08,9.790436586308374887e-06
9.410000000000000000e+02,2.200132277227600380e-02,1.000000000000000021e-02,2.529816203433902372e-03,7.867019405940315835e+01,0.000000000000000000e+00,7.528431272846533764e-06,3.520011057030038278e-06,1.543617829664457061e-08,8.310715585747585350e-06
9.420000000000000000e+02,2.000000012293459695e-02,1.000000000000000021e-02,2.530718223299803504e-03,7.333333366115925855e+01,0.000000000000000000e+00,6.183488386464878124e-06,3.199828074505277422e-06,1.454013234176783717e-08,6.962373140487852870e-06
9.430000000000000000e+02,1.800000072089802047e-02,1.000000000000000021e-02,2.530719472370795975e-03,6.800000192239500052e+01,0.000000000000000000e+00,4.967441567686549622e-06,2.879869980174736226e-06,1.301045603642964477e-08,5.741889593422893771e-06
9.440000000000000000e+02,1.600000422513077336e-02,1.000000000000000021e-02,2.530726822087744736e-03,6.266667793368227990e+01,0.000000000000000000e+00,3.879283916831489003e-06,2.559887832576890164e-06,1.148426945551305075e-08,4.647795317266842961e-06
9.450000000000000000e+02,1.400002474924059645e-02,1.000000000000000021e-02,2.530770052135426079e-03,5.733339933130839228e+01,0.000000000000000000e+00,2.918897348734073302e-06,2.239734493917546321e-06,9.973563011895962491e-09,3.679194450915858028e-06
9.460000000000000000e+02,1.200014488617931474e-02,1.000000000000000021e-02,2.531024222897432056e-03,5.200038636314496188e+01,0.000000000000000000e+00,2.086165695719514466e-06,1.919043348505113995e-06,8.544784419143003020e-09,2.834587747235808526e-06
9.470000000000000000e+02,1.000084766149035923e-02,1.000000000000000021e-02,2.532517990324976292e-03,4.666892709730772282e+01,0.000000000000000000e+00,1.381260043989146460e-06,1.597002302085934251e-06,7.483859691779341090e-09,2.111480918726133870e-06
9.480000000000000000e+02,8.004956035429024869e-03,1.000000000000000021e-02,2.541293052023301056e-03,4.134654942781079257e+01,0.000000000000000000e+00,8.057084355658689040e-07,1.272452926545560807e-06,8.144089715803701318e-09,1.506110507105524811e-06
9.490000000000000000e+02,6.028956611495423119e-03,1.000000000000000021e-02,2.592818165011605714e-03,3.607721763065452336e+01,0.000000000000000000e+00,3.659470452834522095e-07,9.465331552128147542e-07,1.619028861212448989e-08,1.014940579203609929e-06
9.500000000000000000e+02,4.169062062500192810e-03,1.000000000000000021e-02,2.895217299731557125e-03,3.111749883333391509e+01,0.000000000000000000e+00,7.578434637166856450e-08,6.357099783464841135e-07,5.269357016460222234e-08,6.423761017199816085e-07
9.510000000000000000e+02,2.828571428571428556e-02,1.000000000000000021e-02,8.917491915195642624e-04,9.542857142857161534e+01,0.000000000000000000e+00,1.254307324450150296e-05,4.525310654179216506e-06,-1.462620530322979718e-06,1.341440948195184801e-05
9.520000000000000000e+02,2.366025426878450022e-03,1.000000000000000021e-02,2.826794919243112714e-03,2.630940113834257588e+01,0.000000000000000000e+00,-6.826203292747819710e-08,3.376749555700588447e-07,2.443999844647567075e-08,3.453713860219127689e-07
9.530000000000000000e+02,1.721687855732042475e-03,1.000000000000000021e-02,3.750000000000000295e-03,2.459116761528545680e+01,0.000000000000000000e+00,-1.023862523934260934e-07,2.380209278988980824e-07,7.066713256977959094e-08,2.685716858171344841e-07
9.540000000000000000e+02,2.653716931220246461e-02,1.000000000000000194e-02,1.554514621848903429e-03,9.076578483254029095e+01,0.000000000000000000e+00,1.103653452326961069e-05,4.245617328133027184e-06,-8.094394650948460301e-07,1.185266016672706318e-05
9.550000000000000000e+02,2.550641534442922576e-02,1.000000000000000194e-02,1.303161967388147399e-03,8.801710758514501265e+01,0.000000000000000000e+00,1.016955915361896717e-05,4.080672576882321397e-06,-9.831846091182578003e-07,1.100174868074533609e-05
9.560000000000000000e+02,2.450641534442922834e-02,1.000000000000000021e-02,1.303161967388147399e-03,8.535044091847845493e+01,0.000000000000000000e+00,9.369355295374113028e-06,3.920676225142218576e-06,-9.446681789926932951e-07,1.020043718091297062e-05
9.570000000000000000e+02,2.350132275437290946e-02,1.000000000000000021e-02,1.264457182479979775e-03,8.267019401166164982e+01,0.000000000000000000e+00,8.595806513254096489e-06,3.759862795074751531e-06,-9.350629504404266565e-07,9.428616047563673433e-06
9.580000000000000000e+02,2.250132275437290857e-02,1.000000000000000021e-02,1.264457182479979775e-03,8.000352734499497842e+01,0.000000000000000000e+00,7.859765199608475625e-06,3.599870669514514334e-06,-8.953073989215335968e-07,8.691176742465371358e-06
9.590000000000000000e+02,2.150000001790310089e-02,1.000000000000000021e-02,1.265359020953922596e-03,7.733333338107534871e+01,0.000000000000000000e+00,7.154847840923175691e-06,3.439670470626797287e-06,-8.548780907177544337e-07,7.984610016979804177e-06
9.600000000000000000e+02,2.050000001790310000e-02,1.000000000000000194e-02,1.265359020953922596e-03,7.466666671440860625e+01,0.000000000000000000e+00,6.482843724455819561e-06,3.279685398776759167e-06,-8.151488942163253872e-07,7.310818476094709353e-06
9.610000000000000000e+02,1.950000010503150083e-02,1.000000000000000194e-02,1.265359202345880908e-03,7.200000028008430775e+01,0.000000000000000000e+00,5.842831764720948509e-06,3.119705958678926318e-06,-7.754184054584336886e-07,6.668772151076433593e-06
9.620000000000000000e+02,1.850000010503149994e-02,1.000000000000000194e-02,1.265359202345880908e-03,6.933333361341763634e+01,0.000000000000000000e+00,5.234808049024841913e-06,2.959727361994687998e-06,-7.356862397528125567e-07,6.058418573426314880e-06
9.630000000000000000e+02,1.750000061586651917e-02,1.000000000000000194e-02,1.265360270024914850e-03,6.666666830897766260e+01,0.000000000000000000e+00,4.658766028282915977e-06,2.799749420574599385e-06,-6.959493684380625889e-07,5.479693718422601362e-06
9.640000000000000000e+02,1.650000061586652175e-02,1.000000000000000194e-02,1.265360270024914850e-03,6.400000164231096278e+01,0.000000000000000000e+00,4.114691379490836039e-06,2.639765948551166296e-06,-6.562068063869291819e-07,4.932510191001633092e-06
9.650000000000000000e+02,1.550000360926425541e-02,1.000000000000000194e-02,1.265366552062830103e-03,6.133334295803822300e+01,0.000000000000000000e+00,3.602570100566188153e-06,2.479755704221862703e-06,-6.164586972820933520e-07,4.416754578598303401e-06
9.660000000000000000e+02,1.450000360926425452e-02,1.000000000000000021e-02,1.265366552062830103e-03,5.866667629137152318e+01,0.000000000000000000e+00,3.122387451036339263e-06,2.319695551770876275e-06,-5.767026601728005810e-07,3.932286460260134868e-06
9.670000000000000000e+02,1.350002113997634048e-02,1.000000000000000021e-02,1.265403500072595977e-03,5.600005637327038244e+01,0.000000000000000000e+00,2.674129703041867368e-06,2.159544261704078957e-06,-5.369309611565373760e-07,3.478921663964033791e-06
9.680000000000000000e+02,1.250002113997634133e-02,1.000000000000000021e-02,1.265403500072595977e-03,5.333338970660370393e+01,0.000000000000000000e+00,2.257746120881249701e-06,1.999222687288679930e-06,-4.971634191796875057e-07,3.056383543519127637e-06
9.690000000000000000e+02,1.150012374620297192e-02,1.000000000000000021e-02,1.265620722824835863e-03,5.066699665654135742e+01,0.000000000000000000e+00,1.873309115591622712e-06,1.838627226333839550e-06,-4.573472159868328348e-07,2.664395540445457780e-06
9.700000000000000000e+02,1.050012374620297277e-02,1.000000000000000021e-02,1.265620722824835863e-03,4.800032998987470734e+01,0.000000000000000000e+00,1.520745777541381998e-06,1.677563117089453852e-06,-4.176622179809556765e-07,2.302461174495152971e-06
9.710000000000000000e+02,9.500723915287386662e-03,1.000000000000000021e-02,1.266897267500140213e-03,4.533526377409979347e+01,0.000000000000000000e+00,1.200500955538086739e-06,1.516022842506945862e-06,-3.776818518991757881e-07,1.970322659998785399e-06
9.720000000000000000e+02,8.500723915287387508e-03,1.000000000000000021e-02,1.266897267500140213e-03,4.266859710743311496e+01,0.000000000000000000e+00,9.121648545434323198e-07,1.353440132720291755e-06,-3.381608149445145744e-07,1.666792624019587003e-06
9.730000000000000000e+02,7.504232120141640129e-03,1.000000000000000021e-02,1.274395784523160843e-03,4.001128565371114121e+01,0.000000000000000000e+00,6.577460558891493908e-07,1.190289863138076567e-06,-2.972546484475278104e-07,1.392041722920206340e-06
9.740000000000000000e+02,6.504232120141640108e-03,1.000000000000000194e-02,1.274395784523160843e-03,3.734461898704444849e+01,0.000000000000000000e+00,4.353444774367584246e-07,1.025147125172533932e-06,-2.586935132384695603e-07,1.143404467402440109e-06
9.750000000000000000e+02,5.524724491353784871e-03,1.000000000000000194e-02,1.318422380488444871e-03,3.473259864361017435e+01,0.000000000000000000e+00,2.530565398429996504e-07,8.624178319829641422e-07,-2.132808451805124448e-07,9.237374346644296848e-07
9.760000000000000000e+02,4.524724491353784850e-03,1.000000000000000021e-02,1.318422380488444871e-03,3.206593197694353137e+01,0.000000000000000000e+00,1.008870443038045490e-07,6.948296473041418692e-07,-1.766604446577681907e-07,7.239995491627300935e-07
9.770000000000000000e+02,3.644337571146410212e-03,1.000000000000000021e-02,1.576794919243112254e-03,2.971823352305714749e+01,0.000000000000000000e+00,7.690054533556243064e-09,5.477409093095977636e-07,-1.123625592305945820e-07,5.591999511685269578e-07
9.780000000000000000e+02,2.653716931220246461e-02,1.000000000000000194e-02,4.054514621848904349e-03,9.076578483254039043e+01,0.000000000000000000e+00,1.101271736033579002e-05,4.245883186045555202e-06,1.313534727161458964e-06,1.187572486914566338e-05
9.790000000000000000e+02,2.753716931220246550e-02,1.000000000000000021e-02,4.054514621848903481e-03,9.343245149920699077e+01,0.000000000000000000e+00,1.187790607893485464e-05,4.405881282972379531e-06,1.363061384813338634e-06,1.274183577976161053e-05
9.800000000000000000e+02,2.450641534442922834e-02,1.000000000000000021e-02,3.803161967388147234e-03,8.535044091847845493e+01,0.000000000000000000e+00,9.365646420962557225e-06,3.920942114485710823e-06,1.015845978042008601e-06,1.020397290268553024e-05
9.810000000000000000e+02,2.550641534442922576e-02,1.000000000000000194e-02,3.803161967388148101e-03,8.801710758514511213e+01,0.000000000000000000e+00,1.016585025086713060e-05,4.080938496197669601e-06,1.057329417818621035e-06,1.100529489975566576e-05
9.820000000000000000e+02,2.250132275437290857e-02,1.000000000000000021e-02,3.764457182479979611e-03,8.000352734499509211e+01,0.000000000000000000e+00,7.859152762393867384e-06,3.600136466619350479e-06,9.047979855788274804e-07,8.691715832655433227e-06
9.830000000000000000e+02,2.350132275437290946e-02,1.000000000000000021e-02,3.764457182479979611e-03,8.267019401166167825e+01,0.000000000000000000e+00,8.595193982517265947e-06,3.760128670106852181e-06,9.450433865687176123e-07,9.429158722566813536e-06
9.840000000000000000e+02,2.050000001790310000e-02,1.000000000000000194e-02,3.765359020953922865e-03,7.466666671440860625e+01,0.000000000000000000e+00,6.482158974338629374e-06,3.279951155745797574e-06,8.248424088052589958e-07,7.311417752532041740e-06
9.850000000000000000e+02,2.150000001790310089e-02,1.000000000000000021e-02,3.765359020953922865e-03,7.733333338107537713e+01,0.000000000000000000e+00,7.154163222343453901e-06,3.439936174870898969e-06,8.651191039620537041e-07,7.985214046170410038e-06
9.860000000000000000e+02,1.850000010503149994e-02,1.000000000000000194e-02,3.765359202345881610e-03,6.933333361341765055e+01,0.000000000000000000e+00,5.234123284804464216e-06,2.959993207647499577e-06,7.442861975675646155e-07,6.059007203638331555e-06
9.870000000000000000e+02,1.950000010503150083e-02,1.000000000000000194e-02,3.765359202345881610e-03,7.200000028008433617e+01,0.000000000000000000e+00,5.842147129138154998e-06,3.119969710265158382e-06,7.845662113777572228e-07,6.669365652856715766e-06
9.880000000000000000e+02,1.650000061586652175e-02,1.000000000000000194e-02,3.765360270024915336e-03,6.400000164231096278e+01,0.000000000000000000e+00,4.114006415841056279e-06,2.640029221200122270e-06,6.637145081924117923e-07,4.933084230657023139e-06
9.890000000000000000e+02,1.750000061586651917e-02,1.000000000000000194e-02,3.765360270024915336e-03,6.666666830897767682e+01,0.000000000000000000e+00,4.658080923489948280e-06,2.800013828095825320e-06,7.040034562232396566e-07,5.480275193243773516e-06
9.900000000000000000e+02,1.450000360926425452e-02,1.000000000000000021e-02,3.765366552062830371e-03,5.866667629137151607e+01,0.000000000000000000e+00,3.121696661723055030e-06,2.319960364251603964e-06,5.831217126338379965e-07,3.932840839807316714e-06
9.910000000000000000e+02,1.550000360926425541e-02,1.000000000000000194e-02,3.765366552062830371e-03,6.133334295803822300e+01,0.000000000000000000e+00,3.601885997665330939e-06,2.480019947620867118e-06,6.234258821545990859e-07,4.417322889637480764e-06
9.920000000000000000e+02,1.250002113997634133e-02,1.000000000000000021e-02,3.765403500072595812e-03,5.333338970660373235e+01,0.000000000000000000e+00,2.257061240278448066e-06,1.999476168051109152e-06,5.025317787310635803e-07,3.056921421562261740e-06
9.930000000000000000e+02,1.350002113997634048e-02,1.000000000000000021e-02,3.765403500072595812e-03,5.600005637327038244e+01,0.000000000000000000e+00,2.673435213061955208e-06,2.159799612380983481e-06,5.428419329575354654e-07,3.479463689745553521e-06
9.940000000000000000e+02,1.050012374620297277e-02,1.000000000000000021e-02,3.765620722824835915e-03,4.800032998987470023e+01,0.000000000000000000e+00,1.520037121343503554e-06,1.677822103054782363e-06,4.220977026318150869e-07,2.302990736049208035e-06
9.950000000000000000e+02,1.150012374620297192e-02,1.000000000000000021e-02,3.765620722824835915e-03,5.066699665654139295e+01,0.000000000000000000e+00,1.872610024606299849e-06,1.838880147527008193e-06,4.623303681806702181e-07,2.664938624165110462e-06
9.960000000000000000e+02,8.500723915287387508e-03,1.000000000000000021e-02,3.766897267500140048e-03,4.266859710743308653e+01,0.000000000000000000e+00,9.113452221362415408e-07,1.353674557200031262e-06,3.422353073059925536e-07,1.667366164430621798e-06
9.970000000000000000e+02,9.500723915287386662e-03,1.000000000000000021e-02,3.766897267500140048e-03,4.533526377409976504e+01,0.000000000000000000e+00,1.199683360699397135e-06,1.516265748629753160e-06,3.823470990858671619e-07,1.970911284301280630e-06
9.980000000000000000e+02,6.504232120141640108e-03,1.000000000000000194e-02,3.774395784523161546e-03,3.734461898704441296e+01,0.000000000000000000e+00,4.338894010768802842e-07,1.025158754588625677e-06,2.646971283703024680e-07,1.144235576375791752e-06
9.990000000000000000e+02,7.504232120141640129e-03,1.000000000000000021e-02,3.774395784523160678e-03,4.001128565371108436e+01,0.000000000000000000e+00,6.562124880992941222e-07,1.190447242655191761e-06,3.043831339763168162e-07,1.392992663057512062e-06
1.000000000000000000e+03,4.524724491353784850e-03,1.000000000000000021e-02,3.818422380488444706e-03,3.206593197694349584e+01,0.000000000000000000e+00,9.614223174630584629e-08,6.946999305661873725e-07,1.937186080399230946e-07,7.275838242805781903e-07
1.001000000000000000e+03,5.524724491353784871e-03,1.000000000000000194e-02,3.818422380488445574e-03,3.473259864361016014e+01,0.000000000000000000e+00,2.483357231460299182e-07,8.624139292502826879e-07,2.340273605133801221e-07,9.274681785507429276e-07
1.002000000000000000e+03,2.644337571146410191e-03,1.000000000000000021e-02,4.076794919243112089e-03,2.705156685639045477e+01,0.000000000000000000e+00,-9.060319916374125059e-08,3.805288009406775960e-07,1.404597075618535217e-07,4.156200638713389040e-07
1.003000000000000000e+03,3.644337571146410212e-03,1.000000000000000021e-02,4.076794919243112089e-03,2.971823352305715105e+01,0.000000000000000000e+00,-1.696371345349760522e-08,5.466746850725570131e-07,1.891884617486469117e-07,5.787341815826424860e-07
1.004000000000000000e+03,2.928571428571428298e-02,1.000000000000000021e-02,2.558415858186230928e-03,9.809523809523822990e+01,0.000000000000000000e+00,1.350590766842446432e-05,4.685486321337904424e-06,4.760274135118767479e-08,1.429564933944714225e-05
1.005000000000000000e+03,2.928571428571428298e-02,1.000000000000000194e-02,1.725082524852897432e-03,9.809523809523818727e+01,0.000000000000000000e+00,1.349617294665796711e-05,4.685397630781548135e-06,-7.333496953029886526e-07,1.430515420889396511e-05
1.006000000000000000e+03,7.216878557320411530e-04,1.000000000000000021e-02,2.083333333333333738e-03,2.192450094861879961e+01,0.000000000000000000e+00,-6.145356486212073046e-08,9.062642718390728476e-08,-8.389030195254985529e-09,1.098183307376315519e-07
1.007000000000000000e+03,7.216878557320411530e-04,1.000000000000000194e-02,2.916666666666667233e-03,2.192450094861879251e+01,0.000000000000000000e+00,-5.967278059887211004e-08,8.867386054318937685e-08,7.102477114052574762e-09,1.071183432899788908e-07
1.008000000000000000e+03,1.443375711464082306e-03,1.000000000000000021e-02,2.500000000000000486e-03,2.384900189723756725e+01,3.758333983930480201e+06,-8.515221412393591778e-08,1.929153280364976994e-07,4.618666743678142440e-10,2.108730345076464091e-07
1.009000000000000000e+03,2.857142857142857054e-02,1.000000000000000021e-02,1.783498383039128525e-03,9.619047619047643138e+01,1.367725313106851459e+01,1.283635518860883300e-05,4.571119409179640176e-06,-6.620730645260510784e-07,1.364204852373259450e-05
1.010000000000000000e+03,3.288675142292817738e-03,1.000000000000000021e-02,3.153589838486224508e-03,2.876980037944757385e+01,1.698750368007644778e+06,-1.781597358941828908e-08,4.889140415050585318e-07,7.007717586703827626e-08,4.942318883613730731e-07
1.011000000000000000e+03,5.049448982707567882e-03,1.000000000000000021e-02,2.636844760976889742e-03,3.346519728722025633e+01,6.520940804804130457e+05,1.982810075615291892e-07,7.838521441801123081e-07,2.083592814183199663e-08,8.088100381405428630e-07
1.012000000000000000e+03,7.008464240283278357e-03,1.000000000000000021e-02,2.548791569046321686e-03,3.868923797408881882e+01,1.656761789989024692e+05,5.670926376706779493e-07,1.108817152652474182e-06,8.800453249708412987e-09,1.245450515152660471e-06
1.013000000000000000e+03,9.001447830574773115e-03,1.000000000000000021e-02,2.533794535000280426e-03,4.400386088153278052e+01,6.186974084740826584e+03,1.077013017726038227e-06,1.435093471915007724e-06,7.029826291148774504e-09,1.794296444833490304e-06
1.014000000000000000e+03,1.100024749240594533e-02,1.000000000000000021e-02,2.531241445649671726e-03,4.933399331308264379e+01,4.366633157421207579e+04,1.717631489472820631e-06,1.758252895563019496e-06,7.853245300596797265e-09,2.458001800618972905e-06
1.015000000000000000e+03,1.300004227995268241e-02,1.000000000000000021e-02,2.530807000145191953e-03,5.466677941320726575e+01,2.626211661808668941e+04,2.486590383998832680e-06,2.079501533239071352e-06,9.228173257561090675e-09,3.241534131197877954e-06
1.016000000000000000e+03,1.500000721852850875e-02,1.000000000000000021e-02,2.530733104125660205e-03,6.000001924940949749e+01,1.345389894970930982e+04,3.383134467369157755e-06,2.399850966625195756e-06,1.072035664267948110e-08,4.147890839011994873e-06
1.017000000000000000e+03,1.700000123173303970e-02,1.000000000000000021e-02,2.530720540049829700e-03,6.533333661795506941e+01,5.602006595175702387e+03,4.407386746944402273e-06,2.719885147128355571e-06,1.224643688568960459e-08,5.179090955556485830e-06
1.018000000000000000e+03,1.900000021006300124e-02,1.000000000000000021e-02,2.530718404691761816e-03,7.066666722683501689e+01,1.609916929015664891e+03,5.559471931730154069e-06,3.039848055060834791e-06,1.377488002883931529e-08,6.336291826050340440e-06
1.019000000000000000e+03,2.100000003580619612e-02,1.000000000000000021e-02,2.530718041907845193e-03,7.600000009548354285e+01,4.223513025491049575e+02,6.839497811929230838e-06,3.359812059911557183e-06,1.530467586291700807e-08,7.620190393317947893e-06
1.020000000000000000e+03,2.300264550874581496e-02,1.000000000000000021e-02,2.528914364959959551e-03,8.134038802332278806e+01,7.249631368529247766e+01,8.249447034818703397e-06,3.680212603283758172e-06,1.550976815834209923e-08,9.033137978496510681e-06
1.021000000000000000e+03,2.501283068885845617e-02,1.000000000000000021e-02,2.606323934776294798e-03,8.670088183695638406e+01,8.768028864636339392e+01,9.793613101699709896e-06,4.001839431695965415e-06,7.889159220107203434e-08,1.057997165904431436e-05
1.022000000000000000e+03,2.707433862440492695e-02,1.000000000000000021e-02,3.109029243697806859e-03,9.219823633174695487e+01,5.056481556330844995e+01,1.150601614424819139e-05,4.331728705846326322e-06,5.209902144899181828e-07,1.230543424249414237e-05
1.023000000000000000e+03,8.608439278660218880e-04,1.000000000000000021e-02,1.041666666666666869e-03,2.229558380764277459e+01,5.682499783309265040e+06,-7.918805910470654328e-08,1.060183357427356374e-07,-4.013236520794074421e-08,1.382795825695660871e-07
1.024000000000000000e+03,2.873333333333333295e-02,1.000000000000000021e-02,3.663970151345723181e-03,9.662222222222253265e+01,1.252264199260272015e+01,1.297174779116748390e-05,4.597223970977330467e-06,1.063210806160046308e-06,1.380330127959694110e-05
1.025000000000000000e+03,0.000000000000000000e+00,7.285714285714285122e-03,8.881868470784136079e-04,2.000000000000000000e+01,0.000000000000000000e+00,0.000000000000000000e+00,0.000000000000000000e+00,0.000000000000000000e+00,0.000000000000000000e+00
1.026000000000000000e+03,0.000000000000000000e+00,2.714285714285713351e-03,8.881868470784136079e-04,2.000000000000000000e+01,0.000000000000000000e+00,0.000000000000000000e+00,0.000000000000000000e+00,0.000000000000000000e+00,0.000000000000000000e+00
1.027000000000000000e+03,0.000000000000000000e+00,7.142857142857139598e-04,8.881868470784136079e-04,2.000000000000000000e+01,0.000000000000000000e+00,0.000000000000000000e+00,0.000000000000000000e+00,0.000000000000000000e+00,0.000000000000000000e+00
1.028000000000000000e+03,0.000000000000000000e+00,9.285714285714286031e-03,8.881868470784136079e-04,2.000000000000000000e+01,0.000000000000000000e+00,0.000000000000000000e+00,0.000000000000000000e+00,0.000000000000000000e+00,0.000000000000000000e+00
1.029000000000000000e+03,0.000000000000000000e+00,2.107936507936507449e-03,3.345539302150458538e-03,2.000000000000000000e+01,0.000000000000000000e+00,0.000000000000000000e+00,0.000000000000000000e+00,0.000000000000000000e+00,0.000000000000000000e+00
1.030000000000000000e+03,0.000000000000000000e+00,7.892063492063491892e-03,3.345539302150458104e-03,2.000000000000000000e+01,0.000000000000000000e+00,0.000000000000000000e+00,0.000000000000000000e+00,0.000000000000000000e+00,0.000000000000000000e+00
1.031000000000000000e+03,0.000000000000000000e+00,8.652380952380953061e-03,2.719340709048340219e-03,2.000000000000000000e+01,0.000000000000000000e+00,0.000000000000000000e+00,0.000000000000000000e+00,0.000000000000000000e+00,0.000000000000000000e+00
1.032000000000000000e+03,0.000000000000000000e+00,9.366666666666667238e-03,3.497820528636593710e-03,2.000000000000000000e+01,0.000000000000000000e+00,0.000000000000000000e+00,0.000000000000000000e+00,0.000000000000000000e+00,0.000000000000000000e+00
1.033000000000000000e+03,0.000000000000000000e+00,8.366666666666666349e-03,4.331153861969926772e-03,2.000000000000000000e+01,0.000000000000000000e+00,0.000000000000000000e+00,0.000000000000000000e+00,0.000000000000000000e+00,0.000000000000000000e+00
1.034000000000000000e+03,0.000000000000000000e+00,9.366666666666665503e-03,4.331153861969926772e-03,2.000000000000000000e+01,0.000000000000000000e+00,0.000000000000000000e+00,0.000000000000000000e+00,0.000000000000000000e+00,0.000000000000000000e+00
1.035000000000000000e+03,0.000000000000000000e+00,1.347619047619046930e-03,2.719340709048340219e-03,2.000000000000000000e+01,0.000000000000000000e+00,0.000000000000000000e+00,0.000000000000000000e+00,0.000000000000000000e+00,0.000000000000000000e+00
1.036000000000000000e+03,0.000000000000000000e+00,1.633333333333332124e-03,4.331153861969926772e-03,2.000000000000000000e+01,0.000000000000000000e+00,0.000000000000000000e+00,0.000000000000000000e+00,0.000000000000000000e+00,0.000000000000000000e+00
1.037000000000000000e+03,0.000000000000000000e+00,6.333333333333329707e-04,3.497820528636593710e-03,2.000000000000000000e+01,0.000000000000000000e+00,0.000000000000000000e+00,0.000000000000000000e+00,0.000000000000000000e+00,0.000000000000000000e+00
1.038000000000000000e+03,0.000000000000000000e+00,6.333333333333329707e-04,4.331153861969926772e-03,2.000000000000000000e+01,0.000000000000000000e+00,0.000000000000000000e+00,0.000000000000000000e+00,0.000000000000000000e+00,0.000000000000000000e+00
1.039000000000000000e+03,0.000000000000000000e+00,7.811111111111110686e-03,2.402572287258945317e-03,2.000000000000000000e+01,0.000000000000000000e+00,0.000000000000000000e+00,0.000000000000000000e+00,0.000000000000000000e+00,0.000000000000000000e+00
1.040000000000000000e+03,0.000000000000000000e+00,6.025396825396824377e-03,2.852513920240708819e-03,2.000000000000000000e+01,0.000000000000000000e+00,0.000000000000000000e+00,0.000000000000000000e+00,0.000000000000000000e+00,0.000000000000000000e+00
1.041000000000000000e+03,0.000000000000000000e+00,2.188888888888888221e-03,2.402572287258945317e-03,2.000000000000000000e+01,0.000000000000000000e+00,0.000000000000000000e+00,0.000000000000000000e+00,0.000000000000000000e+00,0.000000000000000000e+00
1.042000000000000000e+03,0.000000000000000000e+00,3.974603174603174097e-03,2.852513920240709253e-03,2.000000000000000000e+01,0.000000000000000000e+00,0.000000000000000000e+00,0.000000000000000000e+00,0.000000000000000000e+00,0.000000000000000000e+00
1.043000000000000000e+03,0.000000000000000000e+00,1.714285714285713113e-03,8.881868470784136079e-04,2.000000000000000000e+01,0.000000000000000000e+00,0.000000000000000000e+00,0.000000000000000000e+00,0.000000000000000000e+00,0.000000000000000000e+00
1.044000000000000000e+03,0.000000000000000000e+00,8.285714285714285143e-03,8.881868470784136079e-04,2.000000000000000000e+01,0.000000000000000000e+00,0.000000000000000000e+00,0.000000000000000000e+00,0.000000000000000000e+00,0.000000000000000000e+00
1.045000000000000000e+03,0.000000000000000000e+00,6.525396825396824821e-03,1.514385440180531601e-03,2.000000000000000000e+01,0.000000000000000000e+00,0.000000000000000000e+00,0.000000000000000000e+00,0.000000000000000000e+00,0.000000000000000000e+00
1.046000000000000000e+03,0.000000000000000000e+00,5.499999999999998813e-03,1.338128480060177218e-03,2.000000000000000000e+01,0.000000000000000000e+00,0.000000000000000000e+00,0.000000000000000000e+00,0.000000000000000000e+00,0.000000000000000000e+00
1.047000000000000000e+03,0.000000000000000000e+00,4.499999999999998793e-03,1.338128480060177218e-03,2.000000000000000000e+01,0.000000000000000000e+00,0.000000000000000000e+00,0.000000000000000000e+00,0.000000000000000000e+00,0.000000000000000000e+00
1.048000000000000000e+03,0.000000000000000000e+00,3.474603174603173653e-03,1.514385440180531818e-03,2.000000000000000000e+01,0.000000000000000000e+00,0.000000000000000000e+00,0.000000000000000000e+00,0.000000000000000000e+00,0.000000000000000000e+00
1.049000000000000000e+03,0.000000000000000000e+00,6.525396825396824821e-03,4.014385440180531436e-03,2.000000000000000000e+01,0.000000000000000000e+00,0.000000000000000000e+00,0.000000000000000000e+00,0.000000000000000000e+00,0.000000000000000000e+00
1.050000000000000000e+03,0.000000000000000000e+00,7.525396825396825709e-03,4.014385440180531436e-03,2.000000000000000000e+01,0.000000000000000000e+00,0.000000000000000000e+00,0.000000000000000000e+00,0.000000000000000000e+00,0.000000000000000000e+00
1.051000000000000000e+03,0.000000000000000000e+00,4.499999999999998793e-03,3.838128480060177053e-03,2.000000000000000000e+01,0.000000000000000000e+00,0.000000000000000000e+00,0.000000000000000000e+00,0.000000000000000000e+00,0.000000000000000000e+00
1.052000000000000000e+03,0.000000000000000000e+00,5.499999999999998813e-03,3.838128480060177053e-03,2.000000000000000000e+01,0.000000000000000000e+00,0.000000000000000000e+00,0.000000000000000000e+00,0.000000000000000000e+00,0.000000000000000000e+00
1.053000000000000000e+03,0.000000000000000000e+00,2.474603174603173632e-03,4.014385440180531436e-03,2.000000000000000000e+01,0.000000000000000000e+00,0.000000000000000000e+00,0.000000000000000000e+00,0.000000000000000000e+00,0.000000000000000000e+00
1.054000000000000000e+03,0.000000000000000000e+00,3.474603174603173653e-03,4.014385440180531436e-03,2.000000000000000000e+01,0.000000000000000000e+00,0.000000000000000000e+00,0.000000000000000000e+00,0.000000000000000000e+00,0.000000000000000000e+00
1.055000000000000000e+03,0.000000000000000000e+00,7.142857142857139598e-04,1.721520180411746995e-03,2.000000000000000000e+01,0.000000000000000000e+00,0.000000000000000000e+00,0.000000000000000000e+00,0.000000000000000000e+00,0.000000000000000000e+00
1.056000000000000000e+03,0.000000000000000000e+00,7.142857142857139598e-04,2.554853513745080490e-03,2.000000000000000000e+01,0.000000000000000000e+00,0.000000000000000000e+00,0.000000000000000000e+00,0.000000000000000000e+00,0.000000000000000000e+00
1.057000000000000000e+03,0.000000000000000000e+00,9.285714285714286031e-03,2.554853513745080490e-03,2.000000000000000000e+01,0.000000000000000000e+00,0.000000000000000000e+00,0.000000000000000000e+00,0.000000000000000000e+00,0.000000000000000000e+00
1.058000000000000000e+03,0.000000000000000000e+00,9.285714285714286031e-03,1.721520180411746995e-03,2.000000000000000000e+01,0.000000000000000000e+00,0.000000000000000000e+00,0.000000000000000000e+00,0.000000000000000000e+00,0.000000000000000000e+00
1.059000000000000000e+03,0.000000000000000000e+00,8.571428571428571855e-03,1.776373694156827216e-03,2.000000000000000000e+01,3.078493502804434393e+06,0.000000000000000000e+00,0.000000000000000000e+00,0.000000000000000000e+00,0.000000000000000000e+00
1.060000000000000000e+03,0.000000000000000000e+00,1.428571428571427920e-03,1.776373694156827216e-03,2.000000000000000000e+01,3.082725455105732661e+06,0.000000000000000000e+00,0.000000000000000000e+00,0.000000000000000000e+00,0.000000000000000000e+00
1.061000000000000000e+03,0.000000000000000000e+00,2.949206349206348523e-03,3.028770880361063636e-03,2.000000000000000000e+01,3.165377357936516404e+06,0.000000000000000000e+00,0.000000000000000000e+00,0.000000000000000000e+00,0.000000000000000000e+00
1.062000000000000000e+03,0.000000000000000000e+00,4.999999999999999237e-03,2.676256960120354435e-03,2.000000000000000000e+01,3.655488648610939737e+06,0.000000000000000000e+00,0.000000000000000000e+00,0.000000000000000000e+00,0.000000000000000000e+00
1.063000000000000000e+03,0.000000000000000000e+00,7.050793650793650384e-03,3.028770880361063202e-03,2.000000000000000000e+01,3.315588719135035295e+06,0.000000000000000000e+00,0.000000000000000000e+00,0.000000000000000000e+00,0.000000000000000000e+00
1.064000000000000000e+03,0.000000000000000000e+00,1.266666666666665941e-03,3.662307723939853439e-03,2.000000000000000000e+01,3.223467145637268666e+06,0.000000000000000000e+00,0.000000000000000000e+00,0.000000000000000000e+00,0.000000000000000000e+00
1.065000000000000000e+03,0.000000000000000000e+00,8.733333333333332532e-03,3.662307723939853439e-03,2.000000000000000000e+01,3.178970641424611211e+06,0.000000000000000000e+00,0.000000000000000000e+00,0.000000000000000000e+00,0.000000000000000000e+00
1.066000000000000000e+03,2.999999999999999889e-02,2.714285714285714652e-03,8.881868470784134995e-04,1.000000000000000000e+02,0.000000000000000000e+00,1.445798142267606702e-05,-2.194689084232387863e-06,-1.553862174630216088e-06,1.470592991458349133e-05
1.067000000000000000e+03,2.999999999999999889e-02,7.285714285714285990e-03,8.881868470784134995e-04,1.000000000000000000e+02,0.000000000000000000e+00,1.445798554764866258e-05,2.193879152586543684e-06,-1.554348724056342113e-06,1.470586453725679550e-05
1.068000000000000000e+03,2.999999999999999889e-02,7.142857142857141767e-04,8.881868470784134995e-04,1.000000000000000000e+02,0.000000000000000000e+00,1.424769606807269375e-05,-4.114688623522725726e-06,-1.553649153155221901e-06,1.491111435835100203e-05
1.069000000000000000e+03,2.999999999999999889e-02,9.285714285714286031e-03,8.881868470784134995e-04,1.000000000000000000e+02,0.000000000000000000e+00,1.424770381333524817e-05,4.113878696008086118e-06,-1.554561421446104974e-06,1.491099336365775222e-05
1.070000000000000000e+03,2.999999999999999889e-02,2.107936507936508316e-03,3.345539302150458104e-03,1.000000000000000000e+02,0.000000000000000000e+00,1.443841174357529000e-05,-2.776522544725189852e-06,8.052610172810149152e-07,1.472498748469188146e-05
1.071000000000000000e+03,2.999999999999999889e-02,7.892063492063491892e-03,3.345539302150458538e-03,1.000000000000000000e+02,0.000000000000000000e+00,1.443841699322009117e-05,2.776235653734106347e-06,8.046454038668017922e-07,1.472490488597923369e-05
1.072000000000000000e+03,2.999999999999999889e-02,8.652380952380953061e-03,2.719340709048340219e-03,1.000000000000000000e+02,0.000000000000000000e+00,1.436933777726337805e-05,3.506073618828988601e-06,2.034137826746604463e-07,1.479228844853692851e-05
1.073000000000000000e+03,2.999999999999999889e-02,8.366666666666668084e-03,4.331153861969926772e-03,1.000000000000000000e+02,0.000000000000000000e+00,1.434889478923255163e-05,3.231959442697810919e-06,1.750784939789010271e-06,1.481221088889503424e-05
1.074000000000000000e+03,2.999999999999999889e-02,9.366666666666667238e-03,3.497820528636593276e-03,1.000000000000000000e+02,0.000000000000000000e+00,1.426270174676797431e-05,4.191870682464372049e-06,9.506784483975976047e-07,1.489631600255614259e-05
1.075000000000000000e+03,2.999999999999999889e-02,9.366666666666667238e-03,4.331153861969926772e-03,1.000000000000000000e+02,0.000000000000000000e+00,1.422516345786713863e-05,4.191959349205469525e-06,1.750678469954603970e-06,1.493293921817109341e-05
1.076000000000000000e+03,2.999999999999999889e-02,1.347619047619047581e-03,2.719340709048339785e-03,1.000000000000000000e+02,0.000000000000000000e+00,1.436933115549826909e-05,-3.506493781458570514e-06,2.041912347712257553e-07,1.479239232024821127e-05
1.077000000000000000e+03,2.999999999999999889e-02,6.333333333333334043e-04,3.497820528636592843e-03,1.000000000000000000e+02,0.000000000000000000e+00,1.426269383210875936e-05,-4.192125140671357670e-06,9.516079459371272288e-07,1.489643938081489178e-05
1.078000000000000000e+03,2.999999999999999889e-02,1.633333333333333642e-03,4.331153861969926772e-03,1.000000000000000000e+02,0.000000000000000000e+00,1.434888868377482899e-05,-3.232036510447022294e-06,1.751501578169256334e-06,1.481230651325286713e-05
1.079000000000000000e+03,2.999999999999999889e-02,6.333333333333334043e-04,4.331153861969926772e-03,1.000000000000000000e+02,0.000000000000000000e+00,1.422515553329115162e-05,-4.192036429209613297e-06,1.751607968090163891e-06,1.493306230630614192e-05
1.080000000000000000e+03,2.999999999999999889e-02,2.188888888888889522e-03,2.402572287258945317e-03,1.000000000000000000e+02,0.000000000000000000e+00,1.445688061739515518e-05,-2.698908659020087675e-06,-9.999602359828422073e-08,1.470698828244874749e-05
1.081000000000000000e+03,2.999999999999999889e-02,3.974603174603175831e-03,2.852513920240708819e-03,1.000000000000000000e+02,0.000000000000000000e+00,1.456475679950439496e-05,-9.845760680427574522e-07,3.317579306339385782e-07,1.460176681045860671e-05
1.082000000000000000e+03,2.999999999999999889e-02,7.811111111111111553e-03,2.402572287258945317e-03,1.000000000000000000e+02,0.000000000000000000e+00,1.445688569981398715e-05,2.698421072131900040e-06,-1.005944051498999839e-07,1.470690788896017748e-05
1.083000000000000000e+03,2.999999999999999889e-02,6.025396825396826112e-03,2.852513920240709253e-03,1.000000000000000000e+02,0.000000000000000000e+00,1.456475867012300113e-05,9.841842377408043547e-07,3.315396553718262702e-07,1.460173730334252636e-05
1.084000000000000000e+03,2.999999999999999889e-02,1.714285714285714414e-03,8.881868470784134995e-04,1.000000000000000000e+02,0.000000000000000000e+00,1.436883872601027837e-05,-3.154688729059652437e-06,-1.553755654851578889e-06,1.479289504952738855e-05
1.085000000000000000e+03,2.999999999999999889e-02,8.285714285714286878e-03,8.881868470784134995e-04,1.000000000000000000e+02,0.000000000000000000e+00,1.436884466889893257e-05,3.153878782932682270e-06,-1.554455065470278042e-06,1.479280159560535838e-05
1.086000000000000000e+03,2.999999999999999889e-02,3.474603174603175387e-03,1.514385440180531601e-03,1.000000000000000000e+02,0.000000000000000000e+00,1.453050433699859732e-05,-1.464718108473457928e-06,-9.527924073443242865e-07,1.463518940076684069e-05
1.087000000000000000e+03,2.999999999999999889e-02,4.500000000000000527e-03,1.338128480060177218e-03,1.000000000000000000e+02,0.000000000000000000e+00,1.455763960314064807e-05,-4.803566670047029661e-07,-1.122108286504660123e-06,1.460872137967958146e-05
1.088000000000000000e+03,2.999999999999999889e-02,5.500000000000001416e-03,1.338128480060177218e-03,1.000000000000000000e+02,0.000000000000000000e+00,1.455764049987793082e-05,4.796425212890696985e-07,-1.122214723209441994e-06,1.460870698442893613e-05
1.089000000000000000e+03,2.999999999999999889e-02,6.525396825396826556e-03,1.514385440180531818e-03,1.000000000000000000e+02,0.000000000000000000e+00,1.453050708973156016e-05,1.464041471815150060e-06,-9.531171125647904056e-07,1.463514557311261039e-05
1.090000000000000000e+03,2.999999999999999889e-02,3.474603174603175387e-03,4.014385440180531436e-03,1.000000000000000000e+02,0.000000000000000000e+00,1.450989751443291077e-05,-1.464452012449650518e-06,1.447207990672237813e-06,1.465524331235683580e-05
1.091000000000000000e+03,2.999999999999999889e-02,2.474603174603175366e-03,4.014385440180531436e-03,1.000000000000000000e+02,0.000000000000000000e+00,1.444508482939418193e-05,-2.424451450154585313e-06,1.447314371050200501e-06,1.471846321635513228e-05
1.092000000000000000e+03,2.999999999999999889e-02,5.500000000000001416e-03,3.838128480060177053e-03,1.000000000000000000e+02,0.000000000000000000e+00,1.455113427754514452e-05,4.799085765730485302e-07,1.277785738329302488e-06,1.461501137180862392e-05
1.093000000000000000e+03,2.999999999999999889e-02,4.500000000000000527e-03,3.838128480060177053e-03,1.000000000000000000e+02,0.000000000000000000e+00,1.455113338306141156e-05,-4.800905936476334903e-07,1.277892165999016210e-06,1.461502576452312724e-05
1.094000000000000000e+03,2.999999999999999889e-02,7.525396825396826576e-03,4.014385440180531436e-03,1.000000000000000000e+02,0.000000000000000000e+00,1.444508941117123767e-05,2.424306950682068445e-06,1.446776802648617155e-06,1.471839106032106164e-05
1.095000000000000000e+03,2.999999999999999889e-02,6.525396825396826556e-03,4.014385440180531436e-03,1.000000000000000000e+02,0.000000000000000000e+00,1.450990028177637541e-05,1.464307514428666483e-06,1.446883286691801459e-06,1.465519955269168198e-05
1.096000000000000000e+03,2.999999999999999889e-02,7.142857142857141767e-04,2.554853513745080056e-03,1.000000000000000000e+02,0.000000000000000000e+00,1.428957769860935269e-05,-4.114511236419909647e-06,4.635093250046064953e-08,1.487021795160256309e-05
1.097000000000000000e+03,2.999999999999999889e-02,7.142857142857141767e-04,1.721520180411746778e-03,1.000000000000000000e+02,0.000000000000000000e+00,1.427974798210265239e-05,-4.114599935380561567e-06,-7.536491202309954795e-07,1.487982264870866950e-05
1.098000000000000000e+03,2.999999999999999889e-02,9.285714285714286031e-03,1.721520180411746778e-03,1.000000000000000000e+02,0.000000000000000000e+00,1.427975573994823360e-05,4.113967384568838712e-06,-7.545613874479206082e-07,1.487970142581187727e-05
1.099000000000000000e+03,2.999999999999999889e-02,9.285714285714286031e-03,2.554853513745080056e-03,1.000000000000000000e+02,0.000000000000000000e+00,1.428958546238307186e-05,4.114056065204501177e-06,4.543866652111606353e-08,1.487009665963240411e-05
1.100000000000000000e+03,2.999999999999999889e-02,8.571428571428571855e-03,1.776373694156826999e-03,1.000000000000000000e+02,1.274453200165352129e+01,1.437088054817649464e-05,3.428258990166335629e-06,-7.018260134871059053e-07,1.479079873390281205e-05
1.101000000000000000e+03,2.999999999999999889e-02,1.428571428571428353e-03,1.776373694156826999e-03,1.000000000000000000e+02,1.237010200519986824e+01,1.437087408478265540e-05,-3.428879870190610300e-06,-7.010657873402828149e-07,1.479090032293690931e-05
1.102000000000000000e+03,2.999999999999999889e-02,7.050793650793651252e-03,3.028770880361063636e-03,1.000000000000000000e+02,3.807949882847287881e+01,1.451184429404529643e-05,1.968583267115053394e-06,5.006372237176708461e-07,1.465331302211046493e-05
1.103000000000000000e+03,2.999999999999999889e-02,5.000000000000000971e-03,2.676256960120354435e-03,1.000000000000000000e+02,5.484920100742171911e+01,1.458303332473440143e-05,-2.146639100890091902e-10,1.624420779605433902e-07,1.458393802870427795e-05
1.104000000000000000e+03,2.999999999999999889e-02,2.949206349206350258e-03,3.028770880361063202e-03,1.000000000000000000e+02,3.906735500207789613e+01,1.451184058507473019e-05,-1.968937572583268827e-06,5.010737665447061119e-07,1.465337187308339135e-05
1.105000000000000000e+03,2.999999999999999889e-02,1.266666666666666809e-03,3.662307723939852572e-03,1.000000000000000000e+02,1.011813129100393382e+01,1.433912453352662623e-05,-3.584107666052514965e-06,1.109448250827258781e-06,1.482184858818579644e-05
1.106000000000000000e+03,2.999999999999999889e-02,8.733333333333334267e-03,3.662307723939853439e-03,1.000000000000000000e+02,8.881117261330590651e+00,1.433913130583284601e-05,3.583888218883326126e-06,1.108653567888290321e-06,1.482174261363884686e-05
1.107000000000000000e+03,1.589426770806312561e-02,8.189198561012744904e-03,3.034194232895970345e-03,6.238471388816858365e+01,6.978619761915387244e+03,4.058298816001598891e-06,1.622046084008366970e-06,2.676583786523497780e-07,4.378637206514107033e-06
1.108000000000000000e+03,1.409828756004571915e-02,7.567928172647953033e-03,3.255201736465096474e-03,5.759543349345540975e+01,8.788251189436832647e+03,3.249278668460327759e-06,1.158411076455586988e-06,3.371297590274850821e-07,3.466032971826471433e-06
1.109000000000000000e+03,1.820892840623855591e-02,8.251653984189033508e-03,2.945238025858998299e-03,6.855714241663640962e+01,3.158802706135903918e+03,5.316271215509861859e-06,1.894607964535314998e-06,2.548864533908289682e-07,5.649535032218271809e-06
1.110000000000000000e+03,1.666879840195178986e-02,6.613445468246936798e-03,3.328813938423991203e-03,6.445012907187167173e+01,6.185221327242836196e+03,4.576714295437636964e-06,8.605652792077703096e-07,4.380553497525252556e-07,4.677475690079850870e-06
1.111000000000000000e+03,6.342353764921426773e-03,2.790311351418495178e-03,3.351148683577775955e-03,3.691294337312385210e+01,5.904438009841052117e+05,7.352708751245625376e-07,-4.351544142006352646e-07,1.720484315999411362e-07,8.715407545380410089e-07
1.112000000000000000e+03,8.205852471292018890e-03,1.746402354910969734e-03,2.084862906485795975e-03,4.188227325677880941e+01,1.703171730965402676e+05,1.088764483788946683e-06,-8.474914928324708492e-07,-1.108912344326604444e-07,1.384177299863576288e-06
1.113000000000000000e+03,6.320990156382322311e-03,2.019275212660431862e-03,2.103313338011503220e-03,3.685597375035293766e+01,5.164156456134805339e+05,6.790188410530869753e-07,-5.872081743692921463e-07,-8.198853200175363964e-08,9.014444774532689741e-07
1.114000000000000000e+03,5.501400213688611984e-03,5.530693568289279938e-03,3.371541388332843781e-03,3.467040056983637442e+01,9.133456592742050998e+05,6.375425081859918870e-07,8.811346060781333716e-08,1.519045080174985076e-07,6.612861795322872273e-07
1.115000000000000000e+03,4.386602435261011124e-03,4.523685667663812637e-03,2.808316145092248917e-03,3.169760649402942221e+01,1.449071069268588908e+06,4.602936188651075149e-07,-6.042649099818149529e-08,4.145891645816417160e-08,4.660905685981804997e-07
1.116000000000000000e+03,7.691181264817714691e-03,4.982034675776958466e-03,3.354061860591173172e-03,4.050981670618062225e+01,3.340499975431527128e+05,1.115853967238530374e-06,-4.464825118801991789e-09,2.086602659937109151e-07,1.135204438623226467e-06
1.117000000000000000e+03,7.658164482563734055e-03,3.911906387656927109e-03,1.690605189651250839e-03,4.042177195350333818e+01,3.338860874838444870e+05,1.090281153439427028e-06,-2.626185812482892254e-07,-2.006386677199563104e-07,1.139270550723799970e-06
1.118000000000000000e+03,5.692702252417802811e-03,3.894427092745900154e-03,1.707113580778241158e-03,3.518053933978084302e+01,8.268544967661531409e+05,6.623037062450571052e-07,-1.921713770235139243e-07,-1.461784640159067653e-07,7.049426790846914776e-07
1.119000000000000000e+03,8.662259206175804138e-03,3.332172986119985580e-03,3.340466879308223724e-03,4.309935788313553218e+01,1.833883626518992241e+05,1.328166434953429440e-06,-4.586353578791199069e-07,2.313772163565709175e-07,1.424046307773285171e-06
1.120000000000000000e+03,2.140498952940106392e-03,7.551507093012332916e-03,1.668270444497466087e-03,2.570799720784032871e+01,2.950088907401653938e+06,1.232286944529517946e-07,1.319549709452859532e-07,-5.311227504887158194e-08,1.881976069311647617e-07
1.121000000000000000e+03,3.496123943477869034e-03,7.320390548557043076e-03,1.694489503279328346e-03,2.932299718260771115e+01,1.732069144259930123e+06,2.708072127215614528e-07,2.252609429239884276e-07,-9.005170266277721736e-08,3.635771555275312000e-07
1.122000000000000000e+03,4.158262629061937332e-03,8.650934323668479919e-03,2.634037984535098076e-03,3.108870034416521477e+01,1.155181940436499426e+06,2.594086330944122337e-07,4.513875689583725559e-07,1.648534226272431004e-08,5.208793937598032292e-07
1.123000000000000000e+03,3.733066841959953308e-03,1.847394509240984917e-03,1.674096914939582348e-03,2.995484491189325382e+01,1.479874425516419578e+06,2.437067254070288001e-07,-3.394541779099942267e-07,-9.947991601359899595e-08,4.295560040311852648e-07
1.124000000000000000e+03,1.216721022501587868e-03,6.006772164255380630e-03,1.449772156774997711e-03,2.324458939333760554e+01,3.798458515612219926e+06,7.230370344801800483e-08,2.401805219661607740e-08,-2.831818521313757895e-08,8.128106776724742314e-08
1.125000000000000000e+03,2.068521082401275635e-02,6.761842407286167145e-03,1.633637817576527596e-03,7.516056219736772448e+01,1.428575310437933013e+03,6.967687812718859553e-06,1.165920308945729126e-06,-5.783923204188270128e-07,7.088200145216168056e-06
1.126000000000000000e+03,1.213483419269323349e-02,1.756113138981163502e-03,2.084862906485795975e-03,5.235955784718207440e+01,2.254477042134109070e+03,2.368146157767489217e-06,-1.259370970960189248e-06,-1.637370662809959079e-07,2.687180919461962668e-06
1.127000000000000000e+03,1.133175287395715714e-02,3.386553144082427025e-03,1.671183621510863304e-03,5.021800766388589921e+01,2.559313441614292969e+04,2.185664402757595511e-06,-5.846873259769228697e-07,-3.031817062866233897e-07,2.282741180613043123e-06
1.128000000000000000e+03,9.327447973191738129e-03,3.368102712556719780e-03,1.673125778324902058e-03,4.487319459517811993e+01,1.178075256095288496e+05,1.521994508122529013e-06,-4.847394071848300050e-07,-2.491866508903271247e-07,1.616642682417786869e-06
1.129000000000000000e+03,1.066462229937314987e-02,3.346739104017615318e-03,3.338524606078863144e-03,4.843899279832851335e+01,4.690455953325163136e+04,1.948845119810374380e-06,-5.631788229146204651e-07,2.839281609979528022e-07,2.048361024867415328e-06
1.130000000000000000e+03,2.536965720355510712e-02,4.162444733083248138e-03,1.659530680626630783e-03,8.765241920948054144e+01,7.791781615381681547e+01,1.045869375120800949e-05,-6.802713538960421948e-07,-6.879849288633480521e-07,1.050335029211308969e-05
1.131000000000000000e+03,2.610909938812255859e-02,4.998243413865566254e-03,9.572553681209683418e-04,8.962426503499369801e+01,4.160592221080334241e+01,1.105203555080857915e-05,-1.861700764052083369e-09,-1.294866841310868903e-06,1.112763107849073305e-05
1.132000000000000000e+03,2.411502413451671600e-02,4.971352871507406235e-03,1.655646366998553276e-03,8.430673102537809882e+01,2.098699794888230201e+02,9.476438425963301312e-06,-2.242446036040468124e-08,-6.570518704856554769e-07,9.499216033863266829e-06
1.133000000000000000e+03,1.338946726173162460e-02,5.093905609101057053e-03,3.029680112376809120e-03,5.570524603128452412e+01,8.904236031408445342e+03,3.047935259830168702e-06,4.006712434336127983e-08,2.238143814554331257e-07,3.056404358051372553e-06
1.134000000000000000e+03,1.505263615399599075e-02,6.572084035724401474e-03,2.452846383675932884e-03,6.014036307732295228e+01,7.610724570407036481e+03,3.769417472075690151e-06,7.570961957237608390e-07,-2.639452104207236996e-08,3.844788602655537397e-06
1.135000000000000000e+03,1.492509245872497559e-02,4.858880303800106049e-03,2.518517663702368736e-03,5.980024655660012911e+01,8.985113875098901190e+03,3.747625207227554957e-06,-6.762186534362189903e-08,5.370159677714344679e-09,3.748239086442444350e-06
1.136000000000000000e+03,1.341950614005327225e-02,6.654936354607343674e-03,1.606534933671355247e-03,5.578534970680893679e+01,7.907181510369619900e+03,3.008372271575491725e-06,7.103086761153053516e-07,-3.870496590560818351e-07,3.115228655865310775e-06
1.137000000000000000e+03,1.266892720013856888e-02,6.613445468246936798e-03,3.328813938423991203e-03,5.378380586703636368e+01,8.530260251115174469e+03,2.699469417896191849e-06,6.537765493124440343e-07,3.328859490563021021e-07,2.797386632138433449e-06
1.138000000000000000e+03,1.233390532433986664e-02,5.022819619625806808e-03,1.667299307882785797e-03,5.289041419823981727e+01,1.363235477614977208e+04,2.606845048453586682e-06,8.697355826196817595e-09,-3.316696310251055697e-07,2.627873949562588818e-06
1.139000000000000000e+03,2.764902077615261078e-03,5.416106432676315308e-03,1.677981228567659855e-03,2.737307220697411481e+01,2.440910103766155895e+06,2.340558127363622639e-07,2.840144280698889156e-08,-6.771963325086538308e-08,2.453053488141452291e-07
1.140000000000000000e+03,1.333120279014110565e-02,3.386553144082427025e-03,1.671183621510863304e-03,5.554987410704306683e+01,7.786114480272011861e+03,2.974553282907305282e-06,-6.885359629266276406e-07,-3.565768341008636616e-07,3.073954463507115883e-06
1.141000000000000000e+03,1.267680060118436813e-02,3.287471132352948189e-03,3.314353991299867630e-03,5.380480160315844529e+01,8.074874841238374756e+03,2.697733367340088852e-06,-6.946352752059856454e-07,3.275775502753571025e-07,2.804922554771342400e-06
1.142000000000000000e+03,1.666685566306114197e-02,5.011166911572217941e-03,2.082920866087079048e-03,6.444494843482995350e+01,6.448264414773442695e+03,4.625324295822652941e-06,5.690726796270011076e-09,-2.263136240047569735e-07,4.630861159904166404e-06
1.143000000000000000e+03,1.579012349247932434e-02,7.503495551645755768e-03,1.706480048596858978e-03,6.210699597994514676e+01,7.303542685209938099e+03,4.062258711170206073e-06,1.264791334855314660e-06,-4.048898270306011586e-07,4.273824836049809293e-06
1.144000000000000000e+03,1.583561301231384277e-02,2.541715279221534729e-03,1.674096914939582348e-03,6.222830136617042029e+01,7.484485659698701966e+03,4.088022179822804163e-06,-1.246139217429389885e-06,-4.219361805863464262e-07,4.294510266890337399e-06
1.145000000000000000e+03,1.666491292417049408e-02,3.346739104017615318e-03,3.337553702294826508e-03,6.443976779778819264e+01,6.313501594883838152e+03,4.572329625459008462e-06,-8.818619799734787822e-07,4.429618982742595210e-07,4.677616273156189447e-06
1.146000000000000000e+03,1.733107306063175201e-02,3.386553144082427025e-03,1.671183621510863304e-03,6.621619482835154713e+01,5.160070936623470516e+03,4.936601446954129084e-06,-8.951938467182893782e-07,-4.634939243918715576e-07,5.038475214508856101e-06
1.147000000000000000e+03,1.766609586775302887e-02,4.977179225534200668e-03,3.332698252052068710e-03,6.710958898067494260e+01,4.801004959790548128e+03,5.166130548748023088e-06,-1.303548546349607108e-08,4.666588577249544369e-07,5.187180858624651951e-06
1.148000000000000000e+03,1.733495667576789856e-02,6.653259973973035812e-03,1.662443974055349827e-03,6.622655113538129967e+01,5.126468124185492343e+03,4.936441178924305171e-06,9.168596489917448331e-07,-4.687933098696292356e-07,5.042702677761933546e-06
1.149000000000000000e+03,1.178454235196113586e-02,8.212720043957233429e-03,2.892708871513605118e-03,5.142544627189656126e+01,3.225322678719366195e+03,2.237764493122513828e-06,1.210628375316946828e-06,1.449546575294734825e-07,2.548376511142318955e-06
1.150000000000000000e+03,1.133563742041587830e-02,6.653259973973035812e-03,1.662443974055349827e-03,5.022836645444249370e+01,2.607124358368945468e+04,2.184764356092781986e-06,5.986862407159623695e-07,-3.068080374518770478e-07,2.285990305823975114e-06
1.151000000000000000e+03,1.067044865339994431e-02,6.613445468246936798e-03,3.328813938423991203e-03,4.845452974240002675e+01,4.841154731422109035e+04,1.953192689779324782e-06,5.496618639718657462e-07,2.804184598375937055e-07,2.048346738403951992e-06
1.152000000000000000e+03,3.050399012863636017e-03,6.549354642629623413e-03,3.267636056989431381e-03,2.813439736763642429e+01,2.329375635154345073e+06,2.505217815640471255e-07,1.241343048235485975e-07,7.060859968060197964e-08,2.883679299452443386e-07
1.153000000000000000e+03,1.967646880075335503e-03,3.718661842867732048e-03,3.308421233668923378e-03,2.524705834686761108e+01,3.165262385770349298e+06,1.409116521490443340e-07,-5.758574883019481506e-08,4.231689573901132249e-08,1.579966197255305472e-07
1.154000000000000000e+03,2.136614639312028885e-03,2.492190338671207428e-03,1.672154758125543594e-03,2.569763903816550865e+01,3.179649655744974967e+06,1.275030261529664628e-07,-1.280060725883697958e-07,-5.244129086554693616e-08,1.881293844281321877e-07
1.155000000000000000e+03,1.378857996314764023e-02,1.736691570840775967e-03,2.949122339487075806e-03,5.676954656839382807e+01,9.106448417912601144e+03,3.051824107251314717e-06,-1.440048445358205209e-06,1.952725784459442207e-07,3.380162908274066372e-06
1.156000000000000000e+03,6.344296038150787354e-03,7.188323885202407837e-03,3.344351192936301231e-03,3.691812276840209250e+01,5.834441675769375870e+05,7.372524741295967708e-07,4.306806022570728609e-07,1.701881648298953806e-07,8.706267875610619712e-07
1.157000000000000000e+03,7.885309867560863495e-03,8.191800676286220551e-03,3.056142013520002365e-03,4.102749298016235002e+01,2.069950825209697068e+05,1.010889207786544687e-06,7.969684391539642500e-07,1.383729443929174346e-07,1.294682492029138235e-06
1.158000000000000000e+03,7.787143345922231674e-03,7.492097094655036926e-03,1.617857837118208408e-03,4.076571558912605298e+01,2.641713621047945344e+05,1.041648359619067254e-06,6.129424406731567684e-07,-2.225084135628563967e-07,1.228918115572278078e-06
1.159000000000000000e+03,5.694644525647163391e-03,6.118196062743663788e-03,1.704200287349522114e-03,3.518571873505920422e+01,8.005715746562598506e+05,6.622345569247247989e-07,1.937857694257734407e-07,-1.469107905802102801e-07,7.054716955386147891e-07
1.160000000000000000e+03,6.327787414193153381e-03,7.987521588802337646e-03,2.111081965267658234e-03,3.687409977118176130e+01,4.909962151938639581e+05,6.798511422423072772e-07,5.889429506634222892e-07,-8.102101186780622670e-08,9.031144883725381328e-07
1.161000000000000000e+03,4.779889248311519623e-03,6.867868360131978989e-03,2.805402735248208046e-03,3.274637132883081136e+01,1.108812799549454590e+06,4.817823591401041706e-07,2.650441447703894825e-07,4.501697354711736759e-08,5.517147525334203628e-07
1.162000000000000000e+03,8.672941476106643677e-03,6.611503660678863525e-03,3.330755978822708130e-03,4.312784393628444946e+01,1.805243809008352109e+05,1.334333840056935878e-06,4.433979941464012696e-07,2.285612890567739918e-07,1.424531095058803687e-06
1.163000000000000000e+03,1.813512668013572693e-02,1.756113138981163502e-03,2.084862906485795975e-03,6.836033781369548024e+01,3.183838927046750541e+03,5.274383174371199494e-06,-1.882865189967434912e-06,-2.447483772285094847e-07,5.605729297944835859e-06
1.164000000000000000e+03,2.157053165137767792e-02,2.039880258962512016e-03,2.079324796795845032e-03,7.752141773700735428e+01,6.598222126960292826e+02,7.484975233305275504e-06,-2.043538886034105175e-06,-2.949885069737758669e-07,7.764529840317022178e-06
1.165000000000000000e+03,2.068839035928249359e-02,3.187055466696619987e-03,3.336298046633601189e-03,7.516904095808688169e+01,1.398389415161198713e+03,6.968055391326763186e-06,-1.200384130794343904e-06,5.491063666487821045e-07,7.091983911428105494e-06
1.166000000000000000e+03,1.933052390813827515e-02,3.386553144082427025e-03,1.671183621510863304e-03,7.154806375503557092e+01,2.458298245823812977e+03,6.109399774094852160e-06,-9.983957787341310563e-07,-5.169561197738071030e-07,6.211988680002238288e-06
1.167000000000000000e+03,2.228197082877159119e-02,3.864519065245985985e-03,1.723866560496389866e-03,7.941858887672445633e+01,6.039483912758556698e+02,8.096838190838986948e-06,-8.099425013039881390e-07,-5.583645100401468537e-07,8.156381947292542527e-06
1.168000000000000000e+03,2.267006039619445801e-02,3.362276358529925346e-03,3.335611429065465927e-03,8.045349438985202539e+01,4.778726007307468535e+02,8.352494258351395216e-06,-1.188221314955144564e-06,6.011914067164465298e-07,8.457982107844426366e-06
1.169000000000000000e+03,3.265007166191935539e-03,3.510851180180907249e-03,2.242177492007613182e-03,2.870668577651187547e+01,2.002552996651904192e+06,2.837166361012051659e-07,-1.310132488407983972e-07,-2.699466084765694783e-08,3.136691133769543718e-07
1.170000000000000000e+03,2.588432841002941132e-02,3.011716995388269424e-03,3.319103037938475609e-03,8.902487576007860071e+01,3.224885127028999676e+01,1.082965699880130748e-05,-1.647035714895202679e-06,6.728043289137694747e-07,1.097482861018027716e-05
1.171000000000000000e+03,2.542889304459095001e-02,4.991745110601186752e-03,2.729658735916018486e-03,8.781038145224276548e+01,7.524837951869561437e+01,1.052875398479201884e-05,-6.922088805107300194e-09,1.811098462340486060e-07,1.053031382077429606e-05
1.172000000000000000e+03,2.427525259554386139e-02,3.934241365641355515e-03,3.303565783426165581e-03,8.473400692145050073e+01,1.688496801873687900e+02,9.583767183748454095e-06,-8.280353718355854411e-07,6.188104754735994105e-07,9.639354875398068516e-06
1.173000000000000000e+03,2.749534696340560913e-02,2.087250817567110062e-03,3.335611429065465927e-03,9.332092523574833365e+01,3.925739550656245314e+01,1.213266098965772421e-05,-2.562927799536263121e-06,7.293041329301979303e-07,1.242183344413807569e-05
1.174000000000000000e+03,2.663982845842838287e-02,3.343825694173574448e-03,1.664386130869388580e-03,9.103954255580917732e+01,2.157391761759153681e+01,1.148313757228717015e-05,-1.412166234426329387e-06,-7.181965220271583598e-07,1.159191391539719038e-05
1.175000000000000000e+03,2.789477072656154633e-02,4.164405632764101028e-03,2.188730286434292793e-03,9.438605527083099389e+01,1.878808718868713967e+01,1.262059339738344038e-05,-7.461433801932546583e-07,-2.840670520582933122e-07,1.264582151289309567e-05
1.176000000000000000e+03,2.679228782653808594e-02,5.013109184801578522e-03,3.844456281512975693e-03,9.144610087076857496e+01,2.078672013606357893e+01,1.164008714749111459e-05,1.115176619882617723e-08,1.146605710823336483e-06,1.169642927645740313e-05
1.177000000000000000e+03,2.628150023519992828e-02,1.924109645187854767e-03,1.685749855823814869e-03,9.008400062719989876e+01,2.381796615937119910e+01,1.107280444003827753e-05,-2.587166343453385364e-06,-6.904188340243314614e-07,1.139197551008624811e-05
1.178000000000000000e+03,2.462678216397762299e-02,2.047436544671654701e-03,2.974370494484901428e-03,8.567141910394032323e+01,5.900755334413995001e+01,9.744166262094681801e-06,-2.326971083150779219e-06,3.685498570500843820e-07,1.002493888072619517e-05
1.179000000000000000e+03,2.464134991168975830e-02,7.119377143681049347e-03,1.671183621510863304e-03,8.571026643117303934e+01,1.035176902351156087e+02,9.815592937064778316e-06,1.670865049121749041e-06,-6.593646359696042541e-07,9.978597919632793142e-06
1.180000000000000000e+03,2.363822609186172485e-02,7.930227555334568024e-03,2.932614181190729141e-03,8.303526957829835453e+01,1.684124898200106770e+02,8.983468063736285429e-06,2.216319055863811025e-06,3.215472832443808189e-07,9.258410299015520540e-06
1.181000000000000000e+03,2.628150023519992828e-02,8.081715553998947144e-03,3.315218724310398102e-03,9.008400062720023982e+01,2.650752943664113204e+01,1.107256549808234312e-05,2.591605315202259400e-06,6.793221088869227408e-07,1.139208511848163158e-05
1.182000000000000000e+03,2.158935740590095520e-02,8.005000650882720947e-03,2.938341815024614334e-03,7.757161974906959756e+01,6.547303668001289907e+02,7.493641502493144820e-06,2.075878692933572289e-06,2.975780065285541324e-07,7.781547917068480942e-06
1.183000000000000000e+03,2.267103083431720734e-02,6.655202247202396393e-03,1.665357151068747044e-03,8.045608222484638361e+01,4.809202023413882898e+02,8.351942809735525501e-06,1.200499101514813289e-06,-6.108558899997178573e-07,8.459863575033473680e-06
1.184000000000000000e+03,2.535727573558688164e-03,2.050349721685051918e-03,3.338524606078863144e-03,2.676194019615657282e+01,2.623721753152283840e+06,1.381185307349658130e-07,-1.948643611457674381e-07,6.464379036369798673e-08,2.474422506560258067e-07
1.185000000000000000e+03,2.662348188459873199e-02,6.620732601732015610e-03,2.736975904554128647e-03,9.099595169226373059e+01,2.124638923887766850e+01,1.148157491833254786e-05,1.380580848869925016e-06,1.956896293083473674e-07,1.156593534983523536e-05
1.186000000000000000e+03,2.748217806220054626e-02,7.938159629702568054e-03,1.643392257392406464e-03,9.328580816586843127e+01,3.730747332583523246e+01,1.211776686337863137e-05,2.583582571636939249e-06,-7.598556475753910310e-07,1.241340216317893987e-05
1.187000000000000000e+03,2.422378584742546082e-02,6.021087989211082458e-03,3.304536920040845871e-03,8.459676225980157938e+01,1.745577950611240112e+02,9.545298356837290666e-06,7.913679575823483586e-07,6.180289545298986767e-07,9.597965604958482583e-06
1.188000000000000000e+03,2.548351651057600975e-03,7.957417517900466919e-03,3.335611429065465927e-03,2.679560440282031664e+01,2.562576668692343403e+06,1.393353630294011917e-07,1.962377030699870449e-07,6.417473789030524280e-08,2.490822684977973184e-07
1.189000000000000000e+03,3.816260956227779388e-03,7.669751066714525223e-03,3.895331872627139091e-03,3.017669588327414942e+01,1.580323470013614278e+06,2.689381884635365730e-07,2.906565806434753841e-07,1.692290896658509502e-07,4.306361362850758827e-07
1.190000000000000000e+03,2.799960225820541382e-02,5.850770045071840286e-03,2.689738292247056961e-03,9.466560602188147300e+01,1.843164781428625787e+01,1.271502060876577499e-05,7.620675949115567951e-07,1.635832504432510145e-07,1.273888753307674850e-05
1.191000000000000000e+03,2.800258807837963104e-02,7.592201232910156250e-03,3.390037454664707184e-03,9.467356820901269998e+01,3.641191440096984167e+01,1.260982165435605702e-05,2.322689751775868202e-06,7.909414889130271486e-07,1.284632547760469526e-05
1.192000000000000000e+03,2.808203734457492828e-02,2.477652626112103462e-03,1.636344357393682003e-03,9.488543291886651332e+01,3.345241395465023970e+01,1.268718599433319826e-05,-2.266968148315051504e-06,-7.821814948094984820e-07,1.291184111314501389e-05
1.193000000000000000e+03,2.231853082776069641e-02,6.065757479518651962e-03,3.319103037938475609e-03,7.951608220736225974e+01,5.882382705425611675e+02,8.124635792829888498e-06,7.610258066470318577e-07,5.797901341812158586e-07,8.180771580004491306e-06
1.194000000000000000e+03,9.339585900306701660e-03,6.651404779404401779e-03,1.690523698925971985e-03,4.490556240081800610e+01,1.183951446876289556e+05,1.524949481689042274e-06,4.906101075449169826e-07,-2.446548923583684909e-07,1.620501532144847753e-06
1.195000000000000000e+03,2.384603582322597504e-02,2.566963434219360352e-03,1.681865542195737362e-03,8.358942886193614186e+01,1.730173013955144654e+02,9.176023344575989055e-06,-1.856906671124268750e-06,-6.294624393859104141e-07,9.383162034627079171e-06
1.196000000000000000e+03,2.353723347187042236e-02,4.972323775291442871e-03,3.322987351566553116e-03,8.276595592498810561e+01,2.976052911389337510e+02,9.036844428832631947e-06,-2.098561207367690322e-08,6.145110338800556946e-07,9.057738207609989834e-06
1.197000000000000000e+03,1.866436377167701721e-02,6.660057231783866882e-03,1.663414994254708290e-03,6.977163672447240117e+01,3.256283364208596140e+03,5.701792768320579320e-06,9.912273501628618156e-07,-5.041312633745332770e-07,5.809227208785634728e-06
1.198000000000000000e+03,1.933052390813827515e-02,6.628011818975210190e-03,3.329785075038671494e-03,7.154806375503565619e+01,2.459553563102655971e+03,6.108982339426157385e-06,1.006957892553001965e-06,5.086673791343012392e-07,6.212275905285504267e-06
1.199000000000000000e+03,2.165528386831283569e-02,4.979121498763561249e-03,3.321045311167836189e-03,7.774742364883451273e+01,8.963818598951753529e+02,7.676107500251151802e-06,-1.460685357601905733e-08,5.640112229677812709e-07,7.696814170500480525e-06
1.200000000000000000e+03,9.673151187598705292e-03,4.977179225534200668e-03,3.336582565680146217e-03,4.579506983359667771e+01,1.060468730787892418e+05,1.669804223814569407e-06,-7.161534405603192778e-09,2.568491869993498387e-07,1.689458178916023354e-06
1.201000000000000000e+03,8.334035053849220276e-03,5.021848715841770172e-03,1.686720876023173332e-03,4.222409347693135828e+01,2.384178061100082123e+05,1.282712577483533847e-06,5.371019851783098117e-09,-2.193626214945558086e-07,1.301345597448142533e-06
1.202000000000000000e+03,2.171318419277667999e-02,5.069146864116191864e-03,1.662993920035660267e-03,7.790182451407139297e+01,8.790948215396251726e+02,7.715430011104736877e-06,4.773061662980274763e-08,-5.865378761258373135e-07,7.737839824405109911e-06
1.203000000000000000e+03,1.833225414156913757e-02,5.021848715841770172e-03,1.666328287683427334e-03,6.888601104418462739e+01,3.903566576835141859e+03,5.549402280162514686e-06,1.250687783524006281e-08,-4.932876749598147208e-07,5.571297408982343331e-06
1.204000000000000000e+03,1.033542677760124207e-02,5.021848715841770172e-03,1.670212601311504841e-03,4.756113807360343060e+01,6.639039765992987668e+04,1.881938137514663672e-06,6.901823089683519424e-09,-2.771441859340520758e-07,1.902248061739365039e-06
1.205000000000000000e+03,1.166774611920118332e-02,4.977179225534200668e-03,3.333669388666749001e-03,5.111398965120330473e+01,2.326284100424139615e+04,2.351394487652298867e-06,-8.642125011563917832e-09,3.085914332887164701e-07,2.371573190012384288e-06
1.206000000000000000e+03,1.966457441449165344e-02,5.026704166084527969e-03,1.667299307882785797e-03,7.243886510531136480e+01,2.309919204396279383e+03,6.359368234731995934e-06,1.649169041359692718e-08,-5.285083258361752797e-07,6.381313138473083371e-06
1.207000000000000000e+03,2.033073268830776215e-02,4.986890126019716263e-03,3.334640292450785637e-03,7.421528716882079380e+01,1.729681886232730903e+03,6.785967073923829407e-06,-8.665236724702252970e-09,5.383424344227088046e-07,6.807292912120500329e-06
1.208000000000000000e+03,1.866436377167701721e-02,3.346739104017615318e-03,3.337553702294826508e-03,6.977163672447223064e+01,3.292056998699883934e+03,5.702488555216516150e-06,-9.876142269120586255e-07,4.961123454542729776e-07,5.808604397175503032e-06
1.209000000000000000e+03,1.499627763405442238e-02,7.878563366830348969e-03,3.144697984680533409e-03,5.999007369081198959e+01,0.000000000000000000e+00,3.642604113943834477e-06,1.381325063915765204e-06,3.055665811232428583e-07,3.907684045393356507e-06
1.210000000000000000e+03,1.504916984739983719e-02,7.070753403064740372e-03,4.127600868232548723e-03,6.013111959306640131e+01,0.000000000000000000e+00,3.696635018947415748e-06,9.972806130578837376e-07,7.800863134241513895e-07,3.907456172611684110e-06
1.211000000000000000e+03,1.594715992140854216e-02,7.381388597247136307e-03,4.017097116447985658e-03,6.252575979042297405e+01,0.000000000000000000e+00,4.125309122013140840e-06,1.215310242573150057e-06,7.702232703890994878e-07,4.369027148475609660e-06
1.212000000000000000e+03,1.544713385403156426e-02,8.228573876721934077e-03,4.017097116447985658e-03,6.119235694408437354e+01,0.000000000000000000e+00,3.797972981753361719e-06,1.595993144885788684e-06,7.459519576639575070e-07,4.186673764672097975e-06
1.213000000000000000e+03,1.454914378002286103e-02,7.917938682539538142e-03,4.127600868232548723e-03,5.879771674672777237e+01,0.000000000000000000e+00,3.392053470197075851e-06,1.358574687326769618e-06,7.540399731517555368e-07,3.730995605308555451e-06
1.214000000000000000e+03,1.544713746329581805e-02,9.094599280506373423e-03,2.782463668510815058e-03,6.119236656878904768e+01,0.000000000000000000e+00,3.731654601708105728e-06,2.023921513856450064e-06,1.355837344630130570e-07,4.247338850356915204e-06
1.215000000000000000e+03,1.454914738928711482e-02,8.783964086323977488e-03,2.892967420295378123e-03,5.879772637143244651e+01,0.000000000000000000e+00,3.338625387905893241e-06,1.761609382885621589e-06,1.791401519578364702e-07,3.779124011286731154e-06
1.216000000000000000e+03,1.500000360926425497e-02,9.133974596215562597e-03,3.765366552062830371e-03,6.000000962470484467e+01,0.000000000000000000e+00,3.484469535222420661e-06,1.984337454662818020e-06,6.033935058321905618e-07,4.055022416553492123e-06
1.217000000000000000e+03,1.705159805715084076e-02,8.220426272600889206e-03,2.989716129377484322e-03,6.547092815240250729e+01,0.000000000000000000e+00,4.665904454054740287e-06,1.757177164236213611e-06,2.629206095108651714e-07,4.992741051545398175e-06
1.218000000000000000e+03,1.760446481898579607e-02,9.125826992094517726e-03,2.737979282954414000e-03,6.694523951729571820e+01,0.000000000000000000e+00,4.868897282019030471e-06,2.324163212959189089e-06,1.295555554028912471e-07,5.396728641062179377e-06
1.219000000000000000e+03,1.644713446989808092e-02,9.094599280506373423e-03,2.782457386472900022e-03,6.385902525306183009e+01,0.000000000000000000e+00,4.242040951537966085e-06,2.154955600961356556e-06,1.444046197520129196e-07,4.760209845253208430e-06
1.220000000000000000e+03,1.644713385403156342e-02,8.228573876721934077e-03,4.017097116447985658e-03,6.385902361075108047e+01,0.000000000000000000e+00,4.308305875180086122e-06,1.699304093525122417e-06,7.942844035612732799e-07,4.698938351385680268e-06
1.221000000000000000e+03,1.760446420311927856e-02,8.259801588310078380e-03,3.972619012929499635e-03,6.694523787498502543e+01,0.000000000000000000e+00,4.937743503243408586e-06,1.836431877595903157e-06,8.251637099089759568e-07,5.332418596943008645e-06
1.222000000000000000e+03,1.700000061586651873e-02,9.133974596215562597e-03,3.765360270024914902e-03,6.533333497564430559e+01,0.000000000000000000e+00,4.508625686166658518e-06,2.248918422850366330e-06,6.839601852484334143e-07,5.084598429138984244e-06
1.223000000000000000e+03,1.628153305500745773e-02,7.401322014629840851e-03,3.181504085659980774e-03,6.341742148002012414e+01,0.000000000000000000e+00,4.325406058836356810e-06,1.251077401428953418e-06,3.510318685374688092e-07,4.516365309727878194e-06
1.224000000000000000e+03,1.683439920097589554e-02,7.440697330339030025e-03,4.164406969211996087e-03,6.489173120260262806e+01,0.000000000000000000e+00,4.578603476280710100e-06,1.314878725880521996e-06,8.924503293953905890e-07,4.846543453557486664e-06
1.225000000000000000e+03,1.633442526835287428e-02,6.593512050864232255e-03,4.164406969211996087e-03,6.355846738227452875e+01,0.000000000000000000e+00,4.368043946044227300e-06,8.329792894811133906e-07,8.660313620092683377e-07,4.530306030640944449e-06
1.226000000000000000e+03,1.594713385403156297e-02,9.094599280506373423e-03,4.017097116447985658e-03,6.252569027741772345e+01,0.000000000000000000e+00,3.947567201645301928e-06,2.089588872247601439e-06,7.700085565023616361e-07,4.532392485609954100e-06
1.227000000000000000e+03,7.274103118106722832e-03,2.268356853164732456e-03,2.718005795031785965e-03,3.939760831495133431e+01,0.000000000000000000e+00,9.099514851748418466e-07,-6.258125781551713518e-07,4.935594267735002993e-08,1.105481387191431959e-06
1.228000000000000000e+03,7.601603484983909115e-03,8.732011774554848671e-04,2.306887432311853503e-03,4.027094262662386370e+01,0.000000000000000000e+00,8.346834372145660261e-07,-9.944111886250386252e-07,-4.851388006942952546e-08,1.299193460952746451e-06
1.229000000000000000e+03,6.669854131798613056e-03,1.395155675709247589e-03,2.940030320857843493e-03,3.778627768479638149e+01,0.000000000000000000e+00,6.864426811895538326e-07,-7.553016098925551518e-07,9.301937407124030237e-08,1.024859346650843643e-06
1.230000000000000000e+03,6.331671960651874542e-03,2.404793282039463520e-03,2.727231010794639587e-03,3.688445856173838422e+01,0.000000000000000000e+00,7.158835821127532662e-07,-5.111337454529106123e-07,4.486048950983818334e-08,8.807720887939003394e-07
1.231000000000000000e+03,7.263421313837170601e-03,1.882838783785700798e-03,2.094088122248649597e-03,3.936912350356587353e+01,0.000000000000000000e+00,8.700889412892960044e-07,-7.139963135203582074e-07,-9.608884658379264834e-08,1.129636476001192752e-06
1.232000000000000000e+03,6.659172327529060825e-03,1.009637606330215931e-03,2.316112648074707125e-03,3.775779287341092783e+01,0.000000000000000000e+00,6.395667309758143531e-07,-8.359377362878599113e-07,-4.059843404776894254e-08,1.053321287721980995e-06
1.233000000000000000e+03,5.921876989305019379e-03,4.160502459853887558e-03,3.361345035955309868e-03,3.579167197148009905e+01,0.000000000000000000e+00,7.125055351987888075e-07,-1.522481360750783450e-07,1.620463680722433396e-07,7.463930988645681341e-07
1.234000000000000000e+03,4.944001324474811554e-03,5.027189617976546288e-03,3.089928766712546349e-03,3.318400353193289476e+01,0.000000000000000000e+00,5.494432903636834411e-07,3.716131030068747297e-09,9.163613175402763068e-08,5.570448093271717084e-07
1.235000000000000000e+03,5.364478100091218948e-03,3.656998509541153908e-03,3.079732414335012436e-03,3.430527493357661939e+01,0.000000000000000000e+00,5.991931423797699976e-07,-2.176538725907453251e-07,9.824444961428454943e-08,6.450252723798545204e-07
1.236000000000000000e+03,6.174029301442755455e-03,3.092556359922093642e-03,4.175574341788888463e-03,3.646407813718072077e+01,0.000000000000000000e+00,6.866710682615444017e-07,-3.637424697780365645e-07,3.309206374157097771e-07,8.445911487668432824e-07
1.237000000000000000e+03,5.753552525826348060e-03,4.462747468357486022e-03,4.185770694166422376e-03,3.534280673553698904e+01,0.000000000000000000e+00,6.519547467520475415e-07,-9.388614123625624915e-08,3.093412698719467671e-07,7.277029755159376447e-07
1.238000000000000000e+03,5.196153636612547630e-03,3.959243518044752372e-03,3.904158072546124510e-03,3.385640969763350228e+01,0.000000000000000000e+00,5.530310153622996015e-07,-1.618614299702472471e-07,2.321955088362005461e-07,6.212545217448090634e-07
1.239000000000000000e+03,6.278697522401352829e-03,5.236410596198013204e-03,4.185770694166422376e-03,3.674319339307034227e+01,0.000000000000000000e+00,7.596144054808930579e-07,4.567801163331587462e-08,3.378145705576973315e-07,8.325978680263032049e-07
1.240000000000000000e+03,6.699174298017760223e-03,3.866219487762620824e-03,4.175574341788888463e-03,3.786446479471407400e+01,0.000000000000000000e+00,8.314756604337485368e-07,-2.362619195844045311e-07,3.585498187509894359e-07,9.358041681173541720e-07
1.241000000000000000e+03,7.016767514869570732e-03,3.886173013597726822e-03,3.352605272084474564e-03,3.871138003965223362e+01,0.000000000000000000e+00,9.361122573801927675e-07,-2.444628525413574732e-07,1.903242594645511078e-07,9.860484615021858176e-07
1.242000000000000000e+03,6.596290739253163338e-03,5.256364122033119202e-03,3.362801624462008476e-03,3.759010863800848057e+01,0.000000000000000000e+00,8.602375720087723621e-07,5.235891506818542623e-08,1.807000324325569162e-07,8.805694964077466007e-07
1.243000000000000000e+03,7.373588047965904183e-03,4.962081149941852468e-03,4.177030930295587072e-03,3.966290146124247684e+01,0.000000000000000000e+00,1.005171221570408745e-06,-8.803722933496230540e-09,3.947102963233880542e-07,1.079927269881881738e-06
1.244000000000000000e+03,7.000259123742580414e-03,3.351108869537711143e-03,2.520876936614513397e-03,3.866735766331358803e+01,0.000000000000000000e+00,9.215771842856862401e-07,-3.613887171327223205e-07,3.040736662139839314e-09,9.899068428626084874e-07
1.245000000000000000e+03,7.932008476927876472e-03,2.829154371283948421e-03,1.887734048068523407e-03,4.115202260514105603e+01,0.000000000000000000e+00,1.108315268646830094e-06,-5.446443297322850949e-07,-1.575099162234002268e-07,1.244913472629293907e-06
1.246000000000000000e+03,6.989577319473028183e-03,2.965590800158679485e-03,1.896959263831377029e-03,3.863887285192813437e+01,0.000000000000000000e+00,8.914204748069767557e-07,-4.455965632329243124e-07,-1.369066938456956620e-07,1.005947415568949408e-06
1.247000000000000000e+03,6.017528008669614792e-03,3.342369222082197666e-03,2.529131132178008556e-03,3.604674135645232980e+01,0.000000000000000000e+00,7.134647107692860397e-07,-3.072644122253043881e-07,4.070139078453645614e-09,7.768268008799520763e-07
1.248000000000000000e+03,6.675433367490768433e-03,3.903166740201413631e-03,1.698859385214745998e-03,3.780115564664209415e+01,0.000000000000000000e+00,8.618825693528206032e-07,-2.279470064723581584e-07,-1.732673469519750852e-07,9.081976517442142600e-07
1.249000000000000000e+03,6.006846204400062561e-03,2.956851152703166008e-03,1.905213459394872189e-03,3.601825654506689034e+01,0.000000000000000000e+00,6.847918030742877626e-07,-3.784930268731119947e-07,-1.161624878030265528e-07,7.910060104208391273e-07
1.250000000000000000e+03,7.502306485548615456e-03,3.061242168769240379e-03,3.345807781442999840e-03,4.000615062812969569e+01,0.000000000000000000e+00,1.011465538086746025e-06,-4.581326472819939509e-07,2.018245056482558345e-07,1.128574848347632390e-06
1.251000000000000000e+03,8.331605032312016518e-03,3.313901338432638857e-03,4.170233439654112348e-03,4.221761341949876112e+01,0.000000000000000000e+00,1.203977151065720281e-06,-4.449950855909300336e-07,4.441584503238970515e-07,1.358255622290050910e-06
1.252000000000000000e+03,7.171652311684827835e-03,3.042970521081893656e-03,4.175574341788888463e-03,3.912440616449291042e+01,0.000000000000000000e+00,8.991646160633466048e-07,-4.402589932894101936e-07,3.840324057145593442e-07,1.072290015150501214e-06
1.253000000000000000e+03,6.667528747059524308e-03,2.236641663761873306e-03,4.175574341788888463e-03,3.778007665882544330e+01,0.000000000000000000e+00,7.284962483809144621e-07,-5.758896454339437534e-07,3.576013110212870665e-07,9.951052031153509960e-07
1.254000000000000000e+03,7.827481467686712990e-03,2.507572481112618507e-03,4.170233439654112348e-03,4.087328391383127268e+01,0.000000000000000000e+00,1.020279600553724820e-06,-6.166445334250761000e-07,4.175892384185981349e-07,1.263171293195076962e-06
1.255000000000000000e+03,7.846066061632971794e-03,4.138832183261125300e-03,4.177030930295587072e-03,4.092284283102131326e+01,0.000000000000000000e+00,1.110007489859438084e-06,-2.130705768663000481e-07,4.199760923621836031e-07,1.205775939561740419e-06
1.256000000000000000e+03,2.818311448208987713e-03,7.435948820784687996e-03,1.681379973888397217e-03,2.751549719522402171e+01,0.000000000000000000e+00,1.900811939675734435e-07,1.803982655716995212e-07,-7.219226511462008545e-08,2.718200096825016554e-07
1.257000000000000000e+03,3.231956489975588986e-03,7.905653050566723017e-03,8.472447516396641731e-04,2.861855063993494497e+01,0.000000000000000000e+00,1.752295037343839033e-07,2.580580421099800951e-07,-1.720939342469720214e-07,3.562522340719225018e-07
1.258000000000000000e+03,2.554143994706707665e-03,8.021211322794367937e-03,8.341352222487330437e-04,2.681105065255124487e+01,0.000000000000000000e+00,1.051887744328103215e-07,1.992442435236215160e-07,-1.351564736323504264e-07,2.627360257153728614e-07
1.259000000000000000e+03,3.149380791001021862e-03,8.101220708340406418e-03,2.151154214516282082e-03,2.839834877600276997e+01,0.000000000000000000e+00,1.929306641511019107e-07,2.700456301743813623e-07,-3.589790089045937632e-08,3.338196261971504925e-07
1.260000000000000000e+03,3.827193286269903183e-03,7.985662436112761497e-03,2.164263743907213211e-03,3.020584876338645586e+01,0.000000000000000000e+00,2.769298171833196914e-07,3.295444892915170327e-07,-4.247384230293434850e-08,4.325433173077214011e-07
1.261000000000000000e+03,3.563025832767623136e-03,8.570924938122441439e-03,1.317018992267549038e-03,2.950140222071371099e+01,0.000000000000000000e+00,1.767191538248200987e-07,3.663300164477058061e-07,-1.381565078372880674e-07,4.295515812296952144e-07
1.262000000000000000e+03,1.914316482169665413e-03,9.245457776288202451e-03,5.208333333333334345e-04,2.510484395245247669e+01,0.000000000000000000e+00,-3.747168756801583009e-08,2.081420013693835664e-07,-1.276842413974482086e-07,2.470434892979154878e-07
1.263000000000000000e+03,1.103627044689899604e-03,9.326794919243111548e-03,5.208333333333334345e-04,2.294300545250642642e+01,0.000000000000000000e+00,-4.801944612097420963e-08,1.087417752828974632e-07,-7.341174525103946647e-08,1.397137260194746522e-07
1.264000000000000000e+03,4.712884547188878059e-03,2.870910800993442535e-03,1.690605247858911753e-03,3.256769212583706263e+01,0.000000000000000000e+00,4.482239432432918266e-07,-2.982052378658364453e-07,-1.232450583943960249e-07,5.522865303498029449e-07
1.265000000000000000e+03,5.027028499171137810e-03,1.933334860950708389e-03,1.888705126475542784e-03,3.340540933112308863e+01,0.000000000000000000e+00,4.345053883483687594e-07,-4.683045789358385431e-07,-1.000998349336216543e-07,6.466251527042372250e-07
1.266000000000000000e+03,4.335505495251608735e-03,1.745255466070791579e-03,8.370484574697911739e-04,3.156134798733767965e+01,0.000000000000000000e+00,2.775811865697276901e-07,-4.182608667357199596e-07,-2.340273410156362295e-07,5.538612318287159422e-07
1.267000000000000000e+03,5.315323200480533486e-03,2.768771757823249198e-03,8.535567903891205788e-04,3.417419520128149202e+01,0.000000000000000000e+00,5.079485962135601221e-07,-3.594738235525861099e-07,-2.824930423823014458e-07,6.833999745458372460e-07
1.268000000000000000e+03,5.629467152462793236e-03,1.831195817780515052e-03,1.051656669005751610e-03,3.501191240656752512e+01,0.000000000000000000e+00,4.990444681828086181e-07,-5.496978182997848966e-07,-2.639101173307163774e-07,7.879477284039329943e-07
1.269000000000000000e+03,1.500671440403064140e-03,8.775753546506167430e-03,1.354968555582066478e-03,2.400179050774153211e+01,0.000000000000000000e+00,2.203008748280510792e-08,1.313257851355802047e-07,-5.211986029035796553e-08,1.429974350562381797e-07
1.270000000000000000e+03,1.743454557226941856e-03,8.102548465749278769e-03,8.341352222487330437e-04,2.464921215260521237e+01,0.000000000000000000e+00,4.655344285982428491e-08,1.232749161313785524e-07,-8.764792087076922520e-08,1.582595527046312820e-07
1.271000000000000000e+03,1.070249476470053196e-03,8.061467832220451518e-03,1.722322069327146543e-03,2.285399860392016436e+01,0.000000000000000000e+00,3.707429200473970397e-08,6.574254733727713064e-08,-2.152016960243602500e-08,7.848377767261487572e-08
1.272000000000000000e+03,4.304219639330109440e-04,9.285714285714286031e-03,1.409020180411747151e-03,2.114779190382138552e+01,0.000000000000000000e+00,-1.146103150893719614e-08,3.322479870820089532e-08,-1.064432538604308117e-08,3.672252926165734752e-08
1.273000000000000000e+03,6.732050807568886602e-04,8.612509204957399106e-03,8.881868470784136079e-04,2.179521354868505867e+01,0.000000000000000000e+00,1.043180326096344367e-09,4.392616619877304872e-08,-2.873440292193518091e-08,5.250011631791974561e-08
1.274000000000000000e+03,1.678609987720847130e-03,6.779139628633856773e-03,1.559021300636231899e-03,2.447629330058896002e+01,0.000000000000000000e+00,1.036197317000921343e-07,6.499313593491193234e-08,-4.204831128445778784e-08,1.293414743928940807e-07
1.275000000000000000e+03,6.083605112507939339e-04,6.528782907524515941e-03,2.239271518568030674e-03,2.162229469666880277e+01,0.000000000000000000e+00,3.277527620949292260e-08,1.560968044415917218e-08,-1.963925671478382070e-09,3.635571286909953753e-08
1.276000000000000000e+03,1.070249476470053196e-03,7.301150371902992084e-03,2.348520662429264862e-03,2.285399860392017146e+01,0.000000000000000000e+00,5.558631679303040841e-08,4.744692997388419958e-08,-4.477356622533761101e-09,7.321950901834258666e-08
1.277000000000000000e+03,6.083605112507939339e-04,7.289100367841976243e-03,1.613072925465912355e-03,2.162229469666879922e+01,0.000000000000000000e+00,2.420778469827074912e-08,2.327768684024317173e-08,-1.014904112690984659e-08,3.508376519739535015e-08
1.278000000000000000e+03,1.070249476470053196e-03,7.775753546506166541e-03,8.341352222487330437e-04,2.285399860392016436e+01,0.000000000000000000e+00,2.852197771811101370e-08,5.639545507258379432e-08,-4.500044757917339512e-08,7.758215547483951603e-08
1.279000000000000000e+03,6.083605112507939339e-04,7.003386082127690399e-03,7.248860783874988556e-04,2.162229469666879211e+01,0.000000000000000000e+00,1.611127527423962824e-08,2.030656660366656271e-08,-2.028651705210806716e-08,3.291614516156080613e-08
1.280000000000000000e+03,3.634747246727947773e-03,7.053124721154413121e-03,8.472447516396641731e-04,2.969265932460792712e+01,0.000000000000000000e+00,2.680377444431650759e-07,2.072085327504161697e-07,-1.918423208528545527e-07,3.893367238791755069e-07
1.281000000000000000e+03,2.956934751459066452e-03,7.168682993382058041e-03,8.341352222487330437e-04,2.788515933722422346e+01,0.000000000000000000e+00,1.848108472056931903e-07,1.680995515513283081e-07,-1.546847978094545058e-07,2.938365109206062641e-07
1.282000000000000000e+03,1.860446430815077684e-02,9.125826992094517726e-03,2.737978215275380274e-03,6.961190482173572036e+01,0.000000000000000000e+00,5.448271012267555983e-06,2.456165381331055181e-06,1.369535109588295364e-07,5.977889399087944208e-06
1.283000000000000000e+03,1.984260551703787706e-02,8.380921203643084544e-03,2.082178111134144922e-03,7.291361471210129253e+01,0.000000000000000000e+00,6.297378855305174220e-06,2.146546582022857505e-06,-2.702136757216980370e-07,6.658652874762713598e-06
1.284000000000000000e+03,1.944706961512565613e-02,7.506748195737600327e-03,2.289437921717762947e-03,7.185885230700201021e+01,0.000000000000000000e+00,6.133221106023509511e-06,1.559773909018218609e-06,-1.357681379797781467e-07,6.329907485099345208e-06
1.285000000000000000e+03,1.860446335971218182e-02,8.291185915817013766e-03,1.472619012929499149e-03,6.961190229256609996e+01,0.000000000000000000e+00,5.531073885930088233e-06,1.959135347521277219e-06,-6.162725657953496827e-07,5.900066229872091414e-06
1.286000000000000000e+03,1.899999926162440622e-02,9.165358923722496248e-03,1.265359202345880908e-03,7.066666469766539649e+01,0.000000000000000000e+00,5.657210976951857323e-06,2.532258140922064894e-06,-7.554668925229824704e-07,6.243964890653132884e-06
1.287000000000000000e+03,1.984260456859928204e-02,7.546280127365580584e-03,8.168189087882637978e-04,7.291361218293170054e+01,0.000000000000000000e+00,6.333727591617413169e-06,1.616442333543565427e-06,-1.073578838341013852e-06,6.624316005794192254e-06
1.288000000000000000e+03,1.936404298125690010e-03,7.348278326343955086e-03,8.341352222487330437e-04,2.516374479500186823e+01,0.000000000000000000e+00,8.706830202782343702e-08,1.037459954352900891e-07,-9.406992568123670392e-08,1.649038256213024050e-07
1.289000000000000000e+03,1.173329353332519531e-02,2.571333141531795263e-03,1.878023263998329639e-03,5.128878275553395838e+01,0.000000000000000000e+00,2.285707617276376245e-06,-9.114781508056094552e-07,-2.361122372446080569e-07,2.472043834491596519e-06
1.290000000000000000e+03,1.166584538419803904e-02,3.406490757300193774e-03,8.355918107554316521e-04,5.110892102452818619e+01,0.000000000000000000e+00,2.276182402839281136e-06,-5.947740342034534430e-07,-6.241289677958679511e-07,2.433988383538382833e-06
1.291000000000000000e+03,1.206738604356607722e-02,2.591270754749562012e-03,1.042431453242897987e-03,5.217969611617630932e+01,0.000000000000000000e+00,2.386522987961002919e-06,-9.300627425493022944e-07,-5.655422149416152449e-07,2.623041493004964226e-06
1.292000000000000000e+03,1.156741709634661643e-02,1.744081973275021097e-03,1.042431453242897987e-03,5.084644559025772992e+01,0.000000000000000000e+00,2.120266420499074781e-06,-1.204739912734330792e-06,-5.419698880470938598e-07,2.498131163646308929e-06
1.293000000000000000e+03,1.116587643697857825e-02,2.559301975825652858e-03,8.355918107554316521e-04,4.977567049860964232e+01,0.000000000000000000e+00,2.038593560350096706e-06,-8.714751569689273643e-07,-5.972926853887859216e-07,2.296103483193614323e-06
1.294000000000000000e+03,1.073114108294248581e-02,2.562107925768941641e-03,1.878994342405349016e-03,4.861637622118007585e+01,0.000000000000000000e+00,1.924778657206467411e-06,-8.360207555910905373e-07,-2.156510558480491130e-07,2.109551838875975306e-06
1.295000000000000000e+03,9.996035136282444000e-03,3.357420908287167549e-03,2.505825192201882601e-03,4.665609369675330242e+01,0.000000000000000000e+00,1.739356849899840459e-06,-5.238572094164603393e-07,-3.850262107500792469e-10,1.816532073869404653e-06
1.296000000000000000e+03,1.139972824603319168e-02,2.551426121499389410e-03,2.711693756282329559e-03,5.039927532275533650e+01,0.000000000000000000e+00,2.166341510131274787e-06,-8.925044233360435748e-07,7.477992764736091618e-08,2.344182527400799658e-06
1.297000000000000000e+03,1.032960042357444763e-02,3.377327928319573402e-03,1.672154699917882681e-03,4.754560112953200246e+01,0.000000000000000000e+00,1.837833871544997462e-06,-5.352975217399986773e-07,-2.761374016251062173e-07,1.934018779835222840e-06
1.298000000000000000e+03,1.099818758666515350e-02,3.366646124050021172e-03,2.504854113794863224e-03,4.932850023110724180e+01,0.000000000000000000e+00,2.076581860424975912e-06,-5.741747883910954041e-07,-7.555751155669666985e-10,2.154499821667147252e-06
1.299000000000000000e+03,1.256741722487183383e-02,8.780565694905817509e-04,2.307791520360689443e-03,5.351311259965831368e+01,0.000000000000000000e+00,2.437386472663155015e-06,-1.657532593572351785e-06,-7.981272821114478053e-08,2.948667018749409682e-06
1.300000000000000000e+03,1.206741709634661514e-02,8.780565694905817509e-04,1.042431453242897987e-03,5.217977892359105141e+01,0.000000000000000000e+00,2.206571825324297517e-06,-1.591526095850019619e-06,-5.651791368618712953e-07,2.778730283930151042e-06
1.301000000000000000e+03,1.256741709634661558e-02,1.744081973275021097e-03,1.042431453242897987e-03,5.351311225692441553e+01,0.000000000000000000e+00,2.506435642358592837e-06,-1.309474870079892805e-06,-5.887902565504070871e-07,2.888532158530518690e-06
1.302000000000000000e+03,1.300000012852521591e-02,8.660254037844393460e-04,1.265360067117791238e-03,5.466666700940067614e+01,0.000000000000000000e+00,2.588840724812947936e-06,-1.719896888344975743e-06,-5.161575303540592668e-07,3.150644410454782058e-06
1.303000000000000000e+03,1.016372398659586875e-02,2.550076760062799236e-03,8.365628891624510288e-04,4.710326396425574558e+01,0.000000000000000000e+00,1.695915563900795776e-06,-7.951987515753747068e-07,-5.435332379998612359e-07,1.950358693983904551e-06
1.304000000000000000e+03,1.156741711855501648e-02,8.780565694905817509e-04,2.307790622169840489e-03,5.084644564948015244e+01,0.000000000000000000e+00,2.050976989715655380e-06,-1.525071495022590217e-06,-7.344470831016886036e-08,2.556901210929412382e-06
1.305000000000000000e+03,2.573937829583883286e-02,4.580344073474407196e-03,1.308393024373799562e-03,8.863834212223711972e+01,0.000000000000000000e+00,1.075794449139307208e-05,-3.460105841739659166e-07,-9.872715258442250317e-07,1.080869085828610998e-05
1.306000000000000000e+03,2.539860958638542540e-02,4.983726055879701862e-03,4.786276840604841709e-04,8.772962556369466824e+01,0.000000000000000000e+00,1.043910160192351909e-05,-1.367114466677904878e-08,-1.648642219181133470e-06,1.056849328534324126e-05
1.307000000000000000e+03,2.502888849410169966e-02,4.565826715488542804e-03,8.297653403133153915e-04,8.674370265093810417e+01,0.000000000000000000e+00,1.015860045581369213e-05,-3.481473508354992434e-07,-1.343367597662641931e-06,1.025295110205846200e-05
1.308000000000000000e+03,2.474234066903591156e-02,4.566898802295327187e-03,1.657588523812592030e-03,8.597957511742929171e+01,0.000000000000000000e+00,9.963886813689760879e-06,-3.432291481291602590e-07,-6.725573848293154748e-07,9.992456160526031009e-06
1.309000000000000000e+03,2.511206176131963730e-02,4.984798142686486244e-03,1.306450867559760809e-03,8.696549803018596947e+01,0.000000000000000000e+00,1.025028522539821307e-05,-1.257203498800216005e-08,-9.648181360677357370e-07,1.029559999678337560e-05
1.310000000000000000e+03,2.440157195958250411e-02,4.970280784700621853e-03,8.278231834992766380e-04,8.507085855888692549e+01,0.000000000000000000e+00,9.665362043916855871e-06,-2.361264297639335696e-08,-1.311261938819327181e-06,9.753931969677313949e-06
1.311000000000000000e+03,1.422105170786380768e-02,5.832994822412729263e-03,2.741263248026371002e-03,5.792280455430369557e+01,0.000000000000000000e+00,3.407688135047953342e-06,3.788978003802086831e-07,1.063757712149688777e-07,3.430337851229983193e-06
1.312000000000000000e+03,1.498886430636048317e-02,5.715482169762253761e-03,2.485682023689150810e-03,5.997030481696154425e+01,0.000000000000000000e+00,3.770244732001283655e-06,3.429904585505973527e-07,-1.044581896618769866e-08,3.785828431000809908e-06
1.313000000000000000e+03,1.415727986022830009e-02,4.976392956450581551e-03,2.774098888039588928e-03,5.775274629394230885e+01,0.000000000000000000e+00,3.389612247609562364e-06,-1.088725393951079317e-08,1.208672318305190710e-07,3.391783986219267616e-06
1.314000000000000000e+03,1.340448670089244843e-02,5.874420981854200363e-03,2.318107523024082184e-03,5.574529786904672335e+01,0.000000000000000000e+00,3.046026751125328569e-06,3.748043641489745096e-07,-8.128382057778748163e-08,3.070075624385165503e-06
1.315000000000000000e+03,1.423607114702463150e-02,6.613510195165872574e-03,2.029690658673644066e-03,5.796285639206595874e+01,0.000000000000000000e+00,3.381110717212786038e-06,7.348044670889508935e-07,-2.177712196166883710e-07,3.466882113801733646e-06
1.316000000000000000e+03,1.417229929938912392e-02,5.756908329203724861e-03,2.062526298686861992e-03,5.779279813170455071e+01,0.000000000000000000e+00,3.385211728223817006e-06,3.430183106332871155e-07,-2.018213613458684906e-07,3.408526348472209780e-06
1.317000000000000000e+03,1.457546185702085495e-02,7.070006104186177254e-03,2.854024060070514679e-03,5.886789828538917391e+01,0.000000000000000000e+00,3.512265848359842059e-06,9.653667129968708046e-07,1.614951157546208038e-07,3.646097222034796960e-06
1.318000000000000000e+03,1.374387741088867188e-02,6.330916890874505043e-03,3.142440924420952797e-03,5.665033976236998114e+01,0.000000000000000000e+00,3.171352138607034690e-06,5.851856283483561535e-07,2.791987956797249697e-07,3.236953594690829588e-06
1.319000000000000000e+03,1.369482112385385017e-02,5.833736621596780081e-03,4.014840056188405046e-03,5.651952299694376336e+01,0.000000000000000000e+00,3.137209182610011387e-06,3.653155810867469230e-07,6.606128567770281305e-07,3.226754759162280995e-06
1.320000000000000000e+03,1.452640556998603324e-02,6.572825834908452292e-03,3.726423191837966494e-03,5.873708151996293481e+01,0.000000000000000000e+00,3.496632087874919116e-06,7.310906371800114404e-07,5.665524307654745018e-07,3.616892469307742468e-06
1.321000000000000000e+03,1.404923127301089744e-02,7.070747903370228071e-03,4.127600868232548723e-03,5.746461672802918486e+01,0.000000000000000000e+00,3.231155652135985356e-06,9.309602476216178549e-07,7.282425715848200519e-07,3.440550984079512045e-06
1.322000000000000000e+03,1.302919723093509674e-02,5.853675538673996925e-03,3.179247025400400162e-03,5.474452594916041903e+01,0.000000000000000000e+00,2.881262553709489464e-06,3.557128917460499493e-07,2.800762016818900973e-07,2.916615888921854530e-06
1.323000000000000000e+03,1.333455109305732231e-02,6.593506551169719954e-03,4.164406969211996087e-03,5.555880291481970090e+01,0.000000000000000000e+00,2.944250174939974709e-06,6.798792430886019003e-07,7.069714740214925448e-07,3.103329428677678052e-06
1.324000000000000000e+03,1.338360738009214401e-02,7.090686820447444916e-03,3.292007837444543839e-03,5.568961968024589027e+01,0.000000000000000000e+00,2.969859491010137131e-06,8.951965486573810995e-07,3.358434950242378419e-07,3.119973254728503765e-06
1.325000000000000000e+03,1.286168629303574562e-02,5.058362614363431931e-03,2.348489710129797459e-03,5.429783011476215648e+01,0.000000000000000000e+00,2.830371320713917673e-06,2.378040538047893993e-08,-6.541974614937642209e-08,2.831227130412916326e-06
1.326000000000000000e+03,1.287670573219656944e-02,5.838877987116575241e-03,1.636917120777070522e-03,5.433788195252440545e+01,0.000000000000000000e+00,2.813607653567604576e-06,3.452775218116866720e-07,-3.588338479691385400e-07,2.857335529077913660e-06
1.327000000000000000e+03,1.362949889153242111e-02,4.940849961712956429e-03,2.092908485792577267e-03,5.634533037741997674e+01,0.000000000000000000e+00,3.153385291036625983e-06,-2.605807452142636980e-08,-1.807734168232017022e-07,3.158670107055158380e-06
1.328000000000000000e+03,2.250947406667751227e-03,4.176014972391299020e-03,8.389906142838299274e-04,2.600252641778072871e+01,0.000000000000000000e+00,1.446410244656085441e-07,-4.381743909631149632e-08,-1.072528498945566133e-07,1.853217950968639557e-07
1.329000000000000000e+03,2.516109996986721359e-03,5.209891969915309007e-03,8.389906142838299274e-04,2.670962665863131491e+01,0.000000000000000000e+00,1.775541122794399931e-07,1.221824090285863162e-08,-1.232435343244101169e-07,2.164802922920983232e-07
1.330000000000000000e+03,1.742019469429884754e-03,5.505224835704841668e-03,7.248860783874988556e-04,2.464538525181306028e+01,0.000000000000000000e+00,9.853830800396285446e-08,1.848288979675857241e-08,-8.076035191057766925e-08,1.287386880477011687e-07
1.331000000000000000e+03,1.476856879110914622e-03,4.471347838180831681e-03,7.248860783874988556e-04,2.393828501096248118e+01,0.000000000000000000e+00,7.607096862232880092e-08,-1.529641678727184168e-08,-6.360930437428903795e-08,1.003340233253416966e-07
1.332000000000000000e+03,1.990811550058424473e-03,5.711439298465847969e-03,1.563876692671328783e-03,2.530883080015586017e+01,0.000000000000000000e+00,1.462258596744835678e-07,3.229354939378332393e-08,-5.048770572770477582e-08,1.580312747516699368e-07
1.333000000000000000e+03,1.336033502593636513e-02,4.240229376591742039e-03,2.350431866943836212e-03,5.562756006916379903e+01,0.000000000000000000e+00,3.030310713854416348e-06,-3.250225250683476003e-07,-6.702201452616756341e-08,3.048428220367639182e-06
1.334000000000000000e+03,1.412814762443304062e-02,4.122716723941266537e-03,2.094850642606616020e-03,5.767506033182158376e+01,0.000000000000000000e+00,3.362511708162547853e-06,-3.968978166489978410e-07,-1.864040813246784577e-07,3.390982062165097054e-06
1.335000000000000000e+03,1.303313393145799637e-02,4.190688370727002621e-03,3.172017051838338375e-03,5.475502381722147049e+01,0.000000000000000000e+00,2.884238661529618584e-06,-3.376137789652060708e-07,2.773218778286534214e-07,2.917142976326622287e-06
1.336000000000000000e+03,1.300400169566273689e-02,3.337012138217687607e-03,2.492768806405365467e-03,5.467733785510075251e+01,0.000000000000000000e+00,2.845259082859683921e-06,-6.921059292162833226e-07,-5.904414061856179000e-09,2.928232355527354589e-06
1.337000000000000000e+03,1.380094652995467186e-02,4.073175718076527119e-03,2.916435827501118183e-03,5.680252407987926233e+01,0.000000000000000000e+00,3.214927672611819444e-06,-4.094827314321305257e-07,1.807826555187826439e-07,3.245938757278515026e-06
1.338000000000000000e+03,1.283255405724048615e-02,4.204686381854116917e-03,1.669241464696824551e-03,5.422014415264142428e+01,0.000000000000000000e+00,2.797473683921545418e-06,-3.268151878291022874e-07,-3.441553876614006224e-07,2.837447816275344529e-06
1.339000000000000000e+03,1.250535296276211739e-02,4.155145375989377499e-03,2.490826649591326714e-03,5.334760790069912417e+01,0.000000000000000000e+00,2.674750143240131599e-06,-3.381706186319172655e-07,-6.548314769425416414e-09,2.696050922459610626e-06
1.340000000000000000e+03,1.419481715487858411e-02,5.012915336815268116e-03,4.014840056188405046e-03,5.785284574634305699e+01,0.000000000000000000e+00,3.371424278730478041e-06,5.808276400642166175e-09,6.848174504089805163e-07,3.440277655026222720e-06
1.341000000000000000e+03,1.319503819239154982e-02,5.012890184110052605e-03,4.014840056188405046e-03,5.518676851304428510e+01,0.000000000000000000e+00,2.933418963283558694e-06,5.384140107831233613e-09,6.366103870070855979e-07,3.001707612003807489e-06
1.342000000000000000e+03,1.369473925992105781e-02,4.200548571321024473e-03,4.014840056188405046e-03,5.651930469312292615e+01,0.000000000000000000e+00,3.138071187229235762e-06,-3.504053877565267565e-07,6.607819158865896274e-07,3.225973876560356981e-06
1.343000000000000000e+03,1.333840592964742958e-02,3.297331332946970041e-03,4.157176995649934301e-03,5.556908247905990095e+01,0.000000000000000000e+00,2.940486160055290322e-06,-7.267505606159863798e-07,7.044338040042275385e-07,3.109799385660789520e-06
1.344000000000000000e+03,1.446255185841773330e-02,4.083035918670548971e-03,3.759258831851184420e-03,5.856680495578073220e+01,0.000000000000000000e+00,3.491933660149262978e-06,-4.244940848935076362e-07,5.795336529073699775e-07,3.565060331866091359e-06
1.345000000000000000e+03,1.633342447076682746e-02,5.851993113867104759e-03,1.041460433043539524e-03,6.355579858871182353e+01,0.000000000000000000e+00,4.406191279835760287e-06,4.449866469304096023e-07,-7.662271275426496528e-07,4.494400818955662289e-06
1.346000000000000000e+03,1.552631471623425012e-02,6.632451675943196526e-03,1.226423191837966442e-03,6.140350590995826252e+01,0.000000000000000000e+00,3.971856780881974285e-06,8.108088377830143118e-07,-6.365671214130406090e-07,4.103446717008671417e-06
1.347000000000000000e+03,1.585974590852856636e-02,5.791625473648309708e-03,2.267883624881505966e-03,6.229265575607639249e+01,0.000000000000000000e+00,4.197267386665959846e-06,4.015584918113169387e-07,-1.215787439478996428e-07,4.218184932941587752e-06
1.348000000000000000e+03,1.622848957777023315e-02,6.257331231608986855e-03,1.894700457341969013e-03,6.327597220738751815e+01,0.000000000000000000e+00,4.366180109813114747e-06,6.527314911605745814e-07,-3.182461492770420183e-07,4.426157222965541444e-06
1.349000000000000000e+03,1.589505838547591865e-02,7.098157433903873673e-03,8.532400242984294891e-04,6.238682236126938818e+01,0.000000000000000000e+00,4.111851057303927478e-06,1.066935081965217966e-06,-8.415319688248553326e-07,4.330571052544200997e-06
1.350000000000000000e+03,1.542137982323765755e-02,7.037789793685078621e-03,2.079663216136395931e-03,6.112367952863404241e+01,0.000000000000000000e+00,3.919356596809603202e-06,1.005451323428894791e-06,-2.112415141791921134e-07,4.051778803692593623e-06
1.351000000000000000e+03,1.583338005000012316e-02,5.039611743759064150e-03,1.041460433043539524e-03,6.222234680000057239e+01,0.000000000000000000e+00,4.160487749962814458e-06,1.969667071907472888e-08,-7.427023484792573236e-07,4.226304893741654796e-06
1.352000000000000000e+03,1.502627029546754756e-02,5.820070305835155916e-03,1.226423191837966442e-03,6.007005412124703270e+01,0.000000000000000000e+00,3.759417702800914126e-06,3.940136696995943035e-07,-6.160090294384366876e-07,3.829874065865969008e-06
1.353000000000000000e+03,1.683325655486911376e-02,5.039546301822408862e-03,1.041460433043539524e-03,6.488868414631795645e+01,0.000000000000000000e+00,4.683007073467639717e-06,2.092791932002355408e-08,-7.895756264012015185e-07,4.749149702605915771e-06
1.354000000000000000e+03,1.633337680993625363e-02,4.218767647823522260e-03,1.041460433043539524e-03,6.355567149316357245e+01,0.000000000000000000e+00,4.408017216301716273e-06,-4.087492451765050083e-07,-7.660513163998510777e-07,4.492719259424367607e-06
1.355000000000000000e+03,1.591775548456260403e-02,2.984041831648180654e-03,8.370484574697911739e-04,6.244734795883378808e+01,0.000000000000000000e+00,4.127959690923067926e-06,-1.027379700181241283e-06,-8.505435317105296591e-07,4.338085356187080618e-06
1.356000000000000000e+03,1.625123433768749237e-02,3.776441095396876335e-03,1.878508890513330698e-03,6.333662490050018334e+01,0.000000000000000000e+00,4.379019365213519819e-06,-6.366521121154349320e-07,-3.268483163750757424e-07,4.437112386980217951e-06
1.357000000000000000e+03,1.579597406089305878e-02,4.935023607686161995e-03,2.300719264894723892e-03,6.212259749571502709e+01,0.000000000000000000e+00,4.175184489327191272e-06,-3.308856312695265858e-08,-1.044029181258222632e-07,4.176620684505758317e-06
1.358000000000000000e+03,1.546249520776816870e-02,4.142624343937466314e-03,1.259258831851184368e-03,6.123332055404864604e+01,0.000000000000000000e+00,3.972494002191280927e-06,-4.246324973691183930e-07,-6.174486385332340767e-07,4.042556638625385273e-06
1.359000000000000000e+03,1.538035273551940918e-02,3.700297791510820389e-03,2.096307289320975542e-03,6.101427396138524273e+01,0.000000000000000000e+00,3.938860061613807041e-06,-6.400050757026448523e-07,-2.021395202429993676e-07,3.995633299934509535e-06
1.360000000000000000e+03,1.666588429361581802e-02,4.178953007794916630e-03,2.710237284190952778e-03,6.444235811630905175e+01,0.000000000000000000e+00,4.616218531305743680e-06,-4.381131132966371452e-07,1.083448231777490450e-07,4.638227595701018185e-06
1.361000000000000000e+03,1.625026296824216843e-02,2.944227191619575024e-03,2.505825308617204428e-03,6.333403458197931712e+01,0.000000000000000000e+00,4.341091122292885799e-06,-1.069340594331424037e-06,-5.254190983665220390e-10,4.470856932938071931e-06
1.362000000000000000e+03,1.699896436184644699e-02,4.198860027827322483e-03,1.877052243798971176e-03,6.533057163159072900e+01,0.000000000000000000e+00,4.790443115649041250e-06,-4.361227539989681035e-07,-3.427170490400435653e-07,4.822447851094675229e-06
1.363000000000000000e+03,1.699799299240112305e-02,3.366646124050021172e-03,2.504368661902844906e-03,6.532798131306989831e+01,0.000000000000000000e+00,4.763801794785210101e-06,-8.887384445032788892e-07,-1.386119320619950401e-09,4.845994787870048208e-06
1.364000000000000000e+03,1.658334303647279739e-02,2.964134211651980877e-03,1.672640268225222826e-03,6.422224809726100148e+01,0.000000000000000000e+00,4.506230712458234416e-06,-1.080776877815146571e-06,-4.426812229750889531e-07,4.655121970335087487e-06
1.365000000000000000e+03,1.666782703250646591e-02,5.812306189909577370e-03,2.705867402255535126e-03,6.444753875335079840e+01,0.000000000000000000e+00,4.617513011210294693e-06,4.331044489639901139e-07,1.058530484011316862e-07,4.638988115986564845e-06
1.366000000000000000e+03,1.586071727797389030e-02,6.592764751985669136e-03,2.890830161049962044e-03,6.229524607459727292e+01,0.000000000000000000e+00,4.165688099553729909e-06,8.083014997969566669e-07,1.945065931351756738e-07,4.247839624104307837e-06
1.367000000000000000e+03,1.579694543033838272e-02,5.736162886023521423e-03,2.923665801063179970e-03,6.212518781423587910e+01,0.000000000000000000e+00,4.164956154217789024e-06,3.719973549673801091e-07,2.104139802345843992e-07,4.186826464249207841e-06
1.368000000000000000e+03,1.749858446419239044e-02,4.181866184808313847e-03,2.501940936781466007e-03,6.666289190451325908e+01,0.000000000000000000e+00,5.072090643590002647e-06,-4.583776237188218704e-07,-2.871648635228738935e-09,5.092761705507655718e-06
1.369000000000000000e+03,1.716647576540708542e-02,4.994173068553209305e-03,2.707809559069573879e-03,6.577726870775248358e+01,0.000000000000000000e+00,4.897982927902750727e-06,-3.400818582222697306e-09,1.101836012011426618e-07,4.899223280640257162e-06
1.370000000000000000e+03,1.716550439596176147e-02,4.161959164775907993e-03,3.335125977173447609e-03,6.577467838923158183e+01,0.000000000000000000e+00,4.875869074054309662e-06,-4.605076613265930059e-07,4.548498059909983270e-07,4.918643601590764707e-06
1.371000000000000000e+03,1.700090616941452026e-02,5.832213442772626877e-03,1.872682420071214437e-03,6.533574978510557685e+01,0.000000000000000000e+00,4.790598843374925226e-06,4.525032904795393703e-07,-3.453071118693406339e-07,4.824296167063909363e-06
1.372000000000000000e+03,1.700187753885984421e-02,6.633352721109986305e-03,2.495628956239670515e-03,6.533834010362646438e+01,0.000000000000000000e+00,4.765915149510522191e-06,8.884986558447126460e-07,-6.488918050327618699e-09,4.848032506061529287e-06
1.373000000000000000e+03,1.750052627176046371e-02,5.815219599753618240e-03,2.497571113053709269e-03,6.666807005802813535e+01,0.000000000000000000e+00,5.073254574462828919e-06,4.563524258152460661e-07,-5.492691310201979955e-09,5.093741226594978260e-06
1.374000000000000000e+03,1.716744713485240936e-02,5.795312346890568733e-03,3.330756095238029957e-03,6.577985902627327164e+01,0.000000000000000000e+00,4.878169536670666894e-06,4.368190960013608308e-07,4.523267311464971289e-07,4.918531124517037632e-06
1.375000000000000000e+03,1.139239492218354147e-02,9.106360021978617686e-03,2.711975158581638422e-03,5.037971979248958121e+01,0.000000000000000000e+00,1.988691053441699052e-06,1.495716021310336270e-06,7.412508190443089055e-08,2.489488511765181174e-06
1.376000000000000000e+03,1.239229231595690914e-02,9.106360021978617686e-03,2.711757935829398752e-03,5.304611284255189929e+01,0.000000000000000000e+00,2.369446419747140299e-06,1.627739516894998392e-06,8.059814899247129588e-08,2.875814377273873297e-06
1.377000000000000000e+03,1.189227117598056806e-02,9.106360021978617686e-03,1.446354435756802559e-03,5.171272313594828773e+01,0.000000000000000000e+00,2.157754064176061443e-06,1.561663320465508710e-06,-4.041587878345824441e-07,2.694074841896488098e-06
1.378000000000000000e+03,1.156008988618850708e-02,7.432990008965134621e-03,2.277576422784477472e-03,5.082690636316950616e+01,0.000000000000000000e+00,2.226313342070289423e-06,8.989820814356056442e-07,-8.532036066463821395e-08,2.402481934118635201e-06
1.379000000000000000e+03,1.216770711031381000e-02,7.491986555680191055e-03,8.312219870276749134e-04,5.244721896083694901e+01,0.000000000000000000e+00,2.408257880258852401e-06,9.695098912893769271e-07,-6.530039001683272543e-07,2.676951538741754501e-06
1.380000000000000000e+03,1.239215957608643878e-02,8.271716590672290731e-03,1.446354435756802559e-03,5.304575886956397568e+01,0.000000000000000000e+00,2.451077271299925846e-06,1.296683982387730106e-06,-4.211001170929540637e-07,2.804727161183364178e-06
1.381000000000000000e+03,1.260202424600720406e-02,7.433828199282288551e-03,2.249621902592480183e-03,5.360539798935272415e+01,0.000000000000000000e+00,2.628791879842728759e-06,9.809514740565817538e-07,-1.042193110578171107e-07,2.807788134239870816e-06
1.382000000000000000e+03,1.237757178023457527e-02,6.654098164290189743e-03,1.634489453863352537e-03,5.300685808062572590e+01,0.000000000000000000e+00,2.579229159345258902e-06,6.545854384824513936e-07,-3.459929449164193736e-07,2.683396405792862215e-06
1.383000000000000000e+03,1.320964147013250697e-02,7.492824745997344986e-03,8.032674668356776237e-04,5.522571058702016700e+01,0.000000000000000000e+00,2.829689868800294807e-06,1.053281167867105210e-06,-7.206337399973174757e-07,3.104167997933914092e-06
1.384000000000000000e+03,1.222673477604985237e-02,7.413082756102085114e-03,3.110761404968798161e-03,5.260462606946646957e+01,0.000000000000000000e+00,2.476560955395528876e-06,9.435630532083214771e-07,2.358372048257918441e-07,2.660692501652430096e-06
1.385000000000000000e+03,1.233485091406164372e-02,6.593499247214270817e-03,4.164406969211996087e-03,5.289293577083122244e+01,0.000000000000000000e+00,2.533769552575952202e-06,6.286825452376171032e-07,6.539987175441029537e-07,2.691271857467528567e-06
1.386000000000000000e+03,1.189265848997292721e-02,7.393136535069419132e-03,3.946354435756803045e-03,5.171375597326132123e+01,0.000000000000000000e+00,2.321914188139657061e-06,9.101368912501926420e-07,5.474455790020998994e-07,2.553298125928061444e-06
1.387000000000000000e+03,1.122749550268054008e-02,7.413082756102085114e-03,3.110761404968798161e-03,4.993998800714829400e+01,0.000000000000000000e+00,2.101645385185931902e-06,8.658025764038368917e-07,2.165442840502185531e-07,2.283291232702404800e-06
1.388000000000000000e+03,1.166968792676925659e-02,6.613445468246936798e-03,3.328813938423991203e-03,5.111916780471819521e+01,0.000000000000000000e+00,2.310404247439141045e-06,6.018524882690879992e-07,3.066374401127666902e-07,2.407118759824580402e-06
1.389000000000000000e+03,1.133561164069233143e-02,6.593499247214270817e-03,4.164406969211996087e-03,5.022829770851302555e+01,0.000000000000000000e+00,2.155384702170367897e-06,5.773311708322721850e-07,6.010795687532339490e-07,2.310906995778320195e-06
1.390000000000000000e+03,1.375889685004949570e-02,7.111432263627648354e-03,2.430868335068225861e-03,5.669039160013220169e+01,0.000000000000000000e+00,3.141177894447870105e-06,9.293931436238029781e-07,-3.389632854542735807e-08,3.275960796632302197e-06
1.391000000000000000e+03,1.294141495600342751e-02,7.890324108302593231e-03,3.073955303989350796e-03,5.451043988267594642e+01,0.000000000000000000e+00,2.724341038682383197e-06,1.196608777713289280e-06,2.343322155451513802e-07,2.984764354047367213e-06
1.392000000000000000e+03,1.304421667009592056e-02,6.634190911427140236e-03,2.467674436047673225e-03,5.478457778692264668e+01,0.000000000000000000e+00,2.863525649096292782e-06,6.817955150005675256e-07,-1.675127915517613337e-08,2.943621047733652800e-06
1.393000000000000000e+03,1.283446360006928501e-02,7.440697330339029157e-03,4.164406969211996087e-03,5.422523626685157438e+01,0.000000000000000000e+00,2.679974823055261708e-06,1.002195066079553132e-06,6.803345553808942629e-07,2.941005799030257132e-06
1.394000000000000000e+03,1.239227117598056850e-02,8.240334618194178340e-03,3.946354435756803045e-03,5.304605646928164475e+01,0.000000000000000000e+00,2.439260417555496459e-06,1.284533388845125148e-06,5.702783286617312733e-07,2.815179351986685719e-06
1.395000000000000000e+03,1.139227117598056761e-02,8.240334618194178340e-03,3.946354435756803045e-03,5.037938980261498045e+01,0.000000000000000000e+00,2.058697133218560713e-06,1.180233010409117166e-06,5.242515271253663088e-07,2.430231163670436855e-06
1.396000000000000000e+03,1.189227117598056806e-02,9.106360021978617686e-03,3.946354435756803045e-03,5.171272313594830905e+01,0.000000000000000000e+00,2.142606738212244559e-06,1.561948464743845138e-06,5.470784901010083888e-07,2.707349536997276704e-06
1.397000000000000000e+03,1.100012374620297148e-02,9.133974596215560862e-03,3.765620722824835915e-03,4.933366332320805725e+01,0.000000000000000000e+00,1.819775563140818280e-06,1.453679845978295100e-06,4.423933414027360844e-07,2.370755167309656954e-06
1.398000000000000000e+03,1.354914378002286014e-02,7.917938682539538142e-03,4.127600868232548723e-03,5.613105008006110097e+01,0.000000000000000000e+00,2.942483167120083671e-06,1.265084754839351559e-06,7.021881855767092083e-07,3.278980767506191204e-06
1.399000000000000000e+03,1.300002113997634177e-02,9.133974596215560862e-03,3.765403500072595812e-03,5.466672303993704674e+01,0.000000000000000000e+00,2.588171310386285096e-06,1.719460076233634163e-06,5.228364864340311172e-07,3.150957263628739921e-06
1.400000000000000000e+03,1.354916491999920078e-02,8.783964086323977488e-03,2.893004368305144430e-03,5.613110645333134130e+01,0.000000000000000000e+00,2.888945529588586545e-06,1.640383051335334658e-06,1.667944052620123488e-07,3.326361856693407162e-06
1.401000000000000000e+03,2.452700515277683735e-03,6.483806762844324112e-03,1.673125836532562971e-03,2.654053470740721465e+01,0.000000000000000000e+00,1.845946410619684417e-07,8.930030641943226325e-08,-5.925462145326622139e-08,2.134498451603358087e-07
1.402000000000000000e+03,3.130513010546565056e-03,6.368248490616679192e-03,1.686235365923494101e-03,2.834803469479091120e+01,0.000000000000000000e+00,2.624437686565298603e-07,1.133193145753639489e-07,-7.909713062059376853e-08,2.966047114172054812e-07
1.403000000000000000e+03,2.595448982901871204e-03,7.050430867820978165e-03,2.467953250743448734e-03,2.692119728773838361e+01,0.000000000000000000e+00,1.918065823014283316e-07,1.351218225857675405e-07,-3.210005068303964095e-09,2.346443608646770163e-07
1.404000000000000000e+03,2.907650545239448547e-03,5.982730537652969360e-03,2.472808642778545618e-03,2.775373478730524823e+01,0.000000000000000000e+00,2.533078246957878337e-07,7.350413227720690763e-08,-3.148279558545764282e-09,2.637757061939477656e-07
1.405000000000000000e+03,3.273261478170752525e-03,6.934872595593333244e-03,2.481062780134379864e-03,2.872869727512205884e+01,0.000000000000000000e+00,2.709329400990670964e-07,1.720290166960570171e-07,-2.917261551666596046e-09,3.209472714186830114e-07
1.406000000000000000e+03,1.592183951288461685e-03,4.862717003561556339e-03,2.379096695221960545e-03,2.424582387010262607e+01,0.000000000000000000e+00,1.197309641316761193e-07,-5.240715050155278910e-09,-5.391721731604868240e-09,1.199668267871110132e-07
1.407000000000000000e+03,2.052130759693682194e-03,3.105426090769469738e-03,2.490287995897233486e-03,2.547234869251654743e+01,0.000000000000000000e+00,1.432280568624741545e-07,-9.111808700494427060e-08,-1.791421730633307733e-09,1.697645170342074322e-07
1.408000000000000000e+03,1.676667830906808376e-03,4.249481251463294029e-03,1.560963457450270653e-03,2.447111421575154466e+01,0.000000000000000000e+00,1.153687633661115349e-07,-2.824534363835767805e-08,-4.007185687549113357e-08,1.253535189427269152e-07
1.409000000000000000e+03,2.366274478845298290e-03,4.567384137772023678e-03,2.493201231118291616e-03,2.631006527692085584e+01,0.000000000000000000e+00,1.970822474842311469e-07,-2.520866542442596867e-08,-1.242415310084230489e-09,1.986918032575051000e-07
1.410000000000000000e+03,2.450758358463644981e-03,3.954148385673761368e-03,1.675067993346601725e-03,2.653535562256980285e+01,0.000000000000000000e+00,1.909181269551338031e-07,-6.279642621472692725e-08,-5.829146378364861916e-08,2.092630332749638881e-07
1.411000000000000000e+03,1.068307319656014442e-03,3.746095169335603332e-03,2.174205859122949232e-03,2.284881951908275255e+01,0.000000000000000000e+00,6.581302111874583195e-08,-2.573047885623558927e-08,-7.614777524665676426e-09,7.107317445912927221e-08
1.412000000000000000e+03,6.083605112507939339e-04,5.503386082127689934e-03,2.063014558447676290e-03,2.162229469666879922e+01,0.000000000000000000e+00,3.576726579845587278e-08,4.756500593865030163e-09,-3.270693972814442441e-09,3.623008473162372333e-08
1.413000000000000000e+03,6.083605112507939339e-04,5.003386082127690357e-03,7.248860783874988556e-04,2.162229469666880988e+01,0.000000000000000000e+00,2.406583501407062569e-08,-2.751376730546093656e-10,-1.708854544428496933e-08,2.951708828907408122e-08
1.414000000000000000e+03,1.068307319656014442e-03,3.246095169335603322e-03,8.360773790627717972e-04,2.284881951908274900e+01,0.000000000000000000e+00,4.330241877804564788e-08,-3.553234095797379492e-08,-3.845064083795105575e-08,6.794187594431031079e-08
1.415000000000000000e+03,2.133560017682611942e-03,6.278063403442502022e-03,2.358704106882214546e-03,2.568949338048702202e+01,0.000000000000000000e+00,1.633738162748740881e-07,6.403510000998320587e-08,-9.041933666320177891e-09,1.757078667616535526e-07
1.416000000000000000e+03,2.509022946469485760e-03,5.134008242748677731e-03,3.288028645329177380e-03,2.669072785725201058e+01,0.000000000000000000e+00,2.063475765083002230e-07,8.960329303000934746e-09,5.556077643149850027e-08,2.138845709950532926e-07
1.417000000000000000e+03,1.474515332906430748e-03,6.575910861965478943e-03,7.248860783874988556e-04,2.393204088775051730e+01,0.000000000000000000e+00,6.678922855469725688e-08,4.671970363028023237e-08,-6.646277374964540171e-08,1.051704904083334598e-07
1.418000000000000000e+03,2.248605860463267353e-03,6.280577996175946281e-03,8.389906142838299274e-04,2.599628229456876483e+01,0.000000000000000000e+00,1.400692458962358178e-07,6.744448454379544369e-08,-1.084984140558370102e-07,1.895786327462836406e-07
1.419000000000000000e+03,6.083605112507939339e-04,6.003386082127689510e-03,7.248860783874988556e-04,2.162229469666879567e+01,0.000000000000000000e+00,2.208186853402710838e-08,9.732719851732745920e-09,-1.691919947335080813e-08,2.947191993212189157e-08
1.420000000000000000e+03,1.296170707792043686e-02,1.746402354910969734e-03,2.516992622986435890e-03,5.456455220778795479e+01,0.000000000000000000e+00,2.702027841272543239e-06,-1.349526282315423635e-06,4.337773592895647137e-09,3.020297081075269477e-06
1.421000000000000000e+03,1.339428998157381895e-02,1.734371189204827329e-03,1.474561169743537903e-03,5.571810661753028171e+01,0.000000000000000000e+00,2.866170618595916597e-06,-1.399965490439712280e-06,-4.423095031733930890e-07,3.220322202190659249e-06
1.422000000000000000e+03,1.273301849141716957e-02,2.571333141531795263e-03,1.878023263998329639e-03,5.395471597711257772e+01,0.000000000000000000e+00,2.677020231841847587e-06,-9.896284290605466764e-07,-2.562026417034419924e-07,2.865561296310244380e-06
1.423000000000000000e+03,1.355989137664437294e-02,2.561622357461601496e-03,2.310152980498969555e-03,5.615971033771845811e+01,0.000000000000000000e+00,3.029781424002226578e-06,-1.058249574251817105e-06,-8.531148281678335280e-08,3.210412074443639189e-06
1.424000000000000000e+03,1.316560139507055166e-02,2.559301975825652858e-03,8.355918107554316521e-04,5.510827038685491175e+01,0.000000000000000000e+00,2.816978929988163455e-06,-1.028583804537800592e-06,-7.040947200939267120e-07,3.080438980051196921e-06
1.425000000000000000e+03,1.206741709634661514e-02,8.780565694905817509e-04,3.542431453242898473e-03,5.217977892359107273e+01,0.000000000000000000e+00,2.223696983940947885e-06,-1.591225295783223912e-06,4.000594230059543455e-07,2.763489417433027735e-06
1.426000000000000000e+03,1.339429011009903719e-02,8.683457854203879833e-04,2.739921236861329358e-03,5.571810696026422960e+01,0.000000000000000000e+00,2.779503919736131085e-06,-1.770977563811745231e-06,1.001127448382990208e-07,3.297275562192544397e-06
1.427000000000000000e+03,1.389428998157381939e-02,8.683457854203879833e-04,1.474561169743537903e-03,5.705143995086360320e+01,0.000000000000000000e+00,2.981733100169210900e-06,-1.837336290652830000e-06,-4.586931736720133969e-07,3.532270707798016191e-06
1.428000000000000000e+03,1.439429072437398843e-02,8.683457854203879833e-04,2.739926490002679224e-03,5.838477526499740122e+01,0.000000000000000000e+00,3.224290407385714474e-06,-1.903356722438027828e-06,1.075781156788172919e-07,3.745716018998580549e-06
1.429000000000000000e+03,1.256742430721538226e-02,1.712705697657874743e-03,3.542431453242898039e-03,5.351313148590780600e+01,0.000000000000000000e+00,2.520270953192366494e-06,-1.321797102779473666e-06,4.165927495283428025e-07,2.876188932838201959e-06
1.430000000000000000e+03,1.283840751146094958e-02,2.478384694343767087e-03,4.157176995649934301e-03,5.423575336389594526e+01,0.000000000000000000e+00,2.675514370371929498e-06,-1.035827144668165312e-06,6.780992860670554373e-07,2.948072872481743685e-06
1.431000000000000000e+03,1.240581739693880081e-02,2.521792135667055845e-03,2.699608448892831802e-03,5.308217972517026340e+01,0.000000000000000000e+00,2.547245185640224188e-06,-9.836505364395865240e-07,7.657494476977377955e-08,2.731646048772000218e-06
1.432000000000000000e+03,1.156741848058116459e-02,1.712699129764935595e-03,3.542431453242898039e-03,5.084644928154985877e+01,0.000000000000000000e+00,2.134090587459085378e-06,-1.216044229035423252e-06,3.834834175139951011e-07,2.485993912695691815e-06
1.433000000000000000e+03,1.183840168482673191e-02,2.478378126450827938e-03,4.157176995649934301e-03,5.156907115953805487e+01,0.000000000000000000e+00,2.280738486842640751e-06,-9.547276191457115495e-07,6.253358635972134319e-07,2.550356409293761957e-06
1.434000000000000000e+03,1.389428998157381939e-02,8.683457854203879833e-04,3.974561169743538389e-03,5.705143995086361741e+01,0.000000000000000000e+00,2.964311404611211785e-06,-1.837086797641457862e-06,6.527252216731136021e-07,3.547968463865604365e-06
1.435000000000000000e+03,1.435683621093630791e-02,3.297785937320441008e-03,2.733820001594722271e-03,5.828489656249693951e+01,0.000000000000000000e+00,3.434440881619870629e-06,-7.822689802622694935e-07,1.042443638329460848e-07,3.523946057222411308e-06
1.436000000000000000e+03,1.323269028216600418e-02,2.512081351596862078e-03,3.131738165393471718e-03,5.528717408577612247e+01,0.000000000000000000e+00,2.879985108848205385e-06,-1.053547893317699547e-06,2.646647980803255932e-07,3.078039123540256825e-06
1.437000000000000000e+03,1.439428998157381984e-02,1.734371189204826896e-03,1.474561169743537903e-03,5.838477328419700285e+01,0.000000000000000000e+00,3.310825825513888223e-06,-1.504614286549990676e-06,-4.753398503415886464e-07,3.667612271151739159e-06
1.438000000000000000e+03,1.541780650615692111e-02,2.136883043395206277e-03,8.370484574697911739e-04,6.111415068308529186e+01,0.000000000000000000e+00,3.811053736089548875e-06,-1.413117067843151675e-06,-8.237247029570217407e-07,4.147234357141318854e-06
1.439000000000000000e+03,1.481209648773074150e-02,2.139203425031155348e-03,2.311609627213329077e-03,5.949892396728210286e+01,0.000000000000000000e+00,3.562287204668063283e-06,-1.356315462275683616e-06,-9.244963549983623009e-08,3.812876695731709209e-06
1.440000000000000000e+03,1.500000074280016804e-02,8.660254037844389123e-04,1.265365320259141104e-03,6.000000198080056180e+01,0.000000000000000000e+00,3.485145067285835922e-06,-1.984773706459226272e-06,-5.956381127858625959e-07,4.054669846890347248e-06
1.441000000000000000e+03,1.541780724895708971e-02,1.270857639610767365e-03,2.102413777728932495e-03,6.111415266388570444e+01,0.000000000000000000e+00,3.761557397881185794e-06,-1.840231031612717577e-06,-1.993404939675187239e-07,4.192314508693294116e-06
1.442000000000000000e+03,7.114802952855825424e-03,7.690062280744314194e-03,3.200246603228151798e-03,3.897280787428221771e+01,0.000000000000000000e+00,8.698709535834248683e-07,6.013530538931270296e-07,1.578134929335325570e-07,1.069208150860537183e-06
1.443000000000000000e+03,7.442654933780432254e-03,8.229874934358671901e-03,4.028071006760001668e-03,3.984707982341451782e+01,0.000000000000000000e+00,8.668101010656287613e-07,7.588753804369238401e-07,3.627592561466349572e-07,1.207826921484511142e-06
1.444000000000000000e+03,6.672148019075394183e-03,7.728136538816765544e-03,4.172175596468151101e-03,3.779239471753436419e+01,0.000000000000000000e+00,7.327047806826821567e-07,5.687245242941927266e-07,3.565109360436424343e-07,9.936820053153962734e-07
1.445000000000000000e+03,7.176740268602124946e-03,6.879448561901001236e-03,4.172175596468151101e-03,3.913797404960570248e+01,0.000000000000000000e+00,9.051689351629634212e-07,4.229697824769511087e-07,3.830385148569509390e-07,1.070024645480874432e-06
1.446000000000000000e+03,7.947247183307162149e-03,7.381186957442907592e-03,4.028071006760001668e-03,4.119265915548581347e+01,0.000000000000000000e+00,1.066341904668693366e-06,5.984521300202706228e-07,3.871717329633112760e-07,1.282626976320110513e-06
1.447000000000000000e+03,7.065719692036509514e-03,7.340210489928722382e-03,2.481104515027254820e-03,3.884191917876408695e+01,0.000000000000000000e+00,8.939306589665347538e-07,5.186422513661076016e-07,-6.339485308246433752e-09,1.033509553422909112e-06
1.448000000000000000e+03,6.740893935784697533e-03,6.805146578699350357e-03,1.661029062233865261e-03,3.797571716209260728e+01,0.000000000000000000e+00,8.441891802670270647e-07,3.791361239959273208e-07,-1.835243914362488463e-07,9.434409228195561966e-07
1.449000000000000000e+03,6.019470281898975372e-03,6.653259973973035812e-03,2.524275740142911673e-03,3.605192075173063415e+01,0.000000000000000000e+00,7.139823334693275466e-07,3.059755989099447417e-07,2.956104861135955447e-09,7.767886316048629121e-07
1.450000000000000000e+03,6.336041726171970367e-03,7.587922737002372742e-03,2.727716579101979733e-03,3.689611126979190914e+01,0.000000000000000000e+00,7.174239067905957861e-07,5.097741823321691792e-07,4.445479705331231475e-08,8.812167769556843021e-07
1.451000000000000000e+03,7.057465380057692528e-03,7.739809341728687286e-03,1.864469901192933321e-03,3.881990768015392490e+01,0.000000000000000000e+00,8.538630757507974924e-07,6.072279622672030919e-07,-1.460619716361546208e-07,1.057895103423790688e-06
1.452000000000000000e+03,6.011215969920158386e-03,7.052858825773000717e-03,1.907641126308590174e-03,3.602990925312047921e+01,0.000000000000000000e+00,6.851637008811477853e-07,3.800856102243330441e-07,-1.162746097461665417e-07,7.921074125245754444e-07
1.453000000000000000e+03,5.237266886979341507e-03,6.493032211437821388e-03,2.254801511298865080e-03,3.396604503194498648e+01,0.000000000000000000e+00,5.751346861390607280e-07,2.352877599768672508e-07,-4.274997845934909925e-08,6.228706108442447340e-07
1.454000000000000000e+03,5.562092643231153488e-03,7.028096122667193413e-03,3.074876964092254639e-03,3.483224704861645193e+01,0.000000000000000000e+00,6.024822234270737436e-07,3.438539429325306575e-07,1.009341402729503196e-07,7.010050387040866100e-07
1.455000000000000000e+03,5.553838331252336502e-03,7.427694974467158318e-03,2.458242350257933140e-03,3.481023555000626857e+01,0.000000000000000000e+00,5.807859718501373734e-07,4.122224904045120728e-07,-9.259765106264028111e-09,7.122678358195250687e-07
1.456000000000000000e+03,7.836226606741547585e-03,7.841948885470628738e-03,2.336999925319105387e-03,4.089660428464417663e+01,0.000000000000000000e+00,1.036533755622959375e-06,7.043623926521832188e-07,-4.319711104486522948e-08,1.253951592818146933e-06
1.457000000000000000e+03,7.508618757128715515e-03,6.899913772940635681e-03,3.337553585879504681e-03,4.002298335234328874e+01,0.000000000000000000e+00,1.015611494549294348e-06,4.490655770988953649e-07,1.996323026425309050e-07,1.128264001310940740e-06
1.458000000000000000e+03,8.230042411014437675e-03,7.051800377666950226e-03,2.474306907970458269e-03,4.194677976270523345e+01,0.000000000000000000e+00,1.199557224319793654e-06,5.346618468282531919e-07,-9.046399344759414917e-09,1.313347883164514486e-06
1.459000000000000000e+03,8.279125671833753586e-03,7.401652168482542038e-03,3.193448996171355247e-03,4.207766845822339974e+01,0.000000000000000000e+00,1.180398213106905019e-06,6.301813705349324236e-07,1.817238968130471397e-07,1.350367385546681183e-06
1.460000000000000000e+03,8.341062987580052240e-03,6.591038449639229080e-03,4.165377989411354551e-03,4.224283463354684187e+01,0.000000000000000000e+00,1.211700044042582389e-06,4.202638602657517222e-07,4.429933382880753861e-07,1.356864697287788159e-06
1.461000000000000000e+03,7.017738651484251022e-03,6.085179280489683151e-03,3.349206526763737202e-03,3.871396973729137159e+01,0.000000000000000000e+00,9.374236204875060426e-07,2.378581654526319088e-07,1.891920266631053868e-07,9.854608942384719073e-07
1.462000000000000000e+03,8.182061370462179184e-03,5.796769168227910995e-03,3.342408919706940651e-03,4.181883032123254651e+01,0.000000000000000000e+00,1.232016939303197935e-06,2.059964819842917891e-07,2.188329933825728193e-07,1.268143591362074850e-06
1.463000000000000000e+03,7.850182881935587748e-03,5.776303957188276550e-03,4.177030930295587072e-03,4.093382101849498866e+01,0.000000000000000000e+00,1.113283366320342998e-06,1.920637950979207833e-07,4.200178546681406699e-07,1.205281441553381914e-06
1.464000000000000000e+03,1.016372400880426879e-02,1.684051356278359890e-03,2.101922058089393530e-03,4.710326402347816099e+01,0.000000000000000000e+00,1.657463413704988023e-06,-1.076306241226563794e-06,-1.315957375885975386e-07,1.980640686955948818e-06
1.465000000000000000e+03,1.083231117189497467e-02,1.673369552008807659e-03,2.934621471966374073e-03,4.888616312505336481e+01,0.000000000000000000e+00,1.880656847045413782e-06,-1.151704429242623054e-06,1.484447391297173350e-07,2.210278061523292479e-06
1.466000000000000000e+03,9.832311153519230143e-03,1.673369552008807659e-03,2.934621318490017450e-03,4.621949640938471049e+01,0.000000000000000000e+00,1.549936776636455447e-06,-1.043872666311193366e-06,1.347827380146432400e-07,1.873536906897905091e-06
1.467000000000000000e+03,9.163723990428524271e-03,1.684051356278359890e-03,2.101921904613036907e-03,4.443659730780951378e+01,0.000000000000000000e+00,1.348207705093143515e-06,-9.683332422478996476e-07,-1.186840698922154628e-07,1.664157201877584107e-06
1.468000000000000000e+03,8.434055838733911514e-03,2.539287670515477657e-03,2.712664892897009850e-03,4.249081556995717790e+01,0.000000000000000000e+00,1.224097842469695085e-06,-6.586991127628329989e-07,5.565368265802045126e-08,1.391185602817577151e-06
1.469000000000000000e+03,8.160211844369769096e-03,3.622039686888456345e-03,2.515536034479737282e-03,4.176056491831943163e+01,0.000000000000000000e+00,1.217554628557332168e-06,-3.559078661077280888e-07,2.214605128416520797e-09,1.268508804523884343e-06
1.470000000000000000e+03,8.492806227877736092e-03,3.640004550106823444e-03,1.681865483988076448e-03,4.264748327434071484e+01,0.000000000000000000e+00,1.296560888357638701e-06,-3.664399992694247038e-07,-2.246743089004129599e-07,1.365952764689615150e-06
1.471000000000000000e+03,8.766650222241878510e-03,2.557252533733844757e-03,1.878994342405349016e-03,4.337773392597844690e+01,0.000000000000000000e+00,1.311536252931626194e-06,-6.808519694832401920e-07,-1.763315254319966940e-07,1.488213544476837623e-06
1.472000000000000000e+03,8.085677038039029707e-03,2.565673366924072808e-03,1.042431453242897987e-03,4.156180543477084655e+01,0.000000000000000000e+00,1.100455786966905482e-06,-6.235881186651354174e-07,-3.795623739434631724e-07,1.320580431674978068e-06
1.473000000000000000e+03,7.811833043674887289e-03,3.648425383297051496e-03,8.453025948256254196e-04,4.083155478313311448e+01,0.000000000000000000e+00,1.085093791239730042e-06,-3.333285309778278531e-07,-4.163690580033468253e-07,1.209090417550913260e-06
1.474000000000000000e+03,8.646474788988889326e-03,3.376523545746947831e-03,8.365628891624510288e-04,4.305726610397048404e+01,0.000000000000000000e+00,1.292735712884658234e-06,-4.458429406575563338e-07,-4.629222286436957011e-07,1.443689212009991051e-06
1.475000000000000000e+03,8.602926239478664652e-03,8.732011774554848671e-04,2.307790468693483865e-03,4.294113663860985497e+01,0.000000000000000000e+00,1.093525682712020321e-06,-1.130328538733035416e-06,-5.461483967527904552e-08,1.573665722108067668e-06
1.476000000000000000e+03,8.102926235646009528e-03,8.732011774554848671e-04,1.042431453242897987e-03,4.160780329505612940e+01,0.000000000000000000e+00,9.268717718092100205e-07,-1.062745207921754370e-06,-3.800401265602004739e-07,1.460461966684956291e-06
1.477000000000000000e+03,9.000000003832654000e-03,8.660254037844395628e-04,1.265359015450585661e-03,4.400000001022051777e+01,0.000000000000000000e+00,1.180464385074490455e-06,-1.186038133547616861e-06,-3.575246518114373652e-07,1.711141868844105874e-06
1.478000000000000000e+03,9.163723986595869592e-03,2.550076760062799236e-03,8.365628891624510288e-04,4.443659729758908838e+01,0.000000000000000000e+00,1.386726081964687573e-06,-7.150304015636169835e-07,-4.902383936500800209e-07,1.635423915738660035e-06
1.479000000000000000e+03,1.000000000383265489e-02,8.660254037844393460e-04,1.265359015450585661e-03,4.666666667688716785e+01,0.000000000000000000e+00,1.484326970530064243e-06,-1.320420863792394314e-06,-3.970699459470682335e-07,2.025932465546573716e-06
1.480000000000000000e+03,8.602926235646009973e-03,1.739226581239924430e-03,1.042431453242897987e-03,4.294113662838947221e+01,0.000000000000000000e+00,1.163358165781642556e-06,-8.922074699383851302e-07,-4.035213350316945186e-07,1.520613645582086279e-06
1.481000000000000000e+03,1.389429561062906562e-02,2.521941552190883930e-03,3.974561169743538389e-03,5.705145496167759944e+01,0.000000000000000000e+00,3.139698118409535281e-06,-1.101883603842773547e-06,6.526322331089102674e-07,3.390837740567165111e-06
1.482000000000000000e+03,1.491781213521216690e-02,2.924453406381263311e-03,3.337048457469791226e-03,5.978083236056589556e+01,0.000000000000000000e+00,3.664332678699594545e-06,-9.910234419383724584e-07,3.963246027896672794e-07,3.816612979257068340e-06
1.483000000000000000e+03,1.439432667955529641e-02,1.703028557335607013e-03,3.974561169743538389e-03,5.838487114548089352e+01,0.000000000000000000e+00,3.290125059919736761e-06,-1.518802292562165415e-06,6.761672979592964055e-07,3.686310557811633576e-06
1.484000000000000000e+03,1.541784320413839768e-02,2.105540411525986394e-03,3.337048457469791226e-03,6.111424854436921095e+01,0.000000000000000000e+00,3.841754486079818106e-06,-1.428298582845803151e-06,4.096837761398937239e-07,4.119096402065139749e-06
1.485000000000000000e+03,1.740001980215311050e-02,2.551426121499389410e-03,2.711208304390311241e-03,6.640005280574186486e+01,0.000000000000000000e+00,4.931083055198477758e-06,-1.363665179926547493e-06,1.138379219436314777e-07,5.117433135145206794e-06
1.486000000000000000e+03,1.698536984622478485e-02,2.148914209101349115e-03,1.879479910712689161e-03,6.529431958993293961e+01,0.000000000000000000e+00,4.663174819218251502e-06,-1.550059752421854487e-06,-3.408969034967404907e-07,4.925859856865899539e-06
1.487000000000000000e+03,1.773309987038373947e-02,2.571333141531795263e-03,1.878023263998329639e-03,6.728826632102348526e+01,0.000000000000000000e+00,5.114214925464515329e-06,-1.378550174844849841e-06,-3.567803411539728174e-07,5.308755701691567701e-06
1.488000000000000000e+03,1.591780650615692155e-02,1.270857639610767365e-03,8.370484574697911739e-04,6.244748401641857072e+01,0.000000000000000000e+00,3.970276583723675509e-06,-1.900060246703330871e-06,-8.503248533309176493e-07,4.482898331276219007e-06
1.489000000000000000e+03,1.666548550872155865e-02,3.406460764078626802e-03,8.355918107554316521e-04,6.444129468992434795e+01,0.000000000000000000e+00,4.542097823232661672e-06,-8.503155664396214977e-07,-8.913183945181129685e-07,4.706180795374394324e-06
1.490000000000000000e+03,1.641780650615692200e-02,2.136883043395206710e-03,8.370484574697911739e-04,6.378081734975192774e+01,0.000000000000000000e+00,4.320424893117717832e-06,-1.504732761242550119e-06,-8.771549929995071820e-07,4.658292908520442499e-06
1.491000000000000000e+03,1.716553653031587662e-02,2.559301975825652858e-03,8.355918107554316521e-04,6.577476408084248760e+01,0.000000000000000000e+00,4.758007863286369403e-06,-1.341180328958283917e-06,-9.179593373217730195e-07,5.027927291325501809e-06
1.492000000000000000e+03,2.178526582568883832e-02,1.019940129481256008e-03,1.039662398397922516e-03,7.809404220183705547e+01,0.000000000000000000e+00,7.489161951654497228e-06,-2.775018983560801079e-06,-1.022594307370132811e-06,8.051954807045183504e-06
1.493000000000000000e+03,2.128540789897905711e-02,1.019940129481256008e-03,2.306284290407379159e-03,7.676108773061095292e+01,0.000000000000000000e+00,7.178490981755135131e-06,-2.711227143506963484e-06,-1.363899922773828454e-07,7.674639250728477178e-06
1.494000000000000000e+03,2.128526582568883788e-02,1.885965533265694920e-03,1.039662398397922516e-03,7.676070886850374109e+01,0.000000000000000000e+00,7.242894567562097864e-06,-2.121468245298656449e-06,-9.992119349538469648e-07,7.613052851753054821e-06
1.495000000000000000e+03,2.100014207329022053e-02,8.660254037844389123e-04,1.266621892009456426e-03,7.600037886210742499e+01,0.000000000000000000e+00,6.941539956532790544e-06,-2.778441245948549799e-06,-8.331988479188838631e-07,7.523226239154499045e-06
1.496000000000000000e+03,1.985282916575670242e-02,1.897996698971837759e-03,2.082093851640820503e-03,7.294087777535136752e+01,0.000000000000000000e+00,6.332798888949979583e-06,-1.970994824387960702e-06,-2.697163864138786964e-07,6.637914529033224957e-06
1.497000000000000000e+03,1.856758803959102089e-02,8.780565694905817509e-04,2.308006797146722362e-03,6.951356810557619781e+01,0.000000000000000000e+00,5.427066319608580042e-06,-2.449431752320251497e-06,-1.179105950707763156e-07,5.955389798756620890e-06
1.498000000000000000e+03,2.028529052521199638e-02,1.019940129481256008e-03,2.305237742301746891e-03,7.409410806723214193e+01,0.000000000000000000e+00,6.513269420482926938e-06,-2.583865026391064442e-06,-1.306521210992858534e-07,7.008288449768077846e-06
1.499000000000000000e+03,2.112946100533008575e-02,2.613467862829566002e-03,2.707811421714723110e-03,7.634522934754711798e+01,0.000000000000000000e+00,7.234984237037066660e-06,-1.613866867034347929e-06,1.359296526350456229e-07,7.414043434263895111e-06
1.500000000000000000e+03,1.941175851970911026e-02,2.471584302838891745e-03,2.710580476559698582e-03,7.176468938589110280e+01,0.000000000000000000e+00,6.109607519262845103e-06,-1.570849245899603281e-06,1.266151965980201852e-07,6.309588164118638358e-06
1.501000000000000000e+03,1.984421987916440422e-02,1.593527733348309994e-03,2.933724367220624969e-03,7.291791967777189143e+01,0.000000000000000000e+00,6.295591392288610835e-06,-2.163393208175758319e-06,2.712281026128328087e-07,6.662454940597077520e-06
1.502000000000000000e+03,1.956756334006786238e-02,1.744081973275020663e-03,1.042431453242897987e-03,7.218016890684776854e+01,0.000000000000000000e+00,6.105789007631437321e-06,-2.039172565353098180e-06,-9.168158516614397279e-07,6.502263872134021585e-06
1.503000000000000000e+03,1.873282529413700104e-02,2.571333141531795263e-03,1.878023263998329639e-03,6.995420078436549716e+01,0.000000000000000000e+00,5.697500726471997639e-06,-1.456223864259935234e-06,-3.768964520106910255e-07,5.892720374031617127e-06
1.504000000000000000e+03,2.045052777975797653e-02,2.713216701522469521e-03,1.875254209153354168e-03,7.453474074602139865e+01,0.000000000000000000e+00,6.785030244304543351e-06,-1.496836695154066218e-06,-4.132860623519980663e-07,6.960456944584999266e-06
1.505000000000000000e+03,2.016526195406913649e-02,2.559301975825652425e-03,8.355918107554316521e-04,7.377403187751784230e+01,0.000000000000000000e+00,6.549700080098557813e-06,-1.575398904120679358e-06,-1.078383809496818651e-06,6.822269745981359388e-06
1.506000000000000000e+03,2.192625124007463455e-02,2.952199662104249001e-03,1.901595678646117449e-03,7.847000330686584846e+01,0.000000000000000000e+00,7.802705537994361547e-06,-1.437125830333536236e-06,-4.246534344660180428e-07,7.945305211523564967e-06
1.507000000000000000e+03,2.113998236436868267e-02,3.645023162862699728e-03,8.619332802481949329e-04,7.637328630498333837e+01,0.000000000000000000e+00,7.261217088803211888e-06,-9.170318016796314122e-07,-1.112808435680511733e-06,7.403010438365009428e-06
1.508000000000000000e+03,2.078426277567172603e-02,2.732703759720962744e-03,1.039662398397922516e-03,7.542470073512474471e+01,0.000000000000000000e+00,6.978573993598467297e-06,-1.508382989309041084e-06,-9.757803126377689976e-07,7.206098906141741198e-06
1.509000000000000000e+03,2.080624736845493317e-02,3.625536104664206505e-03,1.697525091003626585e-03,7.548332631587999231e+01,0.000000000000000000e+00,7.069196645654337628e-06,-9.154490753172118151e-07,-5.389043069878691064e-07,7.148566714840098082e-06
1.510000000000000000e+03,1.966425890405202465e-02,3.406040202280920248e-03,8.355918107554316521e-04,7.243802374413890277e+01,0.000000000000000000e+00,6.285103130546509360e-06,-1.003449379226665037e-06,-1.051681874293081579e-06,6.451005098664279036e-06
1.511000000000000000e+03,2.128893702392163634e-02,1.859118607713274984e-03,3.539662398397922568e-03,7.677049873045784523e+01,0.000000000000000000e+00,7.260079634325417968e-06,-2.139857075937545488e-06,7.037293451867957213e-07,7.601511665021879969e-06
1.512000000000000000e+03,2.183870139633002638e-02,2.520316657496981649e-03,4.167805714532733449e-03,7.823653705688026605e+01,0.000000000000000000e+00,7.671829266958167098e-06,-1.732966977845160507e-06,1.160799830114270658e-06,7.950320439658453827e-06
1.513000000000000000e+03,2.212029602378606796e-02,2.701078308746218681e-03,2.707468112930655479e-03,7.898745606342968983e+01,0.000000000000000000e+00,7.927207385778042213e-06,-1.627511702223651612e-06,1.420507338337412436e-07,8.093799459400483276e-06
1.514000000000000000e+03,2.084786637787404417e-02,2.432706211580328969e-03,4.168149023316801080e-03,7.559431034099765156e+01,0.000000000000000000e+00,6.988011391802645219e-06,-1.712803506765668389e-06,1.108372191566122383e-06,7.279731312334914312e-06
1.515000000000000000e+03,2.167922537773847580e-02,3.274665912613272667e-03,3.335954737849533558e-03,7.781126767396941091e+01,0.000000000000000000e+00,7.644688613230176899e-06,-1.197078947453025104e-06,5.751597415244064456e-07,7.759192659546275181e-06
1.516000000000000000e+03,4.849361458561731938e-03,4.740188770471767329e-03,3.904158072546124510e-03,3.293163055616467005e+01,0.000000000000000000e+00,5.067771403100723358e-07,-3.712076033205718614e-08,2.158079618099340556e-07,5.520634901612700859e-07
1.517000000000000000e+03,5.406760347775532369e-03,5.243692720784500980e-03,4.185770694166422376e-03,3.441802759406815682e+01,0.000000000000000000e+00,5.898641683441726684e-07,3.961365121206881119e-08,2.902711359414585977e-07,6.586093765043575684e-07
1.518000000000000000e+03,3.575752256438136101e-03,4.969896050170063972e-03,2.243148686829954386e-03,2.953533935050178272e+01,0.000000000000000000e+00,3.456186654835254444e-07,-3.241152269999786277e-09,-2.940469251263566413e-08,3.468824050602927934e-07
1.519000000000000000e+03,3.014954621903598309e-03,4.463478806428611279e-03,1.960079360287636518e-03,2.803987899174300225e+01,0.000000000000000000e+00,2.674891924676659506e-07,-4.242726537285121288e-08,-4.970090772858787302e-08,2.753556267140150130e-07
1.520000000000000000e+03,3.825804800726473331e-03,4.017268423922359943e-03,2.525246818549931049e-03,3.020214613527065595e+01,0.000000000000000000e+00,3.709817738736992683e-07,-1.052402514040511721e-07,1.809699657940933217e-09,3.856245091729989946e-07
1.521000000000000000e+03,3.177124657668173313e-03,4.121173755265772343e-03,3.058368689380586147e-03,2.847233242044851664e+01,0.000000000000000000e+00,2.835651150463010496e-07,-7.442616162939714476e-08,5.293949496878991042e-08,2.979110909879953056e-07
1.522000000000000000e+03,2.616327023133635521e-03,3.614756511524319649e-03,2.775299362838268280e-03,2.697687206168976104e+01,0.000000000000000000e+00,2.114554291418341361e-07,-9.162752070492358024e-08,2.025500168101697316e-08,2.313423138061570481e-07
1.523000000000000000e+03,4.583245841786265373e-03,5.695777013897895813e-03,2.806859440170228481e-03,3.222198891143010968e+01,0.000000000000000000e+00,4.879584190187396168e-07,9.280472037428271627e-08,4.310102596837508355e-08,4.985717934806813933e-07
1.524000000000000000e+03,3.772395662963390350e-03,6.141987396404147148e-03,2.241691981907933950e-03,3.005972176790244532e+01,0.000000000000000000e+00,3.589782913739739370e-07,1.201991010004776197e-07,-3.162642899376220705e-08,3.798861257929779197e-07
1.525000000000000000e+03,3.718500724062323570e-03,5.536520155146718025e-03,3.037976101040840149e-03,2.991600193083294101e+01,0.000000000000000000e+00,3.590391752241336952e-07,5.495526247236818786e-08,6.095081184386365796e-08,3.682990791238271940e-07
1.526000000000000000e+03,3.915144130587577820e-03,6.708611501380801201e-03,3.036519396118819714e-03,3.044038434823361428e+01,0.000000000000000000e+00,3.582489423195482569e-07,1.896651111721186602e-07,6.483354319406164726e-08,4.105101063215172445e-07
1.527000000000000000e+03,5.040623480454087257e-03,5.320940865203738213e-03,2.256258216220885515e-03,3.344166261454430611e+01,0.000000000000000000e+00,5.693984918685898650e-07,4.781297933879874888e-08,-4.066853204958394036e-08,5.728478445752808081e-07
1.528000000000000000e+03,4.229773301631212234e-03,5.767151247709989548e-03,1.691090757958590984e-03,3.127939547101664886e+01,0.000000000000000000e+00,4.233269284545433365e-07,9.260658273307204508e-08,-1.096299198693565869e-07,4.469903655011111054e-07
1.529000000000000000e+03,4.576359380365591784e-03,4.779010506257666199e-03,1.404158072546124458e-03,3.220362501430831514e+01,0.000000000000000000e+00,4.744551697953555995e-07,-2.985685854033397204e-08,-1.606591218997883281e-07,5.018072275257185866e-07
1.530000000000000000e+03,3.765509201542716761e-03,5.225220888763917534e-03,8.389906142838299274e-04,3.004135787078066500e+01,0.000000000000000000e+00,3.288144764541814238e-07,2.310339354216925720e-08,-1.972631274942901478e-07,3.841425102586673417e-07
1.531000000000000000e+03,5.230380425558667917e-03,5.576265703797591775e-03,8.521001436747610569e-04,3.394768113482318483e+01,0.000000000000000000e+00,5.560675308104831736e-07,8.975757598010668937e-08,-2.775633398584397224e-07,6.279402271720326824e-07
1.532000000000000000e+03,4.015561745831053991e-03,4.272593262516213505e-03,1.121088746003806591e-03,3.070816465554956665e+01,0.000000000000000000e+00,3.721438961646562106e-07,-8.273716210042414715e-08,-1.756706970928453968e-07,4.197579198325250361e-07
1.533000000000000000e+03,2.579923391530839633e-02,3.939874498184173929e-03,8.297653403133153915e-04,8.879795710748923909e+01,0.000000000000000000e+00,1.077011773095589972e-05,-8.756218516903423269e-07,-1.384641926381893369e-06,1.089400673903329453e-05
1.534000000000000000e+03,2.616895500759212206e-02,4.357773838575332986e-03,4.786276840604841709e-04,8.978388002024587422e+01,0.000000000000000000e+00,1.106810359660000075e-05,-5.382498345068191189e-07,-1.698572498905110507e-06,1.121061009238360815e-05
1.535000000000000000e+03,2.562699280679225922e-02,3.587080864235758781e-03,2.489316859282553196e-03,8.833864748477955686e+01,0.000000000000000000e+00,1.065942919321007463e-05,-1.158915714956082795e-06,-1.442344684683708849e-08,1.072225369944445480e-05
1.536000000000000000e+03,2.565661072731018066e-02,4.001731052994728088e-03,3.024380886927247047e-03,8.841762860616067599e+01,0.000000000000000000e+00,1.069544733457588932e-05,-8.197649465590674455e-07,4.248094078564329713e-07,1.073522572130166376e-05
1.537000000000000000e+03,2.539927512407302856e-02,4.577094921842217445e-03,2.194594708271324635e-03,8.773140033086164635e+01,0.000000000000000000e+00,1.050104147015420298e-05,-3.439897203310206233e-07,-2.539446642349698386e-07,1.050974256478650246e-05
1.538000000000000000e+03,2.482245489954948425e-02,4.048343049362301826e-03,2.481548232026398182e-03,8.619321306546551398e+01,0.000000000000000000e+00,1.002745929038570624e-05,-7.561512009999095465e-07,-2.019322622057831493e-08,1.005594909620675306e-05
1.539000000000000000e+03,2.507979050278663635e-02,3.472979180514812469e-03,3.311334410682320595e-03,8.687944134076448677e+01,0.000000000000000000e+00,1.019976049575656697e-05,-1.225660372476268207e-06,6.456073963205788351e-07,1.029340402537657823e-05
1.540000000000000000e+03,2.485207282006740570e-02,4.462993238121271133e-03,3.016612259671092033e-03,8.627219418684663310e+01,0.000000000000000000e+00,1.005672763859879500e-05,-4.272381450515854716e-07,4.052568483651767799e-07,1.007395336214591121e-05
1.541000000000000000e+03,2.728135245966942235e-02,1.873043917518274915e-03,4.167805714532733449e-03,9.275027322578513633e+01,0.000000000000000000e+00,1.189125832824341991e-05,-2.729896422958493005e-06,1.450159748762216146e-06,1.228646907805615815e-05
1.542000000000000000e+03,2.629000322163402986e-02,1.932725407829495590e-03,4.167805714532733449e-03,9.010667525769081010e+01,0.000000000000000000e+00,1.104744639450137473e-05,-2.580490631422930863e-06,1.397460948010894715e-06,1.143056870148893553e-05
1.543000000000000000e+03,2.686988464118580944e-02,2.914037153954105938e-03,4.167805714532733449e-03,9.165302570982893826e+01,0.000000000000000000e+00,1.162157976340819471e-05,-1.793640013871787757e-06,1.428178346676984257e-06,1.184558795866789678e-05
1.544000000000000000e+03,2.668983768671751022e-02,2.549483906477689743e-03,3.327357233501970768e-03,9.117290049791347428e+01,0.000000000000000000e+00,1.147419710535634608e-05,-2.093067011993152693e-06,7.008414857207924881e-07,1.168457562418803495e-05
1.545000000000000000e+03,2.548449394494593095e-02,2.394958496740075271e-03,4.159551518969238290e-03,8.795865051985592231e+01,0.000000000000000000e+00,1.042255712255413410e-05,-2.124476100738618517e-06,1.347865607904425687e-06,1.072193253907545473e-05
1.546000000000000000e+03,2.606437536449771053e-02,3.376270242864685620e-03,4.159551518969238290e-03,8.950500097199410732e+01,0.000000000000000000e+00,1.096722845514553486e-05,-1.354342193181587721e-06,1.378429867579101639e-06,1.113617580964937698e-05
1.547000000000000000e+03,2.626207843422889709e-02,3.177771344780921936e-03,2.491744584403932095e-03,9.003220915794386769e+01,0.000000000000000000e+00,1.116550774356075519e-05,-1.531608208571245583e-06,-1.269496449527484403e-08,1.127007311592083311e-05
1.548000000000000000e+03,2.688954956829547882e-02,3.588061314076185226e-03,2.753916662186384201e-03,9.170546551545479019e+01,0.000000000000000000e+00,1.171938333335001982e-05,-1.215128543955648734e-06,2.125490727715633467e-07,1.178412746878928020e-05
1.549000000000000000e+03,2.726729959249496460e-02,3.754115663468837738e-03,1.926558208651840687e-03,9.271279891332004297e+01,0.000000000000000000e+00,1.204935906726631314e-05,-1.087392939564563413e-06,-5.063959751874401780e-07,1.210891878825743214e-05
1.550000000000000000e+03,2.603436075150966644e-02,4.167785402387380600e-03,2.197022433392703533e-03,8.942496200402598561e+01,0.000000000000000000e+00,1.101548188689260795e-05,-6.935802460870652856e-07,-2.582234558768717789e-07,1.104031585197571758e-05
1.551000000000000000e+03,2.666183188557624817e-02,4.578075371682643890e-03,2.459194511175155640e-03,9.109821836153690811e+01,0.000000000000000000e+00,1.155425973652699607e-05,-3.602119713869261562e-07,-4.080763941194907201e-08,1.155994532802356039e-05
1.552000000000000000e+03,2.633830811828374863e-02,4.012413090094923973e-03,3.581779659725725651e-03,9.023548831542356652e+01,0.000000000000000000e+00,1.124870051305441852e-05,-8.324792491523781329e-07,9.058889816471406132e-07,1.131578188989738904e-05
1.553000000000000000e+03,2.734352927654981613e-02,4.588757408782839775e-03,3.016593283973634243e-03,9.291607807079977022e+01,0.000000000000000000e+00,1.213932530923445722e-05,-3.600104219679176754e-07,4.458726678218556288e-07,1.215284447786839619e-05
1.554000000000000000e+03,2.611059043556451797e-02,5.002427147701382637e-03,3.287057508714497089e-03,8.962824116150564180e+01,0.000000000000000000e+00,1.108195808138435711e-05,1.881816828837784525e-09,6.516984578367071460e-07,1.110110396936905459e-05
1.555000000000000000e+03,2.714381739497184753e-02,3.550180001184344292e-03,3.590033855289220810e-03,9.238351305325841167e+01,0.000000000000000000e+00,1.191967470021753724e-05,-1.259431757737447494e-06,9.408169138644375703e-07,1.202289273747450016e-05
1.556000000000000000e+03,2.769505884498357773e-02,3.125828225165605545e-03,2.762170857749879360e-03,9.385349025328962114e+01,0.000000000000000000e+00,1.239850842606516037e-05,-1.661172875916015567e-06,2.262832510013973919e-07,1.251134327818446561e-05
1.557000000000000000e+03,2.608291432261466980e-02,2.467913320288062096e-03,2.502426446881145239e-03,8.955443819363918578e+01,0.000000000000000000e+00,1.096600266917806492e-05,-2.113645347554779303e-06,-3.617414578636015104e-09,1.116784331378931266e-05
1.558000000000000000e+03,2.688842359930276871e-02,2.005680231377482414e-03,2.510680642444640398e-03,9.170246293147413041e+01,0.000000000000000000e+00,1.160783367266280690e-05,-2.576631210269209894e-06,3.421193020438164666e-09,1.189036764236074948e-05
1.559000000000000000e+03,2.525555528700351715e-02,2.529576770029962063e-03,3.146736766211688519e-03,8.734814743200946907e+01,0.000000000000000000e+00,1.028478056610331705e-05,-1.996704135092104401e-06,5.172089506749479998e-07,1.048956833214068139e-05
1.560000000000000000e+03,2.545414119958877563e-02,1.985773094929754734e-03,2.330060175154358149e-03,8.787770986557016784e+01,0.000000000000000000e+00,1.040423605278881571e-05,-2.455435792327857289e-06,-1.438759883806378595e-07,1.069102394873511687e-05
1.561000000000000000e+03,2.606106456369161606e-02,2.067343681119382381e-03,3.154990961775183678e-03,8.949617216984439949e+01,0.000000000000000000e+00,1.090602728830351070e-05,-2.445862241609413407e-06,5.406370802848787776e-07,1.118999382353405994e-05
1.562000000000000000e+03,2.499821968376636505e-02,3.104940638877451420e-03,2.316950587555766106e-03,8.666191915671042523e+01,0.000000000000000000e+00,1.012403051869124742e-05,-1.516190620602256783e-06,-1.519034784340397137e-07,1.023806146729713614e-05
1.563000000000000000e+03,2.582557871937751770e-02,3.043277189135551453e-03,1.672640268225222826e-03,8.886820991834021299e+01,0.000000000000000000e+00,1.078246622023468272e-05,-1.617391108461653816e-06,-6.893931511011716828e-07,1.092487046628096381e-05
1.564000000000000000e+03,1.547345193102955818e-02,7.380641298368573189e-03,2.743520308285951614e-03,6.126253848274574665e+01,0.000000000000000000e+00,3.922827957330926914e-06,1.178691964717001431e-06,1.167218176646916113e-07,4.097745467110483203e-06
1.565000000000000000e+03,1.584219560027122498e-02,7.846347056329250336e-03,2.370337140746414661e-03,6.224585493405684389e+01,0.000000000000000000e+00,4.069164761275480852e-06,1.442846218232496910e-06,-6.971883192022096095e-08,4.317958751470222687e-06
1.566000000000000000e+03,1.622946094721555710e-02,7.058470509946346283e-03,2.517646993510425091e-03,6.327856252590839858e+01,0.000000000000000000e+00,4.330102760505248491e-06,1.068935242263385941e-06,5.177160511609355501e-09,4.460094087760797495e-06
1.567000000000000000e+03,1.552634414437497300e-02,6.572831334602964592e-03,3.726423191837966494e-03,6.140358438500011573e+01,0.000000000000000000e+00,3.977367468944930017e-06,7.814471993793058570e-07,6.055662417348441862e-07,4.098392633895393734e-06
1.568000000000000000e+03,1.404914378002285885e-02,8.783964086323977488e-03,4.127600868232548723e-03,5.746438341339442957e+01,0.000000000000000000e+00,3.070143116721893744e-06,1.701178250153673371e-06,7.279755910928814295e-07,3.584652655024998116e-06
1.569000000000000000e+03,2.934840740635991096e-03,2.169792423956096172e-03,1.673125836532562971e-03,2.782624197502937591e+01,0.000000000000000000e+00,1.817343379198610083e-07,-2.234486412797157954e-07,-7.682905233516953034e-08,2.980928851073798235e-07
1.570000000000000000e+03,2.554809869362096100e-03,2.016117424851677272e-03,8.360773790627717972e-04,2.681282631829898477e+01,0.000000000000000000e+00,1.079978185311325789e-07,-1.968138164800210081e-07,-1.342934906866805850e-07,2.615988318126218180e-07
1.571000000000000000e+03,3.353035970686058312e-03,1.693719510136566016e-03,8.370484574697911739e-04,2.894142925516285558e+01,0.000000000000000000e+00,1.573364554707673426e-07,-3.121418233056588634e-07,-1.808371819926868152e-07,3.935598613524276027e-07
1.572000000000000000e+03,2.580819135265690831e-03,9.236972546204924583e-04,1.728537907934771679e-03,2.688218436070856043e+01,0.000000000000000000e+00,5.483066301114015569e-08,-2.895369987336654752e-07,-6.381822015883245522e-08,3.015142458760133304e-07
1.573000000000000000e+03,1.782593033941728619e-03,1.246095169335603714e-03,1.727566829527752302e-03,2.475358142384464699e+01,0.000000000000000000e+00,4.146159292644783804e-08,-1.640156821542871727e-07,-4.134842857153035746e-08,1.741548168322357128e-07
1.574000000000000000e+03,2.200788263991795835e-03,7.700222555160735581e-04,8.914894504649803963e-04,2.586876870397816575e+01,0.000000000000000000e+00,-8.578047370699096488e-09,-2.484543530255273422e-07,-1.158701144503826460e-07,2.742791130523286401e-07
1.575000000000000000e+03,3.499037004075944424e-03,2.679122844710946083e-03,1.958137203473597765e-03,2.933076534420256110e+01,0.000000000000000000e+00,2.765714601336413609e-07,-2.265508590593587120e-07,-6.047263098517627468e-08,3.625934409214500899e-07
1.576000000000000000e+03,3.516523657647433604e-03,3.384163611573301478e-03,1.121088746003806591e-03,2.937739642039323584e+01,0.000000000000000000e+00,2.828788891082532946e-07,-1.559738097807303709e-07,-1.530394950100434487e-07,3.574484330271487242e-07
1.577000000000000000e+03,3.750553495531442488e-03,2.552435276103340311e-03,8.370484574697911739e-04,3.000147598808391791e+01,0.000000000000000000e+00,2.617376970981670657e-07,-2.596848860421773661e-07,-2.000939858129749602e-07,4.195002565905216650e-07
1.578000000000000000e+03,2.700810902751982212e-03,3.001520759426057339e-03,1.957166125066578388e-03,2.720216240733868673e+01,0.000000000000000000e+00,2.016664837209275084e-07,-1.383082723157698899e-07,-4.476314034271074162e-08,2.486006588500471080e-07
1.579000000000000000e+03,2.952327394207480277e-03,2.874833190818451567e-03,8.360773790627717972e-04,2.787287305122002579e+01,0.000000000000000000e+00,1.868688219829010718e-07,-1.644607387537955130e-07,-1.535449788827917558e-07,2.924779508968810057e-07
1.580000000000000000e+03,1.583253998609801885e-02,4.139332084273547249e-03,4.168776851147413740e-03,6.222010662959488769e+01,0.000000000000000000e+00,4.138372476235358004e-06,-4.361470237662635367e-07,8.418968361230660509e-07,4.245602579266760101e-06
1.581000000000000000e+03,1.533246209114049255e-02,3.326965318779303606e-03,4.168776851147413740e-03,6.088656557637477817e+01,0.000000000000000000e+00,3.856045869689490178e-06,-8.209950320164341705e-07,8.153856127180320150e-07,4.025913100052285172e-06
1.582000000000000000e+03,1.633249023641672459e-02,3.326994960200660087e-03,4.168776851147413740e-03,6.355330729711145210e+01,0.000000000000000000e+00,4.362636577648147466e-06,-8.745179434223722656e-07,8.685595937634519672e-07,4.533406589962979637e-06
1.583000000000000000e+03,5.037710303440690041e-03,2.318852930329740047e-03,2.512622799258679152e-03,3.343389414250854941e+01,0.000000000000000000e+00,4.740117392357689235e-07,-4.086395159350427667e-07,9.737367066945802914e-10,6.258389018590315741e-07
1.584000000000000000e+03,4.962556730468219678e-03,8.215582114502991209e-04,1.303153609829114760e-03,3.323348461458198244e+01,0.000000000000000000e+00,2.853662436514192615e-07,-6.366973189345233931e-07,-1.933884589749113424e-07,7.240279449156795796e-07
1.585000000000000000e+03,4.360118077176564251e-03,9.236972546204924583e-04,2.140202067298905934e-03,3.162698153913757082e+01,0.000000000000000000e+00,2.341770736998878063e-07,-5.369663350012681834e-07,-5.135244529449263167e-08,5.880551168122429263e-07
1.586000000000000000e+03,3.866533420979976696e-03,9.236972546204924583e-04,8.370484574697911739e-04,3.031075578927999103e+01,0.000000000000000000e+00,1.340287278665992538e-07,-4.663091096037288164e-07,-2.104781200600686904e-07,5.288751503114718992e-07
1.587000000000000000e+03,2.504089530478237347e-02,9.121445505641187501e-03,1.303161967388147399e-03,8.677572081275349092e+01,0.000000000000000000e+00,9.921282925601231597e-06,3.302197408941770019e-06,-9.651607010634535111e-07,1.050085224142905225e-05
1.588000000000000000e+03,2.482709030027410724e-02,8.559688571840525645e-03,2.138753778143579268e-03,8.620557413406474723e+01,0.000000000000000000e+00,9.840740271474374598e-06,2.827791806010480317e-06,-2.930157765538500581e-07,1.024316522536208031e-05
1.589000000000000000e+03,2.432067495584487940e-02,8.559688571840525645e-03,8.355918107554316521e-04,8.485513321558684652e+01,0.000000000000000000e+00,9.399993337985094733e-06,2.769969338808806034e-06,-1.301252143151407642e-06,9.885639181770757198e-06
1.590000000000000000e+03,2.485515491619802453e-02,7.681134077481712938e-03,8.355918107554316521e-04,8.628041310986182566e+01,0.000000000000000000e+00,9.908253143612743243e-06,2.132077840423555825e-06,-1.329741794345936875e-06,1.022191026741906743e-05
1.591000000000000000e+03,2.413978800177574158e-02,7.524802349507808685e-03,2.301898901350796223e-03,8.437276800473573246e+01,0.000000000000000000e+00,9.404500185618035527e-06,1.950098834822728585e-06,-1.587856994395039789e-07,9.605869148870034240e-06
1.592000000000000000e+03,2.432552839036009051e-02,8.965113777667284983e-03,2.769469057983512186e-03,8.486807570762739772e+01,0.000000000000000000e+00,9.398544119399109586e-06,3.086318102755377856e-06,2.038076825392260766e-07,9.894419061630103663e-06
1.593000000000000000e+03,2.495986316353082657e-02,8.005971554666757584e-03,3.123916452750563622e-03,8.655963510274929718e+01,0.000000000000000000e+00,1.000074655707646593e-05,2.400757598341365799e-06,4.923440814718502455e-07,1.029664855374946498e-05
1.594000000000000000e+03,2.546142507344484329e-02,7.600546348839998245e-03,2.493201172910630703e-03,8.789713352918667510e+01,0.000000000000000000e+00,1.044783465078581815e-05,2.118608021414339412e-06,-1.159312451332841742e-08,1.066048231737654506e-05
1.595000000000000000e+03,2.564716546202919223e-02,9.040857776999474543e-03,2.960771329543346667e-03,8.839244123207829773e+01,0.000000000000000000e+00,1.044338009672326750e-05,3.316191461017334480e-06,3.719120692781955183e-07,1.096355928693026014e-05
1.596000000000000000e+03,2.381911304593086268e-02,8.965113777667284983e-03,3.966307090595365056e-03,8.351763478914949701e+01,0.000000000000000000e+00,8.975466222492611864e-06,3.022191986991200909e-06,1.111794763113157512e-06,9.535655505135736060e-06
1.597000000000000000e+03,2.331911304593086223e-02,8.099088373882845637e-03,3.966307090595365056e-03,8.218430145581623947e+01,0.000000000000000000e+00,8.696241525980850205e-06,2.312514646207565283e-06,1.088534168871692510e-06,9.064063509481793868e-06
1.598000000000000000e+03,2.434026878788015519e-02,8.086273425607311272e-03,3.966307090595365056e-03,8.490738343434755109e+01,0.000000000000000000e+00,9.476192469552786093e-06,2.403796362943976189e-06,1.136228175911550654e-06,9.842127571935191637e-06
1.599000000000000000e+03,2.261379174888134003e-02,7.967614103108644485e-03,2.935477998107671738e-03,8.030344466368397605e+01,0.000000000000000000e+00,8.221786085372033835e-06,2.147322738228313357e-06,3.096565279456230654e-07,8.503214012420767608e-06
1.600000000000000000e+03,2.230737444800606067e-02,8.158891371340359217e-03,1.469170907512307167e-03,7.948633186134993878e+01,0.000000000000000000e+00,7.968515625232458298e-06,2.254612309632819217e-06,-7.412685034193927887e-07,8.314445076520938816e-06
1.601000000000000000e+03,2.333180879098644550e-02,8.121504823566282755e-03,1.466307090595364571e-03,8.221815677596437411e+01,0.000000000000000000e+00,8.720247489723804648e-06,2.330244423152457927e-06,-7.774186463696837655e-07,9.059643210711486802e-06
1.602000000000000000e+03,2.315462846308946609e-02,7.292714901268482208e-03,2.298985666129738092e-03,8.174567590157234065e+01,0.000000000000000000e+00,8.676889430332960896e-06,1.698544010098380232e-06,-1.544599904267239871e-07,8.842924845836222148e-06
1.603000000000000000e+03,2.213019412010908127e-02,7.330101449042558670e-03,2.301849483046680689e-03,7.901385098695791953e+01,0.000000000000000000e+00,7.931882385955714237e-06,1.649868758911803688e-06,-1.456232267738643146e-07,8.102964348338435424e-06
1.604000000000000000e+03,2.284821116221418674e-02,7.483992169500196072e-03,8.326785755343735218e-04,8.092856309923837443e+01,0.000000000000000000e+00,8.392581269643681981e-06,1.815760836262431629e-06,-1.224521077627860206e-06,8.673630131129255095e-06
1.605000000000000000e+03,2.332043580030376817e-02,8.965113777667284983e-03,2.730764273075344563e-03,8.218782880081056419e+01,0.000000000000000000e+00,8.632627888221970587e-06,2.958789978874461793e-06,1.664758971634891758e-07,9.127125320709256878e-06
1.606000000000000000e+03,3.134397207759320736e-03,1.948872115463018417e-03,2.506310760509222746e-03,2.835839255402490977e+01,0.000000000000000000e+00,1.967060707101088310e-07,-2.648223210658597898e-07,1.809550303174411081e-10,3.298850901960297096e-07
1.607000000000000000e+03,2.900367369875311852e-03,2.780600450932979584e-03,2.790351049043238163e-03,2.773431298633422770e+01,0.000000000000000000e+00,2.168451005143586919e-07,-1.702270304964871271e-07,2.460546893897630698e-08,2.767751228532673291e-07
1.608000000000000000e+03,2.336171106435358524e-03,2.271270030178129673e-03,2.505339682102203369e-03,2.622978961716102475e+01,0.000000000000000000e+00,1.409330419940344815e-07,-1.595874046204131150e-07,3.548987356927021093e-11,2.129090493584123400e-07
1.609000000000000000e+03,3.511649890301021641e-03,3.607122729828819707e-03,3.621088746003806643e-03,2.936439970746944539e+01,0.000000000000000000e+00,3.004015277955944863e-07,-1.341154401861057793e-07,1.218803661289510859e-07,3.508316588421965526e-07
1.610000000000000000e+03,4.072447524835559433e-03,4.113539973570272401e-03,3.904158072546124510e-03,3.085986006622821165e+01,0.000000000000000000e+00,3.773709781403638391e-07,-1.023087303570660836e-07,1.794197004869431989e-07,4.301945610682615291e-07
1.611000000000000000e+03,2.862969747242721623e-03,3.711028061172232106e-03,4.154210616834462175e-03,2.763458599264730964e+01,0.000000000000000000e+00,2.026123835211103403e-07,-9.428643316417456992e-08,1.429469363281210776e-07,2.652838782144964189e-07
1.612000000000000000e+03,4.803680465556681156e-03,3.150581265799701214e-03,2.796663087792694569e-03,3.280981457481785668e+01,0.000000000000000000e+00,4.860826767517747105e-07,-2.642272707251765914e-07,4.437937682095663162e-08,5.550332857766843390e-07
1.613000000000000000e+03,4.107207427512459333e-03,2.625447186722012789e-03,3.621088746003806643e-03,3.095255314003327740e+01,0.000000000000000000e+00,3.361161573706571218e-07,-2.824163280945011146e-07,1.464159526779745845e-07,4.627857871830077620e-07
1.614000000000000000e+03,5.645880726877204950e-03,2.265177272340806753e-03,4.175574341788888463e-03,3.505568193833925505e+01,0.000000000000000000e+00,5.294748248707196065e-07,-4.736272135005196449e-07,3.035146295916424610e-07,7.725201990344963884e-07
1.615000000000000000e+03,4.668005062046997125e-03,3.131864430463465482e-03,3.904158072546124510e-03,3.244801349879204366e+01,0.000000000000000000e+00,4.341490439898591424e-07,-2.573498106363796225e-07,2.086682672079413362e-07,5.461288887904153826e-07
1.616000000000000000e+03,3.266471113359096373e-03,4.336791237821005507e-03,8.389906142838299274e-04,2.871058963562433419e+01,0.000000000000000000e+00,2.588734810848684819e-07,-5.800999925300780596e-08,-1.682684335875289628e-07,3.141574525048424598e-07
1.617000000000000000e+03,4.478854709304869175e-03,3.702639136463403702e-03,1.974645536392927170e-03,3.194361255814637701e+01,0.000000000000000000e+00,4.537779080184919592e-07,-1.696741552385317250e-07,-7.587724974226452898e-08,4.903682960693913502e-07
1.618000000000000000e+03,4.730371200760367240e-03,3.575951567855797930e-03,8.535567903891205788e-04,3.261432320202771962e+01,0.000000000000000000e+00,4.497067787640131637e-07,-1.985264831175303929e-07,-2.502957886645085491e-07,5.516311568326326277e-07
1.619000000000000000e+03,1.000072391528738711e-02,9.133974596215560862e-03,3.766897267500140048e-03,4.666859710743314338e+01,0.000000000000000000e+00,1.483793491477035071e-06,1.320123929392144865e-06,4.026276173684499461e-07,2.026444993719583539e-06
1.620000000000000000e+03,9.000723915287386218e-03,9.133974596215560862e-03,3.766897267500140048e-03,4.400193044076641513e+01,0.000000000000000000e+00,1.179919936609195227e-06,1.185702066936585942e-06,3.625202843265798700e-07,1.711584472029868341e-06
1.621000000000000000e+03,5.039652343839406967e-03,4.209056380204856396e-03,2.257714862935245037e-03,3.343907291690513972e+01,0.000000000000000000e+00,5.621814731228879819e-07,-1.190951683157000148e-07,-4.027397841443581733e-08,5.760674102707874577e-07
1.622000000000000000e+03,5.229409288943987627e-03,4.464381218798709958e-03,8.535567903891205788e-04,3.394509143718402555e+01,0.000000000000000000e+00,5.565152853194239120e-07,-8.432150875828509099e-08,-2.771017350831914537e-07,6.273792722265763402e-07
1.623000000000000000e+03,1.936803687516135131e-03,2.714056925388745080e-03,8.360773790627717972e-04,2.516480983337644162e+01,0.000000000000000000e+00,8.951291313973574426e-08,-1.014648952149112957e-07,-9.110578329009900615e-08,1.631194357783194734e-07
1.624000000000000000e+03,2.563241589814424515e-02,6.870054872706532478e-03,2.204079763032495975e-03,8.835310906171837075e+01,0.000000000000000000e+00,1.063840673909845536e-05,1.533629468620827695e-06,-2.487379184869660778e-07,1.075125982597438958e-05
1.625000000000000000e+03,2.643512816292915846e-02,6.439565750243320119e-03,1.368487952277064323e-03,9.049367510114470292e+01,0.000000000000000000e+00,1.131066029191927557e-05,1.217413318945688158e-06,-9.633151527437585239e-07,1.141670300532739189e-05
1.626000000000000000e+03,2.544406217647467161e-02,6.688888021217836988e-03,8.355918107554316521e-04,8.785083247059941414e+01,0.000000000000000000e+00,1.045157443103697142e-05,1.374704807572550771e-06,-1.361130161284039596e-06,1.062910611064853326e-05
1.627000000000000000e+03,2.606176398694515228e-02,7.528768386691808701e-03,1.657287939451634884e-03,8.949803729852077083e+01,0.000000000000000000e+00,1.093708340734474020e-05,2.108615060574071516e-06,-7.089785877487600219e-07,1.116103496862104049e-05
1.628000000000000000e+03,2.705282997339963913e-02,7.279446115717291832e-03,2.190184080973267555e-03,9.214087992906604541e+01,0.000000000000000000e+00,1.180844756572957399e-05,1.973031596821206329e-06,-2.745705232707294060e-07,1.197529442506065088e-05
1.629000000000000000e+03,2.686447625173006559e-02,7.098279264228596341e-03,8.216961286962032318e-04,9.163860333794703195e+01,0.000000000000000000e+00,1.161481888726078849e-05,1.803404750387486909e-06,-1.449081562734184923e-06,1.184297782878302138e-05
1.630000000000000000e+03,2.393100596964359283e-02,6.975657772272825241e-03,3.118575550615787506e-03,8.381601591905000248e+01,0.000000000000000000e+00,9.278143986783301604e-06,1.512786850557355188e-06,4.680457981919628282e-07,9.412308259077979618e-06
1.631000000000000000e+03,2.525264304131269455e-02,7.051401771605014801e-03,3.309877822175621986e-03,8.734038144350090249e+01,0.000000000000000000e+00,1.030897984394173265e-05,1.657565493657515355e-06,6.484997524506627849e-07,1.046150757383894205e-05
1.632000000000000000e+03,2.463304866566202317e-02,7.131703642545567622e-03,4.152268460020423421e-03,8.568812977509914219e+01,0.000000000000000000e+00,9.776060803925006241e-06,1.680282354582075295e-06,1.296588920225731996e-06,1.000379210405788283e-05
1.633000000000000000e+03,2.566190585954925690e-02,8.162017424939500831e-03,4.157609362155199537e-03,8.843174895879855058e+01,0.000000000000000000e+00,1.051645593282125587e-05,2.596537434107946400e-06,1.355040165310981005e-06,1.091668383179165343e-05
1.634000000000000000e+03,2.688183914870023727e-02,8.009937591850757599e-03,2.479305490851402283e-03,9.168490439653433555e+01,0.000000000000000000e+00,1.160066211407811947e-05,2.588972793765949866e-06,-2.420816297492844991e-08,1.188607284375383165e-05
1.635000000000000000e+03,2.645249105989933014e-02,7.351224077865481377e-03,3.026097314432263374e-03,9.053997615973185020e+01,0.000000000000000000e+00,1.128647758228030571e-05,1.990090112532546062e-06,4.390878314430174119e-07,1.146899441952244737e-05
1.636000000000000000e+03,2.365619037300348282e-02,6.887289695441722870e-03,1.668270386289805174e-03,8.308317432800974700e+01,0.000000000000000000e+00,9.069100670872528018e-06,1.428364972999924879e-06,-6.352021448413172934e-07,9.202841693701171067e-06
1.637000000000000000e+03,2.336698676881870940e-02,6.626586084431540166e-03,8.326785755343735218e-04,8.231196471685032634e+01,0.000000000000000000e+00,8.832576369382586228e-06,1.215871318931814180e-06,-1.252221800899554857e-06,9.003377578654845234e-06
1.638000000000000000e+03,2.435214630750498488e-02,6.858673532670866643e-03,8.355918107554316521e-04,8.493905682001367552e+01,0.000000000000000000e+00,9.571965220909897662e-06,1.448004728727776155e-06,-1.302753658296794280e-06,9.768132010724073818e-06
1.639000000000000000e+03,2.437818702310323715e-02,6.045365007594227791e-03,1.663414994254708290e-03,8.500849872827569698e+01,0.000000000000000000e+00,9.663364241986458674e-06,8.151764703326560211e-07,-6.582736457131752899e-07,9.720002332495967113e-06
1.640000000000000000e+03,2.339302748441696167e-02,5.813277559354901314e-03,1.660501759033650160e-03,8.238140662511220569e+01,0.000000000000000000e+00,8.917191917952129563e-06,6.084875634866753450e-07,-6.338417031274564888e-07,8.960375222117220799e-06
1.641000000000000000e+03,2.408898341891846373e-02,5.784661396584045087e-03,8.278231834992766380e-04,8.423728911711627632e+01,0.000000000000000000e+00,9.413004675427491216e-06,6.044505241439466694e-07,-1.294554004280579320e-06,9.520813385722703046e-06
1.642000000000000000e+03,2.383337070090046222e-02,7.716079617739522549e-03,8.355918107554316521e-04,8.355565520240169519e+01,0.000000000000000000e+00,9.109248610121278077e-06,2.071068900533612343e-06,-1.275101485591326052e-06,9.428341340358395353e-06
1.643000000000000000e+03,4.595384234562516212e-03,6.719293305650353432e-03,1.699344895314425230e-03,3.225435795883344525e+01,0.000000000000000000e+00,4.504893257244171385e-07,2.321034573138891954e-07,-1.189147924229066525e-07,5.205318197244845883e-07
1.644000000000000000e+03,4.734007537812594951e-03,6.452027478247723477e-03,8.521001436747610569e-04,3.262402010083370385e+01,0.000000000000000000e+00,4.495629950033364846e-07,2.020611248052986265e-07,-2.512118434389729714e-07,5.532115101097946210e-07
1.645000000000000000e+03,3.269136313796643795e-03,6.100982663214049237e-03,8.389906142838299274e-04,2.871769683679112006e+01,0.000000000000000000e+00,2.529055932891632385e-07,9.546579763247091970e-08,-1.695230395924897639e-07,3.190815234187407314e-07
1.646000000000000000e+03,4.469075938686728477e-03,7.759401341900229454e-03,2.719720359891653061e-03,3.191753583649799353e+01,0.000000000000000000e+00,3.806128098536279891e-07,3.656598043741737707e-07,3.004795780927798390e-08,5.286549756960025854e-07
1.647000000000000000e+03,4.138006595894694328e-03,7.094129454344511032e-03,2.249946119263768196e-03,3.103468425571925593e+01,0.000000000000000000e+00,3.748094894104791064e-07,2.501416987490672942e-07,-3.428003211212627444e-08,4.519160800489639643e-07
1.648000000000000000e+03,4.911955678835511208e-03,7.653956068679690361e-03,1.902785734273493290e-03,3.309854847689475577e+01,0.000000000000000000e+00,4.500499221804802398e-07,3.920507419692743149e-07,-9.602542775013505323e-08,6.045408170735133919e-07
1.649000000000000000e+03,5.243025021627545357e-03,8.319227956235408783e-03,2.372559974901378155e-03,3.398140005767350402e+01,0.000000000000000000e+00,4.514599297010362321e-07,5.325761329938941861e-07,-2.333206941225066634e-08,6.985683867907655639e-07
1.650000000000000000e+03,2.344425301998853683e-03,7.754462305456399918e-03,2.501940936781466007e-03,2.625180080533031202e+01,0.000000000000000000e+00,1.402702237004822313e-07,1.622023316056123794e-07,-8.854809173371993055e-10,2.144437364712136727e-07
1.651000000000000000e+03,3.022237797267735004e-03,7.638904033228754997e-03,2.515050466172397137e-03,2.805930079271400501e+01,0.000000000000000000e+00,2.104208349019245819e-07,2.152832923209704132e-07,1.509526884217307784e-10,3.010379486046461268e-07
1.652000000000000000e+03,3.353307140059769154e-03,8.304175920784473419e-03,2.984824706800282001e-03,2.894215237349276038e+01,0.000000000000000000e+00,1.972168302836009282e-07,3.130370375739477262e-07,5.065897719398290612e-08,3.734340597890399725e-07
1.653000000000000000e+03,4.548946451731714427e-03,8.518806644351572394e-03,1.317018992267549038e-03,3.213052387128464460e+01,0.000000000000000000e+00,3.031630512831653635e-07,4.806048742198274970e-07,-1.757655432108615436e-07,5.947961053734166568e-07
1.654000000000000000e+03,4.217877108939680278e-03,7.853534756795853972e-03,8.472447516396641731e-04,3.124767229050587858e+01,0.000000000000000000e+00,2.952882123361696072e-07,3.518405409720105471e-07,-2.261752248513227628e-07,5.119981708489926219e-07
1.655000000000000000e+03,3.656192449852824211e-03,7.495070807635784149e-03,2.794910687953233719e-03,2.974984653294092141e+01,0.000000000000000000e+00,2.892698830586376504e-07,2.578135568528003804e-07,3.278883734514723931e-08,3.888701623888062474e-07
1.656000000000000000e+03,3.433329984545707703e-03,7.109552854672074318e-03,3.581483964808285236e-03,2.915554662545528330e+01,0.000000000000000000e+00,2.657217281948612477e-07,1.991605736514701445e-07,1.155162588181836500e-07,3.515920604669507832e-07
1.657000000000000000e+03,4.298075102269649506e-03,7.268809713423252106e-03,3.350367303937673569e-03,3.146153360605246974e+01,0.000000000000000000e+00,3.776603244874680623e-07,2.845776547172549906e-07,1.154239132236172313e-07,4.867591211268732404e-07
1.658000000000000000e+03,3.987261792644858360e-03,8.160342695191502571e-03,3.264684928581118584e-03,3.063269811371968387e+01,0.000000000000000000e+00,2.758546642360247808e-07,3.676479592749408012e-07,9.671457138769369836e-08,4.696962061359489258e-07
1.659000000000000000e+03,3.182306303642690182e-03,7.813584292307496071e-03,3.615471650846302509e-03,2.848615014304722592e+01,0.000000000000000000e+00,1.988197495229858743e-07,2.456209396686592071e-07,1.111726292965719401e-07,3.349899883710123093e-07
1.660000000000000000e+03,2.739594504237174988e-02,5.431939614936709404e-03,3.267097286880016327e-03,9.305585344632503109e+01,0.000000000000000000e+00,1.217986363214368077e-05,3.785191993327775762e-07,6.662473908394905776e-07,1.220394364407178909e-05
1.661000000000000000e+03,2.800109516829252243e-02,6.721485638990998268e-03,3.039887873455882072e-03,9.466958711544705807e+01,0.000000000000000000e+00,1.267651293057684107e-05,1.542337083922761913e-06,4.772456300044793140e-07,1.277891024895642520e-05
1.662000000000000000e+03,2.739743795245885849e-02,6.302655208855867386e-03,3.617246868088841438e-03,9.305983453989061616e+01,0.000000000000000000e+00,1.214652758775692971e-05,1.141949158793855843e-06,9.731734900022988797e-07,1.223884173290321898e-05
1.663000000000000000e+03,2.757742790779478537e-02,6.031859428773553647e-03,4.422228140756488332e-03,9.353980775411970683e+01,0.000000000000000000e+00,1.227598833518211082e-05,9.105662121486637622e-07,1.689976108138204926e-06,1.242517765178075642e-05
1.664000000000000000e+03,2.818108512362844931e-02,6.450689858908684529e-03,3.844869146123528533e-03,9.514956032967613453e+01,0.000000000000000000e+00,1.282795234466905837e-05,1.308135531773764016e-06,1.206272729871407023e-06,1.295077888875494884e-05
1.665000000000000000e+03,2.818257803371555792e-02,7.321405452827842511e-03,4.195018727332354078e-03,9.515354142324173381e+01,0.000000000000000000e+00,1.275979507957003014e-05,2.093490251065580942e-06,1.522023797921619097e-06,1.301966314254581317e-05
1.666000000000000000e+03,2.805046736565290633e-02,4.599668440934890495e-03,3.594365143217146449e-03,9.480124630840796840e+01,0.000000000000000000e+00,1.275126257707725902e-05,-3.594587198120907497e-07,9.760207455871395519e-07,1.279361263977600627e-05
1.667000000000000000e+03,2.749922591564117613e-02,5.024020216953629242e-03,4.422228140756488332e-03,9.333126910837677315e+01,0.000000000000000000e+00,1.222409992575286325e-05,2.111061214597242205e-08,1.685290038885512440e-06,1.233974339959721602e-05
1.668000000000000000e+03,2.758259475186502357e-02,4.005694117680955006e-03,4.422228140756488332e-03,9.355358600497362431e+01,0.000000000000000000e+00,1.228176396922582231e-05,-8.776437563777499952e-07,1.690508449243655168e-06,1.242858815698093162e-05
1.669000000000000000e+03,2.813383620187675377e-02,3.581342341662216260e-03,3.594365143217146449e-03,9.502356320500477693e+01,0.000000000000000000e+00,1.279656930314269767e-05,-1.277308054518371911e-06,9.790305577294290480e-07,1.289737192722763490e-05
1.670000000000000000e+03,2.706758771091699600e-02,2.715538255870342255e-03,2.499998779967427254e-03,9.218023389577875548e+01,0.000000000000000000e+00,1.182245951422234719e-05,-1.978946872556094922e-06,-5.884360170778005002e-09,1.198694349346490639e-05
1.671000000000000000e+03,2.731303498148918152e-02,7.106466917321085930e-03,3.063506679609417915e-03,9.283475995063818687e+01,0.000000000000000000e+00,1.204357148210863608e-05,1.840917251375918122e-06,4.861104054454936335e-07,1.219314945768140109e-05
1.672000000000000000e+03,2.670788485556840897e-02,5.816920893266797066e-03,3.290716093033552170e-03,9.122102628151614567e+01,0.000000000000000000e+00,1.157596077158719871e-05,6.980372976675775934e-07,6.696520698676194531e-07,1.161630568420695126e-05
1.673000000000000000e+03,2.651054922679988574e-02,5.647902460758240373e-03,4.422228140756488332e-03,9.069479793813330559e+01,0.000000000000000000e+00,1.136302188819096959e-05,5.496145170512778228e-07,1.624623769110315466e-06,1.149172506371514186e-05
1.674000000000000000e+03,2.711569935272065829e-02,6.937448484812529237e-03,4.195018727332354078e-03,9.230853160725544626e+01,0.000000000000000000e+00,1.184201275559353385e-05,1.681078397398224465e-06,1.464428527228305815e-06,1.205005566763900955e-05
1.675000000000000000e+03,2.642614625583020876e-02,6.451714169223458917e-03,3.868487952277064375e-03,9.046972334888087630e+01,0.000000000000000000e+00,1.129356658377906128e-05,1.227538771396192495e-06,1.151101991707182514e-06,1.141825439429531037e-05
1.676000000000000000e+03,2.810288313147484007e-02,5.442850647088760124e-03,3.844869146123528533e-03,9.494102168393312979e+01,0.000000000000000000e+00,1.278806075269412353e-05,3.981635035104405446e-07,1.203031497535385992e-06,1.285069324099621121e-05
1.677000000000000000e+03,2.651835507275204784e-02,4.376966337571340168e-03,4.422228140756488332e-03,9.071561352733907313e+01,0.000000000000000000e+00,1.137014939779653044e-05,-5.287243922494870789e-07,1.625237481479791259e-06,1.149787996468823737e-05
1.678000000000000000e+03,2.583665768177847988e-02,4.366284300471144283e-03,3.864829367958009295e-03,8.889775381807615418e+01,0.000000000000000000e+00,1.082808416524148124e-05,-5.240239856675463014e-07,1.122612546956638418e-06,1.089872775867406844e-05
1.679000000000000000e+03,2.602618746459484100e-02,5.806238856166601181e-03,2.733317320235073566e-03,8.940316657225325514e+01,0.000000000000000000e+00,1.101007067725816557e-05,6.712618975459258530e-07,1.883298117361816616e-07,1.103212205204898959e-05
1.680000000000000000e+03,2.671424765139818192e-02,5.421257577836513519e-03,2.709698514081537724e-03,9.123799373706216898e+01,0.000000000000000000e+00,1.159841105952843779e-05,3.599065621257602728e-07,1.731675592621914992e-07,1.160528581478429669e-05
1.681000000000000000e+03,2.731154207140207291e-02,6.235751323401927948e-03,2.713357098400592804e-03,9.283077885707263022e+01,0.000000000000000000e+00,1.209310317989969562e-05,1.079800588366776314e-06,1.801564713240785676e-07,1.214255204578087545e-05
1.682000000000000000e+03,2.574020380559319254e-02,5.021950243453871497e-03,4.422228140756488332e-03,8.864054348158211383e+01,0.000000000000000000e+00,1.072571176050414549e-05,1.805512646221292468e-08,1.577472815450898399e-06,1.084110876435132246e-05
1.683000000000000000e+03,2.505850641461962458e-02,5.011268206353675612e-03,3.864829367958009295e-03,8.682268377231928014e+01,0.000000000000000000e+00,1.020084199184922611e-05,8.951970342229830279e-09,1.088727603823474336e-06,1.025878088642966874e-05
1.684000000000000000e+03,2.582885183582631777e-02,5.637220423658044488e-03,3.864829367958009295e-03,8.887693822887048611e+01,0.000000000000000000e+00,1.082156137478412184e-05,5.265935865433139223e-07,1.122138067530298467e-06,1.089232230684571762e-05
1.685000000000000000e+03,2.537522464990615845e-02,6.058810278773307800e-03,1.314219494815915823e-03,8.766726573308336867e+01,0.000000000000000000e+00,1.044523240074682066e-05,8.594073590517156952e-07,-9.687327449935229752e-07,1.052520327811421040e-05
1.686000000000000000e+03,2.636629063636064529e-02,5.809488007798790932e-03,1.847115636337548494e-03,9.031010836362868588e+01,0.000000000000000000e+00,1.128894627225930025e-05,6.826830589985081648e-07,-5.569123189673620437e-07,1.132327317642819778e-05
1.687000000000000000e+03,2.503512147814035416e-02,6.055561127141118050e-03,2.200421178713440895e-03,8.676032394170798057e+01,0.000000000000000000e+00,1.019228110466782267e-05,8.453760518887274414e-07,-2.457961320618067122e-07,1.023023316079414920e-05
1.688000000000000000e+03,2.576899621635675430e-02,4.994994262233376503e-03,1.843457052018493414e-03,8.871732324361829569e+01,0.000000000000000000e+00,1.080110990017208124e-05,-4.427243217422711157e-09,-5.472336495028434508e-07,1.081496460203296560e-05
1.689000000000000000e+03,2.542363386601209641e-02,6.320910295471549034e-03,3.020756412297487259e-03,8.779635697603264077e+01,0.000000000000000000e+00,1.049312906778662769e-05,1.074462416294742561e-06,4.177551600876443741e-07,1.055626574556734329e-05
1.690000000000000000e+03,2.625515543113080691e-02,7.182205645356924684e-03,4.157609362155199537e-03,9.001374781634925171e+01,0.000000000000000000e+00,1.109303123002351483e-05,1.833360007694648516e-06,1.386483179252152235e-06,1.132867540334880762e-05
1.691000000000000000e+03,2.522629823724357317e-02,6.151891862962992341e-03,4.152268460020423421e-03,8.727012863264985754e+01,0.000000000000000000e+00,1.030080052908644673e-05,9.298031117479395523e-07,1.327930735517751456e-06,1.042758003589406489e-05
1.692000000000000000e+03,2.624750437552950122e-02,8.969079814851284999e-03,2.124858096084350847e-03,8.999334500141245030e+01,0.000000000000000000e+00,1.095201217590506417e-05,3.333441473486415572e-06,-3.214595996217368434e-07,1.145258656516164577e-05
1.693000000000000000e+03,2.714204415678977966e-02,7.836958393454551697e-03,3.352628089487552643e-03,9.237878441810647701e+01,0.000000000000000000e+00,1.183032583926935422e-05,2.463887345081046627e-06,7.341016370410462618e-07,1.210645511807816682e-05
1.694000000000000000e+03,2.774238307029008865e-02,7.765180431306362152e-03,2.516714856028556824e-03,9.397968818744053010e+01,0.000000000000000000e+00,1.237539278818544835e-05,2.454576479598832481e-06,8.271140891539423313e-09,1.261647180347357922e-05
1.695000000000000000e+03,2.666469011247479814e-02,8.226625655651700897e-03,4.157609362155199537e-03,9.110584029993320598e+01,0.000000000000000000e+00,1.134940852975740420e-05,2.753129736373157644e-06,1.408006346870364734e-06,1.176313220164848366e-05
1.696000000000000000e+03,2.614075011759996181e-02,9.040857776999474543e-03,4.157609362155199537e-03,8.970866698026704000e+01,0.000000000000000000e+00,1.081206199317135464e-05,3.380141480248608570e-06,1.380242323865481787e-06,1.141188458771238017e-05
1.697000000000000000e+03,2.502757108637852085e-02,9.121159647940026496e-03,3.803161967388147234e-03,8.674018956367658006e+01,0.000000000000000000e+00,9.906937758923937533e-06,3.300477120285336184e-06,1.037558460953538136e-06,1.049366916481628518e-05
1.698000000000000000e+03,2.798840403556823730e-02,3.321029129438102245e-03,1.912537321913987398e-03,9.463574409484873229e+01,0.000000000000000000e+00,1.266635033680363333e-05,-1.504028791122302727e-06,-5.322967232969178105e-07,1.276643541717119162e-05
1.699000000000000000e+03,2.904101867228746359e-02,3.238826313056052206e-03,8.181721786968410015e-04,9.744271645943325666e+01,0.000000000000000000e+00,1.358233273807325430e-05,-1.637091742459521802e-06,-1.569312388263355667e-06,1.377035124290308309e-05
1.700000000000000000e+03,2.894738536328077261e-02,4.082202816382050556e-03,1.094365143217146397e-03,9.719302763541547563e+01,0.000000000000000000e+00,1.354531256756039117e-05,-8.505522305913665266e-07,-1.308500506692955517e-06,1.363492226695440769e-05
1.701000000000000000e+03,2.894738536328077261e-02,3.556805990985225860e-03,2.608750583397678215e-03,9.719302763541544721e+01,0.000000000000000000e+00,1.355721847473016641e-05,-1.337074520629241274e-06,9.435550139770730469e-08,1.362331985992859440e-05
1.702000000000000000e+03,2.904101867228746359e-02,2.713429487659227077e-03,2.332557618877372820e-03,9.744271645943324245e+01,0.000000000000000000e+00,1.359344380731644678e-05,-2.125188278694360381e-06,-1.619188796435507981e-07,1.375951879558855727e-05
1.703000000000000000e+03,2.779824342387920283e-02,8.163137693639795772e-04,8.881868470784134995e-04,9.412864913034458425e+01,0.000000000000000000e+00,1.222539950414467300e-05,-3.721974815062491039e-06,-1.439618666180464500e-06,1.286024849930651580e-05
1.704000000000000000e+03,2.742646440331424768e-02,9.620548225939273834e-04,1.731061774990320934e-03,9.313723840883807270e+01,0.000000000000000000e+00,1.194835928135347598e-05,-3.544202930566758348e-06,-6.806310424333272810e-07,1.248150321657081600e-05
1.705000000000000000e+03,2.665327925576488344e-02,1.778368591957906961e-03,8.428749279119074345e-04,9.107541134870648136e+01,0.000000000000000000e+00,1.133948779369133188e-05,-2.748152766201051929e-06,-1.419063522188478298e-06,1.175372572121959862e-05
1.706000000000000000e+03,2.614075011759996181e-02,9.620548225939273834e-04,8.428749279119074345e-04,8.970866698026665631e+01,0.000000000000000000e+00,1.081173547062710539e-05,-3.378164979052473504e-06,-1.391686864012355189e-06,1.141237989378102791e-05
1.707000000000000000e+03,2.646066434681415558e-02,2.633967669680714607e-03,1.675067993346601725e-03,9.056177159150456646e+01,0.000000000000000000e+00,1.128552147255921682e-05,-2.003736069572755475e-06,-7.042464283183271934e-07,1.148363688802032585e-05
1.708000000000000000e+03,2.718176878988742828e-02,2.200881135649979115e-03,1.661047106608748436e-03,9.248471677303321314e+01,0.000000000000000000e+00,1.186826281529823166e-05,-2.435040475421900707e-06,-7.355885100230585986e-07,1.213779942271298139e-05
1.709000000000000000e+03,2.736093290150165558e-02,2.910739160142838955e-03,1.650365244131535292e-03,9.296248773733785242e+01,0.000000000000000000e+00,1.207984608022273433e-05,-1.829573572622935430e-06,-7.498654781903139418e-07,1.224060125218097203e-05
1.710000000000000000e+03,2.778869215399026871e-02,2.282451721839606762e-03,2.485977893229573965e-03,9.410317907730745901e+01,0.000000000000000000e+00,1.242070636854658248e-05,-2.416780330493033631e-06,-1.846313091699569788e-08,1.265366013241682267e-05
1.711000000000000000e+03,2.832673295800174768e-02,1.238826313056051731e-03,1.706359025775254501e-03,9.553795455467138709e+01,0.000000000000000000e+00,1.278535881794629634e-05,-3.409652174353032837e-06,-7.254003700768840583e-07,1.325206903659255677e-05
1.712000000000000000e+03,2.755354781045238344e-02,2.055140082420031308e-03,8.181721786968410015e-04,9.347612749453976733e+01,0.000000000000000000e+00,1.214628111153080575e-05,-2.596932950920574844e-06,-1.488809125723722742e-06,1.250970655949791945e-05
1.713000000000000000e+03,2.564542383894034827e-02,9.620548225939273834e-04,2.151160449283313729e-03,8.838779690384103560e+01,0.000000000000000000e+00,1.044359365863970800e-05,-3.314023114344918320e-06,-2.916635638115878080e-07,1.096067814250775353e-05
1.714000000000000000e+03,2.502582946328967689e-02,8.788403520599745791e-04,1.308285521371406078e-03,8.673554523543926109e+01,0.000000000000000000e+00,9.909441333566100339e-06,-3.300693568922992715e-06,-9.596000854911764933e-07,1.048868141871954113e-05
1.715000000000000000e+03,2.566190585954925690e-02,1.840895174653901963e-03,8.428749279119074345e-04,8.843174895879813846e+01,0.000000000000000000e+00,1.051604906770911988e-05,-2.594604726685611864e-06,-1.366283764256376887e-06,1.091723376165756377e-05
1.716000000000000000e+03,2.297837845981121063e-02,6.997992517426609993e-03,3.125858609564602375e-03,8.127567589283029292e+01,0.000000000000000000e+00,8.561586556556817699e-06,1.468989461124799747e-06,4.547491472428803400e-07,8.698591333614213062e-06
1.717000000000000000e+03,2.249478083103895187e-02,6.360479863360524178e-03,2.492230094503611326e-03,7.998608221610430746e+01,0.000000000000000000e+00,8.250121510473396020e-06,9.791003197413834459e-07,-1.086927430594138457e-08,8.308023863399612960e-06
1.718000000000000000e+03,2.327115833759307861e-02,6.043422734364867210e-03,3.311819978989660740e-03,8.205642223358188403e+01,0.000000000000000000e+00,8.820455304215630180e-06,7.768768395891515170e-07,5.991315737307973495e-07,8.874848057301985328e-06
1.719000000000000000e+03,2.344740834087133408e-02,6.338145118206739426e-03,2.484947035554796457e-03,8.252642224232393175e+01,0.000000000000000000e+00,8.951332419949886601e-06,1.003809539246976817e-06,-1.677563321645992772e-08,9.007456195030811002e-06
1.720000000000000000e+03,2.443256787955760956e-02,6.570232566446065903e-03,2.487860270775854588e-03,8.515351434548730936e+01,0.000000000000000000e+00,9.695244467982047873e-06,1.227447862548116790e-06,-1.521152231077501257e-08,9.772646772477835088e-06
1.721000000000000000e+03,2.129776254242544270e-02,8.168781679781909541e-03,1.469170907512307167e-03,7.679403344646821949e+01,0.000000000000000000e+00,7.263124374081019206e-06,2.159309069920944607e-06,-7.077452657443891745e-07,7.610288739200126489e-06
1.722000000000000000e+03,2.183859925663356877e-02,7.493882477941747264e-03,8.326785755343735218e-04,7.823626468435659831e+01,0.000000000000000000e+00,7.669932511210064086e-06,1.742430149712189144e-06,-1.170434538602295671e-06,7.951971111761933428e-06
1.723000000000000000e+03,2.113728411495685577e-02,7.383421529084444046e-03,2.285989816300570965e-03,7.636609097321863260e+01,0.000000000000000000e+00,7.240382866045620831e-06,1.611908815187454190e-06,-1.498443471588538193e-07,7.419154089502487739e-06
1.724000000000000000e+03,2.084568925148134327e-02,7.547202557983632640e-03,8.168189087882637978e-04,7.558850467061726874e+01,0.000000000000000000e+00,6.986672622431491668e-06,1.698771127143184484e-06,-1.127826568447214814e-06,7.278146085641898534e-06
1.725000000000000000e+03,2.167812082916498184e-02,6.708522327244281769e-03,1.649497484322637320e-03,7.780832221110701141e+01,0.000000000000000000e+00,7.644089765201758418e-06,1.184902289818661388e-06,-5.951279546491807670e-07,7.758239430262816314e-06
1.726000000000000000e+03,2.129467872085357566e-02,9.002500325441361445e-03,2.734529928466229547e-03,7.678580992227658442e+01,0.000000000000000000e+00,7.181761802056715348e-06,2.727252626466220503e-06,1.545194001760140591e-07,7.683715619092013852e-06
1.727000000000000000e+03,2.179467870295048043e-02,9.002500325441361445e-03,1.469170907512307167e-03,7.811914320786839028e+01,0.000000000000000000e+00,7.510079969835321836e-06,2.791151352688230982e-06,-7.243342253752290858e-07,8.044655809727659248e-06
1.728000000000000000e+03,2.100308385737806316e-02,9.166281354340548304e-03,1.265359020953922596e-03,7.600822361967522056e+01,0.000000000000000000e+00,6.939183506860219214e-06,2.799830655557110290e-06,-8.350477055745601194e-07,7.529184823887880639e-06
1.729000000000000000e+03,2.179467870295048043e-02,9.002500325441361445e-03,3.969170907512307653e-03,7.811914320786839028e+01,0.000000000000000000e+00,7.493090000432834290e-06,2.791416951753161204e-06,1.019237104633156959e-06,8.060846768707517518e-06
1.730000000000000000e+03,2.229600145732338334e-02,9.002500325441361445e-03,2.733628089992287159e-03,7.945600388619617149e+01,0.000000000000000000e+00,7.880143874304462463e-06,2.855489381441006367e-06,1.611731749717231116e-07,8.383105861170485944e-06
1.731000000000000000e+03,3.399952642418629066e-03,6.391073443990335536e-03,4.133818028494716176e-03,2.906654037978306349e+01,0.000000000000000000e+00,2.642917802385717442e-07,1.275309312594652170e-07,1.721595288239231450e-07,3.402252002636711674e-07
1.732000000000000000e+03,3.782883614100700752e-03,6.951271656032786440e-03,4.447665936313570031e-03,3.008768963760194026e+01,0.000000000000000000e+00,2.745631870892453616e-07,2.063670378736826811e-07,2.330763400215980212e-07,4.150865913315262753e-07
1.733000000000000000e+03,2.727127748201912949e-03,7.347736473046295388e-03,4.447665936313570031e-03,2.727234066187182293e+01,0.000000000000000000e+00,1.391743547788465433e-07,1.633956703351107286e-07,1.639309579277616095e-07,2.700759246572748343e-07
1.734000000000000000e+03,2.344196776519841263e-03,6.787538261003844484e-03,4.133818028494716176e-03,2.625119140405296037e+01,0.000000000000000000e+00,1.389188953286189432e-07,1.003618629807453943e-07,1.115979048952246224e-07,2.045117488001442582e-07
1.735000000000000000e+03,2.799375331960618496e-03,7.253386080265045166e-03,3.301623743027448654e-03,2.746500088522837046e+01,0.000000000000000000e+00,1.967852757515196756e-07,1.644633215550672894e-07,6.723250180448602604e-08,2.651279656852843518e-07
1.736000000000000000e+03,2.093173095616823742e-03,7.491569698639266237e-03,4.167805714532733449e-03,2.558179492164491364e+01,0.000000000000000000e+00,9.548903911778982917e-08,1.235519767119474835e-07,1.026384271226397525e-07,1.868633036828735791e-07
1.737000000000000000e+03,5.389944624155760741e-03,6.701883372497110906e-03,3.902701367624104075e-03,3.437318566441541634e+01,0.000000000000000000e+00,5.626342556290237985e-07,2.773327240114443587e-07,2.409322547751435120e-07,6.719517071976738026e-07
1.738000000000000000e+03,4.908130478113890624e-03,7.102824725788384023e-03,4.447665936313570031e-03,3.308834794163709603e+01,0.000000000000000000e+00,4.308814146879736578e-07,3.073290983450955661e-07,3.055941431413065552e-07,6.111446216202744311e-07
1.739000000000000000e+03,4.264697760142570869e-03,6.550330302741513323e-03,3.902701367624104075e-03,3.137252736038026413e+01,0.000000000000000000e+00,3.870088536978615424e-07,1.903085309837079364e-07,1.890899945882893818e-07,4.709014927339995508e-07
1.740000000000000000e+03,5.080278497189283371e-03,7.429037475958466530e-03,3.619841532781720161e-03,3.354740932583814583e+01,0.000000000000000000e+00,4.791583805330536199e-07,3.719676566670857033e-07,1.813089109330063582e-07,6.331078995125352801e-07
1.741000000000000000e+03,6.172148019075394607e-03,6.862111135032325331e-03,4.172175596468151101e-03,3.645906138420107112e+01,0.000000000000000000e+00,6.891217971235191880e-07,3.546370015580383600e-07,3.295997261565011412e-07,8.421948905255038494e-07
1.742000000000000000e+03,5.647577860818521478e-03,7.710827110538884428e-03,4.172175596468151101e-03,3.506020762884941178e+01,0.000000000000000000e+00,5.320951771657956164e-07,4.694612502492082678e-07,3.021114643716293133e-07,7.712266073946226760e-07
1.743000000000000000e+03,4.383560319857017495e-03,7.951540701294942254e-03,4.447665936313570031e-03,3.168949418628542603e+01,0.000000000000000000e+00,2.942901274948925066e-07,3.811220976445326193e-07,2.741990130771174529e-07,5.541171638077942720e-07
1.744000000000000000e+03,6.109835463731606159e-03,7.353588192418833783e-03,1.055540982633829117e-03,3.629289456995100238e+01,0.000000000000000000e+00,6.566811079484982499e-07,4.442870844887641364e-07,-2.854778890127390097e-07,8.426854194153137432e-07
1.745000000000000000e+03,6.839513429596145305e-03,7.105875945345183423e-03,8.089289185591042042e-04,3.823870247892313046e+01,0.000000000000000000e+00,8.134060486685906736e-07,4.496340563183599068e-07,-3.732832974010350680e-07,1.001569071372784288e-06
1.746000000000000000e+03,5.793264019458611164e-03,6.418925429389496853e-03,8.521001436747610569e-04,3.544870405188972740e+01,0.000000000000000000e+00,6.365253159607386451e-07,2.505724349053430011e-07,-3.082392975712298646e-07,7.503082616901640781e-07
1.747000000000000000e+03,7.446887053922070926e-03,9.095900338143111247e-03,2.802466791283162242e-03,3.985836547712559508e+01,0.000000000000000000e+00,8.010391777166984629e-07,9.654414210785651788e-07,7.002262310331751873e-08,1.256441033044333951e-06
1.748000000000000000e+03,7.397803793102755016e-03,8.746048547327519435e-03,2.083324703082265264e-03,3.972747678160738616e+01,0.000000000000000000e+00,8.323750372466389899e-07,8.759591596750236737e-07,-1.011354772374540882e-07,1.212592692047071744e-06
1.749000000000000000e+03,7.106548640877008438e-03,8.089661132544279099e-03,2.583611989393830299e-03,3.895079637567207698e+01,0.000000000000000000e+00,8.395133952049747320e-07,6.908822398919654764e-07,1.694248693654633348e-08,1.087376686337498460e-06
1.750000000000000000e+03,6.668125827238215869e-03,8.993760794401169795e-03,2.329936767156990177e-03,3.778166887263529361e+01,0.000000000000000000e+00,6.409758685601964688e-07,8.374209511110395599e-07,-3.850047439795992081e-08,1.055275414271120262e-06
1.751000000000000000e+03,7.378885569791895915e-03,7.923825637517523807e-03,8.089289185591042042e-04,3.967702818611180504e+01,0.000000000000000000e+00,8.724366700395925827e-07,6.797538436742867182e-07,-4.024992549122886349e-07,1.176952285109590543e-06
1.752000000000000000e+03,6.649207603927356769e-03,8.171537884591174167e-03,1.055540982633829117e-03,3.773122027713966276e+01,0.000000000000000000e+00,6.977680409730692441e-07,6.599445159584713930e-07,-3.106488525238110612e-07,1.009410576882081538e-06
1.753000000000000000e+03,8.612447883933782578e-03,7.421602727845311165e-03,2.373332856222987175e-03,4.296652769049017451e+01,0.000000000000000000e+00,1.276274693697182823e-06,6.621366104038857537e-07,-3.735759253532801067e-08,1.438296761565227268e-06
1.754000000000000000e+03,8.563364623114466667e-03,7.071750937029719353e-03,1.654190768022090197e-03,4.283563899497202954e+01,0.000000000000000000e+00,1.276407629308542982e-06,5.627180034854745061e-07,-2.344674974929421865e-07,1.414511574708505603e-06
1.755000000000000000e+03,8.394295588248501527e-03,8.746048547327519435e-03,2.075826186059244634e-03,4.238478823532940964e+01,0.000000000000000000e+00,1.083108073467366324e-06,9.994251713075583538e-07,-1.165285637445117458e-07,1.478361484218826456e-06
1.756000000000000000e+03,8.443378849067817438e-03,9.095900338143111247e-03,2.794968274260141612e-03,4.251567693084754040e+01,0.000000000000000000e+00,1.053586696640169269e-06,1.099893036707334966e-06,7.732482060482359284e-08,1.525053686732370459e-06
1.757000000000000000e+03,9.170516865440736520e-03,8.325702389702201861e-03,2.112159116963126422e-03,4.445471164117535778e+01,0.000000000000000000e+00,1.349370051178464381e-06,9.713965793503028709e-07,-1.164638469099643192e-07,1.666725735394971394e-06
1.758000000000000000e+03,2.481806480332919562e-02,1.023718272335827351e-03,2.795470768613857009e-03,8.618150614221129047e+01,0.000000000000000000e+00,9.784168490603723691e-06,-3.158077465049084483e-06,2.294428019182754240e-07,1.028377607336554769e-05
1.759000000000000000e+03,2.506376802921295166e-02,2.245536539703607559e-03,1.683807699009776115e-03,8.683671474456797057e+01,0.000000000000000000e+00,1.010234107449727140e-05,-2.209510511101295708e-06,-6.600163831369388225e-07,1.036218381955034392e-05
1.760000000000000000e+03,2.442769163295337165e-02,1.283481717109680176e-03,2.149218292469274975e-03,8.514051102120913583e+01,0.000000000000000000e+00,9.507840950680594727e-06,-2.905422135141201340e-06,-2.793574812154350505e-07,9.945780910975184080e-06
1.761000000000000000e+03,2.423640899360179901e-02,2.307199989445507526e-03,2.328118018340319395e-03,8.463042398293821122e+01,0.000000000000000000e+00,9.465418488728922017e-06,-2.088693850328478041e-06,-1.385293368236132113e-07,9.694120875269304476e-06
1.762000000000000000e+03,2.625515543113080691e-02,2.820706954236477677e-03,8.428749279119074345e-04,9.001374781634896749e+01,0.000000000000000000e+00,1.109253486442426053e-05,-1.831373030469913286e-06,-1.397975914019950249e-06,1.132928036334966041e-05
1.763000000000000000e+03,2.643431954274503420e-02,3.530564978729337517e-03,8.321930654346942902e-04,9.049151878065354992e+01,0.000000000000000000e+00,1.128444644306987082e-05,-1.243400752947207304e-06,-1.416626890715211587e-06,1.144078706673799534e-05
1.764000000000000000e+03,2.683244336737911073e-02,2.488226616450766801e-03,8.321930654346942902e-04,9.155318231301107801e+01,0.000000000000000000e+00,1.155735877168243510e-05,-2.157113061743427170e-06,-1.437850563331609963e-06,1.184453852123425049e-05
1.765000000000000000e+03,2.431339108198880827e-02,1.023718272335827351e-03,3.987185247242451200e-03,8.483570955197026819e+01,0.000000000000000000e+00,9.353711311048548504e-06,-3.093736414022836726e-06,1.151968754758154089e-06,9.919181029794117468e-06
1.766000000000000000e+03,2.485572082192003679e-02,1.912818271381767909e-03,3.987185247242451200e-03,8.628192219178684752e+01,0.000000000000000000e+00,9.880845893590685887e-06,-2.455566371096436318e-06,1.177565209894961526e-06,1.024927224730139473e-05
1.767000000000000000e+03,2.504700346127161290e-02,8.890999990459405589e-04,3.808285521371405913e-03,8.679200923005775792e+01,0.000000000000000000e+00,9.923637662724614435e-06,-3.294996562191704970e-06,1.043347263957268204e-06,1.050829007589287642e-05
1.768000000000000000e+03,2.460784651339054108e-02,3.364704083651304245e-03,1.670698111411184072e-03,8.562092403570831323e+01,0.000000000000000000e+00,9.818256940273483807e-06,-1.288035586802097334e-06,-6.584514406297005511e-07,9.924251272401581132e-06
1.769000000000000000e+03,2.520598434372684632e-02,2.960062718601598648e-03,8.297653403133153915e-04,8.721595824993841006e+01,0.000000000000000000e+00,1.023737684231963643e-05,-1.645805273601543261e-06,-1.352700812981204836e-06,1.045668968171653516e-05
1.770000000000000000e+03,2.444417365356228028e-02,2.162322069169654755e-03,8.409327710978686810e-04,8.518446307616625290e+01,0.000000000000000000e+00,9.570533023989051717e-06,-2.220080082803537479e-06,-1.302997868766117958e-06,9.910684203592355778e-06
1.771000000000000000e+03,2.584011065870838592e-02,1.023718272335827351e-03,3.002488987426066465e-03,8.890696175655578770e+01,0.000000000000000000e+00,1.060996966434200662e-05,-3.288100133654160867e-06,4.100638809973662604e-07,1.111535924537271714e-05
1.772000000000000000e+03,2.666746969431953856e-02,9.620548225939273834e-04,2.358178668095523185e-03,9.111325251818550441e+01,0.000000000000000000e+00,1.130072228883504873e-05,-3.446063325300627425e-06,-1.266340890840666960e-07,1.181514760313528192e-05
1.773000000000000000e+03,2.727439305842237899e-02,1.043625408783555031e-03,3.183109454716348714e-03,9.273171482245973607e+01,0.000000000000000000e+00,1.182800800131093711e-05,-3.453205346204137424e-06,5.904543907694216870e-07,1.233592464429429223e-05
1.774000000000000000e+03,2.606904931665079972e-02,8.890999990459405589e-04,4.015303740183615369e-03,8.951746484440224094e+01,0.000000000000000000e+00,1.075021691921234615e-05,-3.429422222766751667e-06,1.258609516677183264e-06,1.135395078849631964e-05
1.775000000000000000e+03,1.880815069528495899e-03,4.352109910172976756e-03,4.154210616834462175e-03,2.501550685207602953e+01,0.000000000000000000e+00,1.140714653578400358e-07,-2.671412604266498403e-08,8.199775402242364725e-08,1.430020118873513838e-07
1.776000000000000000e+03,8.969916294908281476e-04,4.992778988739111218e-03,3.838128480060177053e-03,2.239197767864224176e+01,0.000000000000000000e+00,4.754519835537319265e-08,-4.514817070644511324e-10,2.160655652267789972e-08,5.222636314306473218e-08
1.777000000000000000e+03,9.838234400376677513e-04,4.359330921433865642e-03,2.992339096894639124e-03,2.262352917343382330e+01,0.000000000000000000e+00,6.371794819236144554e-08,-1.132465881406174377e-08,9.152760859585612131e-09,6.536052210969649597e-08
1.778000000000000000e+03,9.838234400376677513e-04,3.859330921433865632e-03,4.154210616834462175e-03,2.262352917343380909e+01,0.000000000000000000e+00,4.453877103788153929e-08,-2.031190395738065317e-08,3.233948014110262295e-08,5.866956232779874753e-08
1.779000000000000000e+03,2.251687226817011833e-03,2.884505782276391983e-03,3.323472919873893261e-03,2.600449927151209195e+01,0.000000000000000000e+00,1.485944220935879913e-07,-1.162747685473504069e-07,5.244193545726617366e-08,1.958322768916589292e-07
1.780000000000000000e+03,9.838234400376677513e-04,3.333934096037040502e-03,3.168596057014993507e-03,2.262352917343380199e+01,0.000000000000000000e+00,5.532949602561449928e-08,-3.040503574630225510e-08,1.351505861976215984e-08,6.456373702534586665e-08
1.781000000000000000e+03,1.068307319656014442e-03,2.720698343938778192e-03,2.350462819243303615e-03,2.284881951908274900e+01,0.000000000000000000e+00,5.560746210025757706e-08,-4.740477055183673681e-08,-4.271884292909662212e-09,7.319597740119248195e-08
1.782000000000000000e+03,1.267863786779344082e-03,2.499778035445700437e-03,3.183647743219963390e-03,2.338097009807830418e+01,0.000000000000000000e+00,6.232410692321940193e-08,-6.423441351422337307e-08,2.094883732256933244e-08,9.191957336966159417e-08
1.783000000000000000e+03,1.525199506431818008e-03,5.774677321314811325e-03,2.971946508554893125e-03,2.406719868381822636e+01,0.000000000000000000e+00,1.082635394965020381e-07,2.452136017892189019e-08,1.578490597985024610e-08,1.121224970562455215e-07
1.784000000000000000e+03,2.309865690767765045e-02,2.043658401817083359e-03,2.526847645640373230e-03,8.159641842047388138e+01,0.000000000000000000e+00,8.580413230118611684e-06,-2.185436495455589593e-06,1.489657914701603362e-08,8.854368739968648754e-06
1.785000000000000000e+03,2.364842128008604050e-02,2.704856451600790024e-03,3.154990961775183678e-03,8.306245674689623115e+01,0.000000000000000000e+00,9.040451455970287115e-06,-1.737013935646693239e-06,4.905256124464842517e-07,9.218871694348072064e-06
1.786000000000000000e+03,2.229878188355383789e-02,1.872842352298239189e-03,3.539662398397922568e-03,7.946341835614373394e+01,0.000000000000000000e+00,7.965726989034624367e-06,-2.231551562573858677e-06,7.371057781766147323e-07,8.305176323744236494e-06
1.787000000000000000e+03,2.382690713985381042e-02,1.876620495152810531e-03,3.987185247242451200e-03,8.353841903961023263e+01,0.000000000000000000e+00,9.075883108040537226e-06,-2.381532277852565415e-06,1.128831496728075221e-06,9.450799475667363817e-06
1.788000000000000000e+03,2.284854625596222794e-02,2.534040402081945854e-03,4.167805714532733449e-03,8.092945668256609792e+01,0.000000000000000000e+00,8.394949916187368871e-06,-1.803056433863051377e-06,1.214474576740036035e-06,8.671859379425910256e-06
1.789000000000000000e+03,2.270828373730182648e-02,2.303421846590936184e-03,1.880595169495791197e-03,8.055542329947169833e+01,0.000000000000000000e+00,8.311531174698991669e-06,-1.959815730506320672e-06,-4.549900752602127902e-07,8.551575535193413493e-06
1.790000000000000000e+03,2.306400332599878311e-02,3.215741249732673168e-03,1.702866051346063614e-03,8.150400886933027778e+01,0.000000000000000000e+00,8.633386089989403137e-06,-1.317189607939975075e-06,-5.933879001881943632e-07,8.753425217717767474e-06
1.791000000000000000e+03,2.325804810971021652e-02,2.964619896374642849e-03,2.508738485630601645e-03,8.202146162589407652e+01,0.000000000000000000e+00,8.772196434520782997e-06,-1.515081925283232657e-06,1.422868627951361861e-09,8.902073104097394941e-06
1.792000000000000000e+03,2.247601561248302460e-02,3.613397711887955666e-03,2.529738994780927896e-03,7.993604163328825507e+01,0.000000000000000000e+00,8.235463636478096718e-06,-9.975226835416000593e-07,1.640938740563089236e-08,8.295672491120179885e-06
1.793000000000000000e+03,2.342383360826201522e-02,1.283481717109680176e-03,2.113657690889224859e-03,8.246355628869895327e+01,0.000000000000000000e+00,8.738835578832611549e-06,-2.786042284545413996e-06,-2.945254865506468692e-07,9.176928906086917229e-06
1.794000000000000000e+03,2.392301791161298430e-02,1.283481717109680176e-03,8.409327710978686810e-04,8.379471443096811356e+01,0.000000000000000000e+00,9.075063223981343408e-06,-2.845542643847685064e-06,-1.275122776966072109e-06,9.595823234801275267e-06
1.795000000000000000e+03,2.600474283099174500e-02,3.753135213628411293e-03,1.661958405748009682e-03,8.934598088264482385e+01,0.000000000000000000e+00,1.096714288311466054e-05,-1.037900573085268805e-06,-7.031400687796630869e-07,1.103856270420142771e-05
1.796000000000000000e+03,2.398052997887134552e-02,3.769158152863383293e-03,1.668755954597145319e-03,8.394807994365712034e+01,0.000000000000000000e+00,9.349068236760715590e-06,-9.448398804768625791e-07,-6.432006993722892281e-07,9.418678592829286315e-06
1.797000000000000000e+03,2.419513836503028870e-02,4.452797118574380875e-03,2.479606075212359428e-03,8.452036897341434951e+01,0.000000000000000000e+00,9.545165081032754305e-06,-4.239006770704219468e-07,-2.123310389594386757e-08,9.554596749883735658e-06
1.798000000000000000e+03,2.406064420938491821e-02,3.250602399930357933e-03,2.492715662810951471e-03,8.416171789169331419e+01,0.000000000000000000e+00,9.397155772080728668e-06,-1.347165815382375420e-06,-1.089445363357274360e-08,9.493235013840381058e-06
1.799000000000000000e+03,2.300081569664902750e-02,8.660254037844395628e-04,1.272724919791356178e-03,8.133550852439753953e+01,0.000000000000000000e+00,8.350291054946092884e-06,-3.043084091422634844e-06,-9.081073360747384497e-07,8.933777500229956773e-06
1.800000000000000000e+03,2.342301791161298732e-02,2.149507120894119522e-03,8.409327710978686810e-04,8.246138109763478496e+01,0.000000000000000000e+00,8.787288699966955348e-06,-2.136962175133196084e-06,-1.248560544045280918e-06,9.129181423690932226e-06
1.801000000000000000e+03,9.277879260480403900e-03,7.402623072266578674e-03,3.192477975971996784e-03,4.474101136128115286e+01,0.000000000000000000e+00,1.461080984784663927e-06,7.096551939969088060e-07,2.032473890759927272e-07,1.636972094946129819e-06
1.802000000000000000e+03,9.671695064753293991e-03,6.612474564462900162e-03,3.329784958623349667e-03,4.579118683934225231e+01,0.000000000000000000e+00,1.627972063486241491e-06,4.968396417064366636e-07,2.544991923994360049e-07,1.721020775003775643e-06
1.803000000000000000e+03,1.000501727685332298e-02,6.632425123825669289e-03,2.509668818674981594e-03,4.668004607160901287e+01,0.000000000000000000e+00,1.742733942598048825e-06,5.206731648531332843e-07,4.974321307794928069e-10,1.818851941945864445e-06
1.804000000000000000e+03,9.006263688206672668e-03,6.631454220041632652e-03,2.510639838874340057e-03,4.401670316855123843e+01,0.000000000000000000e+00,1.438627529901189794e-06,4.668545102580080124e-07,6.541517141865022462e-10,1.512482307814643048e-06
1.805000000000000000e+03,8.442654933780432275e-03,8.229874934358671901e-03,4.028071006760001668e-03,4.251374649008119633e+01,0.000000000000000000e+00,1.120296768151995425e-06,8.661891490055610750e-07,4.110048974125988975e-07,1.474541798757812245e-06
1.806000000000000000e+03,8.836470738053322366e-03,7.439726426554992521e-03,4.165377989411354551e-03,4.356392196814225315e+01,0.000000000000000000e+00,1.293880283241515732e-06,6.852918428878573700e-07,4.690535781233505398e-07,1.537453204634241722e-06
1.807000000000000000e+03,9.835224326699972680e-03,7.440697330339029157e-03,4.164406969211996087e-03,4.622726487120002048e+01,0.000000000000000000e+00,1.592267785563204821e-06,7.655724027890790294e-07,5.215190445490368570e-07,1.842118323746315845e-06
1.808000000000000000e+03,7.942654933780431831e-03,9.095900338143111247e-03,4.028071006760001668e-03,4.118041315674785352e+01,0.000000000000000000e+00,8.872804603082387993e-07,1.032607239465572900e-06,3.866951675136797226e-07,1.415301197208546105e-06
1.809000000000000000e+03,7.004232120141639685e-03,9.133974596215562597e-03,3.774395784523160678e-03,3.867795232037774866e+01,0.000000000000000000e+00,6.703638082834939583e-07,9.136212725507250526e-07,2.845588459796837008e-07,1.168360048075439960e-06
1.810000000000000000e+03,5.251279333606362343e-03,7.919629104435443878e-03,2.989194588735699654e-03,3.400341155628368028e+01,0.000000000000000000e+00,4.864299248363420525e-07,4.673015023716632387e-07,8.101697790095704932e-08,6.793736207738030617e-07
1.811000000000000000e+03,4.554561156274096467e-03,8.442132329771919602e-03,3.817018992267549090e-03,3.214549641673098535e+01,0.000000000000000000e+00,3.071856429379232952e-07,4.701006290677242673e-07,1.925920569305979882e-07,5.936744234593689417e-07
1.812000000000000000e+03,2.178166179463675994e-02,2.732924541171096941e-03,1.039662398397922516e-03,7.808443145236488192e+01,0.000000000000000000e+00,7.657871001136720574e-06,-1.580582845830444528e-06,-1.022607388486705844e-06,7.885870673145216160e-06
1.813000000000000000e+03,2.228526582568883876e-02,1.885965533265695571e-03,1.039662398397922516e-03,7.942737553517041249e+01,0.000000000000000000e+00,7.940024549578832889e-06,-2.221106933811507810e-06,-1.046161145183522622e-06,8.310942124755278356e-06
1.814000000000000000e+03,1.502640160101076719e-02,5.752004550126940327e-03,3.726423191837966494e-03,6.007040426936222843e+01,0.000000000000000000e+00,3.763626608199533239e-06,3.615482278912665750e-07,5.861545782373651822e-07,3.826118079284467259e-06
1.815000000000000000e+03,1.496262975337525961e-02,4.895402684164792614e-03,3.759258831851184420e-03,5.990034600900083461e+01,0.000000000000000000e+00,3.740636252059094127e-06,-5.017255568235262540e-08,5.994832727378908754e-07,3.788701235232851652e-06
1.816000000000000000e+03,1.420970528849618830e-02,5.861496465276627016e-03,8.032674668356776237e-04,5.789254743599005337e+01,0.000000000000000000e+00,3.356231846680228288e-06,3.913622778220241735e-07,-7.750040828798154274e-07,3.466711405590751230e-06
1.817000000000000000e+03,1.452629791241551865e-02,6.632449158779293863e-03,1.226423191837966442e-03,5.873679443310828674e+01,0.000000000000000000e+00,3.491084154772741201e-06,7.585418500578583877e-07,-5.956100442432680463e-07,3.621851134267941066e-06
1.818000000000000000e+03,1.370973290544415940e-02,6.673875318220764963e-03,8.032674668356776237e-04,5.655928774785129320e+01,0.000000000000000000e+00,3.099867975171758102e-06,7.339638273645402709e-07,-7.478327532357741365e-07,3.272176369052753132e-06
1.819000000000000000e+03,2.714587047616462065e-03,8.775753546506167430e-03,2.410930141491845514e-03,2.723889879364393352e+01,0.000000000000000000e+00,1.016279745045945205e-07,2.811794521762877308e-07,-8.726071297732568321e-09,2.991091336759158421e-07
1.820000000000000000e+03,3.723468885677377535e-03,9.325467161834240931e-03,2.893813911510661509e-03,2.992925036180639253e+01,0.000000000000000000e+00,1.267547817270009394e-07,4.780978116432173649e-07,4.665115188176563629e-08,4.968104489245255004e-07
1.821000000000000000e+03,2.918513396675209357e-03,8.978708758950234431e-03,3.244600633775845434e-03,2.778270239113391682e+01,0.000000000000000000e+00,8.996800643948073910e-08,3.264646287938537101e-07,6.884794845445421185e-08,3.455624922392335163e-07
1.822000000000000000e+03,2.422191135922646156e-03,5.767456310053922439e-03,4.133818028494716176e-03,2.645917636246042903e+01,0.000000000000000000e+00,1.645762714246850163e-07,4.508657598847378990e-08,1.133293324906122250e-07,2.048455175325634175e-07
1.823000000000000000e+03,3.090292847121333709e-03,4.754621822571017051e-03,3.904158072546124510e-03,2.824078092565694931e+01,0.000000000000000000e+00,2.544913964790083344e-07,-1.951668582943946828e-08,1.302481819248001117e-07,2.865507996888452247e-07
1.824000000000000000e+03,4.068054353617316619e-03,5.378238956507430148e-03,3.904158072546124510e-03,3.084814494297956600e+01,0.000000000000000000e+00,3.836535394527710833e-07,4.335744014623445837e-08,1.785855209170887802e-07,4.253971018141769660e-07
1.825000000000000000e+03,3.147010093984397953e-03,2.876872000580892041e-03,4.169262303039432058e-03,2.839202691729177985e+01,0.000000000000000000e+00,2.068185762006739284e-07,-1.786824769405366407e-07,1.639276155991881855e-07,3.187061564879388932e-07
1.826000000000000000e+03,4.625453242831117050e-03,5.881742906820163798e-03,4.185770694166422376e-03,3.233454198088303855e+01,0.000000000000000000e+00,4.472942527875838828e-07,1.187931774438145368e-07,2.472359896090443675e-07,5.246995351074404523e-07
1.827000000000000000e+03,3.908130478113891471e-03,8.834875533357263583e-03,4.447665936313570031e-03,3.042168127497042107e+01,0.000000000000000000e+00,1.512481433421654654e-07,4.404004712526361138e-07,2.471090208921981593e-07,5.271540990548181180e-07
1.828000000000000000e+03,4.079131314530970442e-03,9.325467161834240931e-03,3.817018992267549090e-03,3.087768350541597684e+01,0.000000000000000000e+00,1.421570939089988736e-07,5.293246945795512304e-07,1.742564897252324376e-07,5.751161585729853538e-07
1.829000000000000000e+03,3.552468049260298563e-03,8.834875533357263583e-03,3.524460855556682017e-03,2.947324813136084032e+01,0.000000000000000000e+00,1.553325416107711934e-07,3.952047441868565752e-07,1.170835475169510660e-07,4.404810386500364211e-07
1.830000000000000000e+03,3.385956392585843903e-03,8.016546629661135126e-03,4.447665936313570031e-03,2.902921704689564564e+01,0.000000000000000000e+00,1.674866848727091245e-07,2.839197544968943803e-07,2.109464175733378273e-07,3.913573912554252112e-07
1.831000000000000000e+03,3.122163485618363078e-03,9.181671096303871751e-03,4.076794919243112089e-03,2.832576929498232943e+01,0.000000000000000000e+00,5.415887646744035537e-08,3.729203171149061788e-07,1.607544768712562541e-07,4.096885996112765842e-07
1.832000000000000000e+03,2.752001740000754697e-03,8.160379855254105974e-03,4.167805714532733449e-03,2.733867130666872924e+01,0.000000000000000000e+00,1.140524290226244111e-07,2.305442398465333795e-07,1.450283379338976831e-07,2.952826136030455669e-07
1.833000000000000000e+03,2.274175825528801809e-03,8.978708758950234431e-03,4.167805714532733449e-03,2.606446886807682262e+01,0.000000000000000000e+00,1.789037726107715480e-08,2.380702605367985579e-07,1.228880153211089560e-07,2.685125301734798446e-07
1.834000000000000000e+03,1.000000000000001322e-03,9.366666666666665503e-03,4.331153861969926772e-03,2.266666666666668917e+01,0.000000000000000000e+00,-4.215959143404034877e-08,9.634313046199894026e-08,5.898574128250098902e-08,1.205767291468345424e-07
1.835000000000000000e+03,7.216878557320411530e-04,9.366666666666665503e-03,3.081153861969926962e-03,2.192450094861878185e+01,0.000000000000000000e+00,-1.590654784453953301e-08,6.542441257565439364e-08,1.163844277966660378e-08,6.832880341068211395e-08
1.836000000000000000e+03,1.995863681260841641e-03,8.978708758950234431e-03,2.917805714532733206e-03,2.532230315002892240e+01,0.000000000000000000e+00,3.655083215291875589e-08,2.032794574590929361e-07,2.552291106252983272e-08,2.081103556890906503e-07
1.837000000000000000e+03,1.274175825528800488e-03,8.345375425616899726e-03,3.498959576502659683e-03,2.339780220141013700e+01,0.000000000000000000e+00,3.389662097544795991e-08,9.077365820537439392e-08,3.422613102035212744e-08,1.027631547888717819e-07
1.838000000000000000e+03,2.749633600281355117e-02,3.144504746858497145e-03,8.321930654346942902e-04,9.332356267416960804e+01,0.000000000000000000e+00,1.218031259215759982e-05,-1.633026921152606545e-06,-1.473496759439760820e-06,1.237731733728927420e-05
1.839000000000000000e+03,2.821744044588682387e-02,2.711418212827761652e-03,8.181721786968410015e-04,9.524650785569824052e+01,0.000000000000000000e+00,1.279364959151840428e-05,-2.066903835606584964e-06,-1.524753183380688261e-06,1.304892461494179163e-05
1.840000000000000000e+03,2.525983745725493557e-02,3.837532427991228665e-03,4.151782891713083276e-03,8.735956655267999338e+01,0.000000000000000000e+00,1.032752462158175500e-05,-9.396944841459105099e-07,1.329550545312688151e-06,1.045507030992393151e-05
1.841000000000000000e+03,2.477195858955383301e-02,4.981548991054296494e-03,2.192652551457285881e-03,8.605855623881046768e+01,0.000000000000000000e+00,1.000030674686237812e-05,-1.488759905946801131e-08,-2.492599736402080466e-07,1.000342377420881127e-05
1.842000000000000000e+03,2.467741467822680973e-02,3.801659940281927608e-03,8.297653403133153915e-04,8.580643914193835542e+01,0.000000000000000000e+00,9.859112509696793582e-06,-9.467105768871511904e-07,-1.324424312380303892e-06,9.992620284713807520e-06
1.843000000000000000e+03,2.391560398806224369e-02,3.003919290849983714e-03,8.409327710978686810e-04,8.377494396816615563e+01,0.000000000000000000e+00,9.226637722350539643e-06,-1.528009421886503623e-06,-1.274910147973423527e-06,9.438805662703386059e-06
1.844000000000000000e+03,2.405009814370761417e-02,4.206114009494006656e-03,8.278231834992766380e-04,8.413359504988716253e+01,0.000000000000000000e+00,9.382819897383822653e-06,-6.113855606840889130e-07,-1.292296729778753189e-06,9.491108068521378959e-06
1.845000000000000000e+03,2.411267662825936076e-02,5.001557538698803672e-03,4.161493675783277044e-03,8.430047100869191468e+01,0.000000000000000000e+00,9.442423029239019151e-06,1.150541002886387343e-09,1.276533126480827855e-06,9.528320461122772664e-06
1.846000000000000000e+03,2.376151888155893926e-02,5.766335812306918815e-03,4.161493675783277044e-03,8.336405035082414372e+01,0.000000000000000000e+00,9.164045575710227487e-06,5.826494084074312280e-07,1.257857733858584727e-06,9.268301771383987586e-06
1.847000000000000000e+03,2.324706085412740764e-02,4.973299276573141595e-03,4.161493675783277044e-03,8.199216227767331588e+01,0.000000000000000000e+00,8.786487659797466998e-06,-1.991347232689170231e-08,1.230701179048930199e-06,8.872281968820970141e-06
1.848000000000000000e+03,1.525199506431818008e-03,6.800074146711637332e-03,3.148203468675247509e-03,2.406719868381821925e+01,0.000000000000000000e+00,9.548645822153703956e-08,5.851419356890745792e-08,2.364774006401702389e-08,1.144586832129752587e-07
1.849000000000000000e+03,5.140644731000065804e-03,6.199280964210629463e-03,3.088472061790525913e-03,3.370838594933358934e+01,0.000000000000000000e+00,5.644279709217147575e-07,1.844078651254618643e-07,9.497040370040421409e-08,6.013356572314271148e-07
1.850000000000000000e+03,5.750700106844306922e-03,6.033295976575761381e-03,4.185770694166422376e-03,3.533520028491820142e+01,0.000000000000000000e+00,6.404085111196276281e-07,1.808402704414959094e-07,3.091849318464600486e-07,7.337721626013838565e-07
1.851000000000000000e+03,2.752523403406464952e-02,7.981868495107305450e-03,4.195018727332354078e-03,9.340062409083942896e+01,0.000000000000000000e+00,1.211784748056551786e-05,2.626401180384435226e-06,1.486441833677349689e-06,1.248798302559219912e-05
1.852000000000000000e+03,1.866502758897118849e-02,3.406351095393567348e-03,8.355918107554316521e-04,6.977340690392337308e+01,0.000000000000000000e+00,5.672339994581366901e-06,-9.523114526202350136e-07,-9.982445379177768388e-07,5.837707621524195273e-06
1.853000000000000000e+03,1.916453721451430448e-02,4.226986105862290573e-03,8.355918107554316521e-04,7.110543257203836731e+01,0.000000000000000000e+00,6.005759716455226994e-06,-4.744873657747291358e-07,-1.025046220726816191e-06,6.111056192402631328e-06
1.854000000000000000e+03,2.899980112910270635e-02,6.450781847932745769e-03,2.859254586304060299e-03,9.733280301094075071e+01,0.000000000000000000e+00,1.360364601865990594e-05,1.346121455370972184e-06,3.266846301375914211e-07,1.367398810958894013e-05
1.855000000000000000e+03,2.918128399452574184e-02,7.050701661769590012e-03,4.014385440180531436e-03,9.781675731873545487e+01,0.000000000000000000e+00,1.370460179693495178e-05,1.914875006422120823e-06,1.407330197367762664e-06,1.390911337890363210e-05
1.856000000000000000e+03,2.899980112910270635e-02,5.925385022535921073e-03,3.844869146123528533e-03,9.733280301094075071e+01,0.000000000000000000e+00,1.359696078916260700e-05,8.586616310147678882e-07,1.241384667794757519e-06,1.368048531273793151e-05
1.857000000000000000e+03,2.794718649238348007e-02,5.007587838917970657e-03,2.439234289340674877e-03,9.452583064635622634e+01,0.000000000000000000e+00,1.268014217079697608e-05,6.547848723172014695e-09,-6.066207989765311803e-08,1.268028896492048738e-05
1.858000000000000000e+03,2.899980112910270635e-02,5.425385022535920629e-03,2.682997626183705915e-03,9.733280301094067966e+01,0.000000000000000000e+00,1.363591650224055238e-05,3.945413733360986919e-07,1.632284090217019227e-07,1.364259965200408317e-05
1.859000000000000000e+03,2.448168619009608027e-02,4.482516333873759994e-03,4.151782891713083276e-03,8.528449650692311934e+01,0.000000000000000000e+00,9.725558973699706644e-06,-4.054577381904815956e-07,1.288520105583021682e-06,9.818919359627164103e-06
1.860000000000000000e+03,2.381420677863783919e-02,1.023718272335827351e-03,2.759910167033806892e-03,8.350455140970100842e+01,0.000000000000000000e+00,9.003358776558841443e-06,-3.030352317725351967e-06,1.930705972014144717e-07,9.501619897916683912e-06
1.861000000000000000e+03,2.637446392327547073e-02,4.171034554019570351e-03,1.310820749495178461e-03,9.033190379540141635e+01,0.000000000000000000e+00,1.127940821343856994e-05,-6.999897008079714740e-07,-1.009534048044696322e-06,1.134610921068470146e-05
1.862000000000000000e+03,2.448306325823068619e-02,4.982034442946314812e-03,3.026323043741285801e-03,8.528816868861545686e+01,0.000000000000000000e+00,9.769894994430186535e-06,-1.424771387763916007e-08,4.067895237033122830e-07,9.778370463228396031e-06
1.863000000000000000e+03,2.388050965964794159e-02,5.496705882251262665e-03,3.313762135803699493e-03,8.368135909239478565e+01,0.000000000000000000e+00,9.293586856597552115e-06,3.794312684915211994e-07,6.163713285879265277e-07,9.321729365484555943e-06
1.864000000000000000e+03,2.482633944600820541e-02,5.506416549906134605e-03,3.017097827978432178e-03,8.620357185602217953e+01,0.000000000000000000e+00,1.003677705898671438e-05,4.021462697769707259e-07,4.051117534342173706e-07,1.005299611493350169e-05
1.865000000000000000e+03,2.382612880319356918e-02,4.971838323399424553e-03,2.489316859282553196e-03,8.353634347518311642e+01,0.000000000000000000e+00,9.266426199477754299e-06,-2.170053532264497189e-08,-1.356337414216803202e-08,9.266461535490185634e-06
1.866000000000000000e+03,2.416940499097108841e-02,5.496220430359244347e-03,2.480091643519699574e-03,8.445174664258985331e+01,0.000000000000000000e+00,9.526104298326685648e-06,3.835584432916068596e-07,-2.094615887290177534e-08,9.533845967058098497e-06
1.867000000000000000e+03,2.390624303370714188e-02,4.453282570466399193e-03,3.313276567496359348e-03,8.374998142321935291e+01,0.000000000000000000e+00,9.312438942640303546e-06,-4.183818694392858135e-07,6.167754105028577527e-07,9.342214638728878678e-06
1.868000000000000000e+03,1.856756334006786149e-02,1.744081973275021314e-03,1.042431453242897987e-03,6.951350224018115398e+01,0.000000000000000000e+00,5.495618572313049382e-06,-1.935007772772492279e-06,-8.699530755447049337e-07,5.890916475956162498e-06
1.869000000000000000e+03,1.806756334006786452e-02,8.780565694905817509e-04,1.042431453242897987e-03,6.818016890684774012e+01,0.000000000000000000e+00,5.100274016103872371e-06,-2.383629203775237254e-06,-8.464233660160351932e-07,5.693058557135383055e-06
1.870000000000000000e+03,1.906756334006786194e-02,8.780565694905817509e-04,1.042431453242897987e-03,7.084683557351445415e+01,0.000000000000000000e+00,5.694460982299480767e-06,-2.515506455293458067e-06,-8.932899823780581887e-07,6.289087819244632882e-06
1.871000000000000000e+03,2.742471549987145901e-02,4.159293263953625988e-03,8.321930654346942902e-04,9.313257466632404658e+01,0.000000000000000000e+00,1.216115434261782784e-05,-7.382051927785057253e-07,-1.469766763637933886e-06,1.227187174766393691e-05
1.872000000000000000e+03,2.381911304593086268e-02,8.965113777667284983e-03,1.466307090595364571e-03,8.351763478914946859e+01,0.000000000000000000e+00,8.992226897003843532e-06,3.021926245379878229e-06,-7.937339781645308876e-07,9.519569130365512422e-06
1.873000000000000000e+03,1.589506174623966234e-02,8.751747775822878855e-03,8.532400242984294891e-04,6.238683132330603343e+01,0.000000000000000000e+00,3.956856927829927434e-06,1.908050367807333410e-06,-8.416692171192843253e-07,4.472782134695538953e-06
1.874000000000000000e+03,1.539503922536627004e-02,7.917105769807432011e-03,8.532400242984294891e-04,6.105343793431031685e+01,0.000000000000000000e+00,3.795690385846847967e-06,1.436836298182931917e-06,-8.151453563089886513e-07,4.139592492613051543e-06
1.875000000000000000e+03,1.539506535550391741e-02,8.751747775822878855e-03,2.118606576361259375e-03,6.105350761467730791e+01,0.000000000000000000e+00,3.747846652020616958e-06,1.848129235529951031e-06,-1.918646688945249642e-07,4.183150517188292032e-06
1.876000000000000000e+03,1.499998108839086311e-02,9.165357993984553364e-03,1.265366552062830103e-03,5.999994956904249932e+01,0.000000000000000000e+00,3.480972698369620682e-06,1.999134884481905807e-06,-5.965162455981158859e-07,4.058268453960338410e-06
1.877000000000000000e+03,1.460481481626629829e-02,7.079215953126549721e-03,1.656507491134107113e-03,5.894617284337707019e+01,0.000000000000000000e+00,3.515718283830901632e-06,9.714961629091143062e-07,-3.978554992991633764e-07,3.669110088854328772e-06
1.878000000000000000e+03,1.420973054915324399e-02,7.492826171288225964e-03,8.032674668356776237e-04,5.789261479774223318e+01,0.000000000000000000e+00,3.268393180889928550e-06,1.133199810872873337e-06,-7.751300102122587437e-07,3.545047577816376332e-06
1.879000000000000000e+03,1.489504158165718545e-02,7.098154916739971010e-03,8.532400242984294891e-04,5.972011088441941951e+01,0.000000000000000000e+00,3.619250313626834328e-06,9.997810483544631843e-07,-7.886289994432289521e-07,3.836726557379287513e-06
1.880000000000000000e+03,1.656254008412361145e-02,7.078377762809395790e-03,1.684462011326104403e-03,6.416677355766324808e+01,0.000000000000000000e+00,4.492713579907158323e-06,1.101337420786252350e-06,-4.362978422150814278e-07,4.646264653743676597e-06
1.881000000000000000e+03,1.666747497712020576e-02,6.673039645067513695e-03,8.312219870276749134e-04,6.444659993898750372e+01,0.000000000000000000e+00,4.538766441844957913e-06,8.920258399784952348e-07,-8.941019809595785607e-07,4.711213141555275006e-06
1.882000000000000000e+03,1.639505733927892547e-02,7.917106496804448418e-03,8.532400242984294891e-04,6.372015290474408289e+01,0.000000000000000000e+00,4.304347764580198579e-06,1.530180169365256210e-06,-8.680590491898935604e-07,4.649987907731126462e-06
1.883000000000000000e+03,1.716747393092321258e-02,7.491988707968089307e-03,8.312219870276749134e-04,6.577993048246220553e+01,0.000000000000000000e+00,4.754789604823678311e-06,1.368711656911130316e-06,-9.209876942467021474e-07,5.032853476792025703e-06
1.884000000000000000e+03,1.641781079285102238e-02,1.270857639610767365e-03,2.102444480554569416e-03,6.378082878093617580e+01,0.000000000000000000e+00,4.270988880875669184e-06,-1.959571613471167256e-06,-2.122678343009744556e-07,4.703862727840218542e-06
1.885000000000000000e+03,1.756756762676196446e-02,8.780565694905817509e-04,2.307827476327676229e-03,6.684684700469868801e+01,0.000000000000000000e+00,4.848860878911404095e-06,-2.317549150493146430e-06,-1.116487426692103310e-07,5.375402434211655283e-06
1.886000000000000000e+03,1.683246074877934803e-02,1.673369552008807659e-03,2.934172874232191496e-03,6.488656199674510106e+01,0.000000000000000000e+00,4.536765931036023142e-06,-1.792150279925209770e-06,2.303117776022497591e-07,4.883348364979450459e-06
1.887000000000000000e+03,1.700000428669410160e-02,8.660254037844395628e-04,1.265396023084778025e-03,6.533334476451767614e+01,0.000000000000000000e+00,4.509308011869229990e-06,-2.249361173167382697e-06,-6.750973129056350212e-07,5.084214867130753296e-06
1.888000000000000000e+03,1.756756334006786407e-02,1.744081973275021314e-03,1.042431453242897987e-03,6.684683557351441152e+01,0.000000000000000000e+00,4.917443434099962946e-06,-1.830844506673275985e-06,-8.230892674155917741e-07,5.311376231949991018e-06
1.889000000000000000e+03,2.084433725293146494e-02,1.593527733348309994e-03,2.934770915326257237e-03,7.558489934115070241e+01,0.000000000000000000e+00,6.946674498979217041e-06,-2.272396218453079708e-06,2.855898233596045007e-07,7.314481028454075112e-06
1.890000000000000000e+03,1.766530216521792693e-02,3.406351095393567348e-03,8.355918107554316521e-04,6.710747244058133276e+01,0.000000000000000000e+00,5.091242215990982797e-06,-9.013461330570692776e-07,-9.447827389073547158e-07,5.256023837198894473e-06
1.891000000000000000e+03,1.806732897496991438e-02,2.591131092842935586e-03,1.042431453242897987e-03,6.817954393325327089e+01,0.000000000000000000e+00,5.279209647389966503e-06,-1.393163927283360228e-06,-8.466058260962604586e-07,5.525187929306932338e-06
1.892000000000000000e+03,2.228608152233786666e-02,1.019940129481256008e-03,2.312387318189278694e-03,7.942955072623446711e+01,0.000000000000000000e+00,7.876145108181789798e-06,-2.838663461769318459e-06,-1.384587983216650674e-07,8.373221772600603462e-06
1.893000000000000000e+03,1.833079848438501358e-02,3.386553144082427025e-03,1.671183621510863304e-03,6.888212929169360166e+01,0.000000000000000000e+00,5.507003727485378287e-06,-9.467943271182831178e-07,-4.902244120196915260e-07,5.609262832720648517e-06
1.894000000000000000e+03,1.916526195406913560e-02,2.559301975825652858e-03,8.355918107554316521e-04,7.110736521085118511e+01,0.000000000000000000e+00,5.920416021487151184e-06,-1.497315741407354528e-06,-1.024903477257247862e-06,6.192229601253654918e-06
1.895000000000000000e+03,2.712318834973249937e-02,6.054584471913232457e-03,1.344869146123528481e-03,9.232850226595354570e+01,0.000000000000000000e+00,1.191477526202882886e-05,9.149645845651172882e-07,-1.008837298179321287e-06,1.199236350474168779e-05
1.896000000000000000e+03,2.774089016020298004e-02,6.894464837387204170e-03,2.166565274819731712e-03,9.397570709387491661e+01,0.000000000000000000e+00,1.243713072440350698e-05,1.681465548187327773e-06,-3.024674325753012142e-07,1.255392502739327616e-05
1.897000000000000000e+03,2.819140073333925578e-02,6.429156434681228618e-03,1.344869146123528481e-03,9.517706862223823805e+01,0.000000000000000000e+00,1.284529426637681766e-05,1.288922519444782409e-06,-1.048595359377280974e-06,1.295231478457239343e-05
1.898000000000000000e+03,2.793268863533682200e-02,7.472851226996592502e-03,8.216961286962032318e-04,9.448716969423175271e+01,0.000000000000000000e+00,1.252398449281298978e-05,2.209937821753225410e-06,-1.506723160616490970e-06,1.280641352740781116e-05
1.899000000000000000e+03,2.793412432029878517e-02,2.542764934063720776e-03,4.167805714532733449e-03,9.449099818746346102e+01,0.000000000000000000e+00,1.252778541264005680e-05,-2.196556436364373892e-06,1.484784668940037407e-06,1.280526661324980520e-05
1.900000000000000000e+03,2.380008808759531691e-02,4.187176926815379570e-03,4.161493675783277044e-03,8.346690156692106655e+01,0.000000000000000000e+00,9.192220169338360497e-06,-6.191021017537068866e-07,1.260068082305352053e-06,9.298815549629505770e-06
1.901000000000000000e+03,2.700193505734205246e-02,4.581324523314833641e-03,1.572992827277630568e-03,9.200516015291232463e+01,0.000000000000000000e+00,1.183240721910561191e-05,-3.620909980195502638e-07,-8.070590984900126220e-07,1.186542518741089645e-05
1.902000000000000000e+03,2.899980112910270635e-02,5.925385022535921073e-03,1.344869146123528481e-03,9.733280301094060860e+01,0.000000000000000000e+00,1.360400626634032701e-05,8.583955800437880739e-07,-1.078599626368541974e-06,1.367366836735731171e-05
1.903000000000000000e+03,2.810460239975997448e-02,5.412765439402758907e-03,1.344869146123528481e-03,9.494560639936007362e+01,0.000000000000000000e+00,1.279706424280123169e-05,3.708647575846901919e-07,-1.045259860035845004e-06,1.284503647631264538e-05
1.904000000000000000e+03,2.466473484816902526e-02,6.044292920787443409e-03,8.355918107554316521e-04,8.577262626178443838e+01,0.000000000000000000e+00,9.854943754134233103e-06,8.238269746140964192e-07,-1.319383874725295649e-06,9.976942472027003459e-06
1.905000000000000000e+03,2.715935096471854687e-02,4.986502123799621891e-03,4.786276840604841709e-04,9.242493590591624297e+01,0.000000000000000000e+00,1.191975881911852152e-05,-1.217697068097657244e-08,-1.762917883631244378e-06,1.204942646141282559e-05
1.906000000000000000e+03,5.317137400024327457e-03,7.252437513889165195e-03,8.521001436747610569e-04,3.417903306673159136e+01,0.000000000000000000e+00,5.069042025577938164e-07,3.623405531220118617e-07,-2.834967318721426742e-07,6.845530980060669664e-07
1.907000000000000000e+03,5.633708844297322452e-03,8.187100276918501257e-03,1.055540982633829117e-03,3.502322358479290898e+01,0.000000000000000000e+00,4.982077326535566898e-07,5.527947438170627133e-07,-2.641161109120758490e-07,7.896520079825605561e-07
1.908000000000000000e+03,6.989546016972419257e-03,9.177777090190006315e-03,1.274395784523160843e-03,3.863878937859318086e+01,0.000000000000000000e+00,6.625851823038603101e-07,9.213009173912173229e-07,-2.773266356961445413e-07,1.168214264191753819e-06
1.909000000000000000e+03,6.163893707096577620e-03,8.993760794401169795e-03,1.055540982633829117e-03,3.643704988559094460e+01,0.000000000000000000e+00,5.063119396531366549e-07,7.694121659667657900e-07,-2.887146892031411175e-07,9.652476537835550811e-07
1.910000000000000000e+03,7.880791505246337661e-03,7.099317047090302965e-03,8.089289185591042042e-04,4.101544401399034712e+01,0.000000000000000000e+00,1.060274875082288040e-06,5.223652686638411865e-07,-4.295976450440165593e-07,1.257617756420595977e-06
1.911000000000000000e+03,6.834542095108803519e-03,6.412366531134616396e-03,8.521001436747610569e-04,3.822544558695689432e+01,0.000000000000000000e+00,8.514762598112890905e-07,3.006057757290397387e-07,-3.633131117148873350e-07,9.733304015429878436e-07
1.912000000000000000e+03,4.968288500613079160e-03,8.700215966315591638e-04,3.803153609829114812e-03,3.324876933496823739e+01,0.000000000000000000e+00,2.884947079593640606e-07,-6.293227772049398217e-07,2.093053841866112816e-07,7.232462224436448099e-07
1.913000000000000000e+03,5.664761538657300984e-03,1.395155675709247589e-03,2.978727951618002738e-03,3.510603076975283443e+01,0.000000000000000000e+00,4.902030131533724739e-07,-6.322896164785126182e-07,8.642356401825845707e-08,8.047100009499124679e-07
1.914000000000000000e+03,6.171176882460713449e-03,1.395155675709247589e-03,4.175574341788888463e-03,3.645647168656194026e+01,0.000000000000000000e+00,5.439807878137929134e-07,-6.938295340761429847e-07,3.317939380237162605e-07,9.420200301353034187e-07
1.915000000000000000e+03,7.599278100244820366e-03,1.714687165508110584e-03,3.542431453242898039e-03,4.026474160065292551e+01,0.000000000000000000e+00,9.183082385744982796e-07,-7.894532972599158852e-07,2.526340558313546307e-07,1.237073359083506868e-06
1.916000000000000000e+03,6.105409533046409973e-03,2.681663999946169198e-03,1.051656669005751610e-03,3.628109208812384168e+01,0.000000000000000000e+00,6.580915238862489360e-07,-4.378195862354072571e-07,-2.854811567875446560e-07,8.403986760954726795e-07
1.917000000000000000e+03,5.791265581064150222e-03,3.619239939988903344e-03,8.535567903891205788e-04,3.544337488283779436e+01,0.000000000000000000e+00,6.376361053364033073e-07,-2.445029363566404780e-07,-3.074678964860791517e-07,7.489312358856255187e-07
1.918000000000000000e+03,6.773996696137115844e-03,3.627979587444416822e-03,8.453025948256254196e-04,3.806399118969902418e+01,0.000000000000000000e+00,8.394141574537215250e-07,-2.899026053859131822e-07,-3.613347141987197734e-07,9.587608794836970025e-07
1.919000000000000000e+03,2.812380713688013290e-02,3.554794716153760435e-03,1.094365143217146397e-03,9.499681903168050212e+01,0.000000000000000000e+00,1.277333056991992055e-05,-1.301010673502815467e-06,-1.271220221404607924e-06,1.290219374650400311e-05
1.920000000000000000e+03,2.705435082316398621e-02,5.424506729468703270e-03,1.823496830184012651e-03,9.214493552843755708e+01,0.000000000000000000e+00,1.188414526711037967e-05,3.672094466302417128e-07,-5.918440217236906687e-07,1.190453824612809610e-05
1.921000000000000000e+03,1.777194254100322723e-02,7.452456979081034660e-03,2.303840999957174063e-03,6.739184677600886175e+01,0.000000000000000000e+00,5.140091665822070750e-06,1.394564904203730604e-06,-1.159199990452569221e-07,5.327174771984576346e-06
1.922000000000000000e+03,1.760445979615854126e-02,8.291185713076087288e-03,1.472619012929499149e-03,6.694522612308972498e+01,0.000000000000000000e+00,4.951715948383634984e-06,1.853843492555315803e-06,-5.831750041808734507e-07,5.319428504441796616e-06
1.923000000000000000e+03,1.843664608895778656e-02,7.455855607986450195e-03,2.304326510056853294e-03,6.916438957055440540e+01,0.000000000000000000e+00,5.524910392464268749e-06,1.448719399466695416e-06,-1.199508642526265404e-07,5.712951159688464723e-06
1.924000000000000000e+03,1.799966022372245789e-02,6.656658602878451347e-03,1.662929484155029058e-03,6.799909392992685753e+01,0.000000000000000000e+00,5.312045311875916626e-06,9.539713712510966791e-07,-4.864727323960374528e-07,5.418906023539665279e-06
1.925000000000000000e+03,1.783217747887777191e-02,7.495387336873504842e-03,8.317074971273541451e-04,6.755247327700769233e+01,0.000000000000000000e+00,5.126767846608502775e-06,1.423639833752538995e-06,-9.563523389300828020e-07,5.406025224269932898e-06
1.926000000000000000e+03,1.810446420311927901e-02,9.125826992094517726e-03,1.472619012929499149e-03,6.827857120831835402e+01,0.000000000000000000e+00,5.138326040184809052e-06,2.390032720787508648e-06,-5.998088836728147807e-07,5.698633309716380207e-06
1.927000000000000000e+03,2.129467870295047652e-02,8.136474921656922099e-03,3.969170907512307653e-03,7.678580987453497642e+01,0.000000000000000000e+00,7.247292257667119995e-06,2.137247223916723789e-06,9.959306870642054173e-07,7.621217008957145378e-06
1.928000000000000000e+03,2.100000001790309698e-02,9.133974596215562597e-03,3.765359020953922865e-03,7.600000004774193485e+01,0.000000000000000000e+00,6.940716961704482705e-06,2.777974871961712659e-06,8.450730482571963944e-07,7.523619128360612618e-06
1.929000000000000000e+03,1.876972615718841553e-02,7.439832901582121849e-03,3.137511550448834896e-03,7.005260308583602580e+01,0.000000000000000000e+00,5.718738124791671508e-06,1.465352727541157830e-06,3.783265752132136416e-07,5.915602704168919777e-06
1.930000000000000000e+03,1.866531418345186016e-02,6.600837201840180010e-03,4.164892537519336232e-03,6.977417115587184071e+01,0.000000000000000000e+00,5.672844868460799314e-06,9.561726735419580701e-07,9.899513682595921260e-07,5.837417133867463811e-06
1.931000000000000000e+03,1.810451643250200054e-02,7.412658284447091669e-03,3.972619012929499635e-03,6.827871048667228138e+01,0.000000000000000000e+00,5.300375261459563702e-06,1.397779932770140387e-06,8.487149984566563260e-07,5.546898575001414345e-06
1.932000000000000000e+03,1.743886340409517288e-02,7.432549726217985153e-03,3.137025982141494751e-03,6.650363574425399804e+01,0.000000000000000000e+00,4.948309322214096318e-06,1.357412235670245880e-06,3.511953917385859737e-07,5.143118832871416972e-06
1.933000000000000000e+03,1.799966115504503250e-02,6.620728643611073494e-03,3.329299506731331348e-03,6.799909641345365685e+01,0.000000000000000000e+00,5.314500258426334961e-06,9.334517278263992796e-07,4.733400261253977391e-07,5.416576031528410416e-06
1.934000000000000000e+03,1.733445143035861752e-02,6.593554026476043314e-03,4.164406969211996087e-03,6.622520381428986980e+01,0.000000000000000000e+00,4.906710641723185637e-06,8.839814317244525705e-07,9.190709195241792278e-07,5.069706485423804941e-06
1.935000000000000000e+03,1.860446420311927945e-02,8.259801588310078380e-03,3.972619012929499635e-03,6.961190454165169683e+01,0.000000000000000000e+00,5.517098753574909326e-06,1.940717668875131189e-06,8.720731748886188494e-07,5.913144286193451424e-06
1.936000000000000000e+03,1.916526195406913907e-02,7.447980505703166720e-03,4.164892537519336232e-03,7.110736521085129880e+01,0.000000000000000000e+00,5.920549343453606742e-06,1.501333859348932080e-06,1.016385919037542595e-06,6.191926051069592770e-06
1.937000000000000000e+03,2.016526195406913649e-02,7.447980505703166720e-03,4.164892537519336232e-03,7.377403187751794178e+01,0.000000000000000000e+00,6.549833567908753548e-06,1.579648526277472046e-06,1.069446687677425754e-06,6.821973721120532721e-06
1.938000000000000000e+03,1.960446420311927687e-02,8.259801588310078380e-03,3.972619012929499635e-03,7.227857120831833981e+01,0.000000000000000000e+00,6.128449936764629706e-06,2.045005545754377289e-06,9.189822454209409427e-07,6.525678100932918504e-06
1.939000000000000000e+03,1.910446420311927990e-02,9.125826992094517726e-03,3.972619012929499635e-03,7.094523787498505385e+01,0.000000000000000000e+00,5.716425591557732440e-06,2.522300323152454053e-06,8.954342273824779383e-07,6.311998330129626916e-06
1.940000000000000000e+03,1.810446420311927901e-02,9.125826992094517726e-03,3.972619012929499635e-03,6.827857120831835402e+01,0.000000000000000000e+00,5.121057881909283915e-06,2.390299770410429837e-06,8.485217706523656042e-07,5.714783986955271096e-06
1.941000000000000000e+03,4.603855805884752607e-03,9.325467161834240931e-03,2.635441372755994126e-03,3.227694881569273377e+01,0.000000000000000000e+00,2.360586549635086847e-07,6.077346851957539241e-07,1.869302503410445356e-08,6.522381201356515643e-07
1.942000000000000000e+03,5.000154333096911742e-03,9.116665167937680614e-03,3.818422380488444706e-03,3.333374488825848658e+01,0.000000000000000000e+00,2.944767680263952433e-07,6.314778361774212936e-07,2.120939241387791573e-07,7.283300468518209258e-07
1.943000000000000000e+03,2.216267213225364685e-02,4.170698928646743298e-03,3.328328370116651058e-03,7.910045901934329038e+01,0.000000000000000000e+00,8.020638996570362682e-06,-5.882900464732054815e-07,5.824830494299543023e-07,8.063251304217047019e-06
1.944000000000000000e+03,2.196862734854221344e-02,4.421820282004773617e-03,2.522455935832113028e-03,7.858300626277949164e+01,0.000000000000000000e+00,7.900075420421272002e-06,-4.066872735462675934e-07,1.083085563077567801e-08,7.910543817857436976e-06
1.945000000000000000e+03,2.117183711379766464e-02,4.083088482730090618e-03,3.328671678900718689e-03,7.645823230346064747e+01,0.000000000000000000e+00,7.331190714304040981e-06,-6.213559916152889838e-07,5.566767025412316930e-07,7.378504557765495937e-06
1.946000000000000000e+03,2.148518059402704239e-02,3.525787265971302986e-03,2.530082303564995527e-03,7.729381491740566901e+01,0.000000000000000000e+00,7.534524231094664344e-06,-1.013798093134540493e-06,1.592737004132618802e-08,7.602440111155911416e-06
1.947000000000000000e+03,2.310364693403244019e-02,4.167300066910684109e-03,3.329299390316009521e-03,8.160972515742008682e+01,0.000000000000000000e+00,8.702031336627548107e-06,-6.157721737640756608e-07,6.079387415506054710e-07,8.744947928210213375e-06
1.948000000000000000e+03,2.281347431628942546e-02,4.168275568192382832e-03,4.167805714532733449e-03,8.083593151010538236e+01,0.000000000000000000e+00,8.455556558208146648e-06,-6.072392267534880858e-07,1.212436145084885580e-06,8.563596066692617540e-06
1.949000000000000000e+03,2.259625867009162903e-02,4.975722637027502060e-03,3.322016331367194653e-03,8.025668978691132338e+01,0.000000000000000000e+00,8.342307980392506901e-06,-1.769382163148428300e-08,5.892319094096826580e-07,8.363110052732238025e-06
1.950000000000000000e+03,2.230608605234861430e-02,4.976698138309200783e-03,4.160522655583918580e-03,7.948289613959654787e+01,0.000000000000000000e+00,8.100715251827316301e-06,-1.668267223243411508e-08,1.180182380927574532e-06,8.186250445411036712e-06
1.951000000000000000e+03,2.336650154975733473e-02,3.382153218434620807e-03,4.167805714532733449e-03,8.231067079935304776e+01,0.000000000000000000e+00,8.833364183420184439e-06,-1.209766037906080656e-06,1.241914862981653630e-06,9.001900309951020121e-06
1.952000000000000000e+03,2.434486243364891722e-02,2.724733311505485485e-03,3.987185247242451200e-03,8.491963315639718246e+01,0.000000000000000000e+00,9.548354364271015790e-06,-1.772588425165821969e-06,1.153277789352140224e-06,9.779733659468347343e-06
1.953000000000000000e+03,2.445101737976074219e-02,2.990838955156505108e-03,3.138968138955533504e-03,8.520271301269539777e+01,0.000000000000000000e+00,9.678145580486553822e-06,-1.572197565902995902e-06,4.946059808588906497e-07,9.817481456036680857e-06
1.954000000000000000e+03,2.347265649586915970e-02,3.648258862085640430e-03,3.319588606245815754e-03,8.259375065565126306e+01,0.000000000000000000e+00,8.959136665317634634e-06,-1.015472232940661134e-06,6.104125052021281661e-07,9.037140978773065415e-06
1.955000000000000000e+03,2.416909764943203642e-02,3.668135721990335892e-03,4.151782891713083276e-03,8.445092706515221437e+01,0.000000000000000000e+00,9.458138637245328264e-06,-1.030134450186263097e-06,1.272152272204880914e-06,9.598746526004815063e-06
1.956000000000000000e+03,7.674672873690724373e-03,4.446970531716942787e-03,2.522333525121212006e-03,4.046579432984196245e+01,0.000000000000000000e+00,1.118481291811838482e-06,-1.337929876667340086e-07,3.603319024126543204e-09,1.126460806060228333e-06
1.957000000000000000e+03,6.691941758617758751e-03,4.438230884261429310e-03,2.530587720684707165e-03,3.784517802298076106e+01,0.000000000000000000e+00,8.891367118577288162e-07,-1.170206039865779612e-07,4.833141552003901074e-09,8.968173021233583975e-07
1.958000000000000000e+03,5.922848125919699669e-03,6.359508726745843887e-03,3.357946290634572506e-03,3.579426166911923701e+01,0.000000000000000000e+00,6.961555218534423526e-07,2.466204492548259529e-07,1.612861585771653351e-07,7.559546160625447592e-07
1.959000000000000000e+03,6.845590632408858275e-03,5.758966530319600645e-03,4.177030930295587072e-03,3.825490835309035020e+01,0.000000000000000000e+00,8.743875333313862164e-07,1.617370755711579643e-07,3.664514977867573216e-07,9.617687561414199883e-07
1.960000000000000000e+03,7.739162305369973183e-03,6.237065885215997696e-03,2.485959848854690790e-03,4.063776614765332340e+01,0.000000000000000000e+00,1.115567551741261283e-06,3.015396066541208617e-07,-5.517029757825997389e-09,1.155615651718365381e-06
1.961000000000000000e+03,9.167705196887254715e-03,4.154676105827093124e-03,3.338524722494184971e-03,4.444721385836609784e+01,0.000000000000000000e+00,1.505622535217438799e-06,-2.465443772775049127e-07,2.441359166171384342e-07,1.545084364785376642e-06
1.962000000000000000e+03,8.994853589683771133e-03,3.350137849338352680e-03,2.506796328816562891e-03,4.398627623915682960e+01,0.000000000000000000e+00,1.434413094114270930e-06,-4.719253349646314873e-07,-6.861067087485421892e-11,1.510051141867513207e-06
1.963000000000000000e+03,9.500299580395221710e-03,4.172640969045460224e-03,2.504854172002524137e-03,4.533413221438738816e+01,0.000000000000000000e+00,1.616726578410933349e-06,-2.504475099162561716e-07,-7.597576718643552224e-10,1.636010196115934054e-06
1.964000000000000000e+03,1.016888674348592758e-02,4.161959164775907993e-03,3.337553585879504681e-03,4.711703131596259908e+01,0.000000000000000000e+00,1.816146182345258134e-06,-2.719555118745266075e-07,2.703729741259640101e-07,1.856191881574723072e-06
1.965000000000000000e+03,9.663440752774477005e-03,3.339456045068800449e-03,3.339495742693543434e-03,4.576917534073201921e+01,0.000000000000000000e+00,1.622649679672002736e-06,-5.114418354714583449e-07,2.576536499526384569e-07,1.720741159310133924e-06
1.966000000000000000e+03,9.836575750161998671e-03,4.142179615927887859e-03,4.168291282840073594e-03,4.623086866709876830e+01,0.000000000000000000e+00,1.676069761095008118e-06,-2.689715788996764808e-07,5.232882495988499349e-07,1.776340661720349904e-06
1.967000000000000000e+03,9.331129759450548095e-03,3.319676496220780315e-03,4.170233439654112348e-03,4.488301269186820974e+01,0.000000000000000000e+00,1.487434825979879006e-06,-4.991156367555601491e-07,4.971523209096732835e-07,1.645824781250293347e-06
1.968000000000000000e+03,1.033231130604922096e-02,3.326959555169595184e-03,4.169262303039432058e-03,4.755283014946466835e+01,0.000000000000000000e+00,1.803093668068978604e-06,-5.517686771532685359e-07,5.499452512264965598e-07,1.964188185552618266e-06
1.969000000000000000e+03,1.017179992049932480e-02,5.795312346890568733e-03,3.332698252052068710e-03,4.712479978799832736e+01,0.000000000000000000e+00,1.818343641171744865e-06,2.579216706487233626e-07,2.686904974987019855e-07,1.856095840474313306e-06
1.970000000000000000e+03,1.033676831765680676e-02,6.593367517143561632e-03,4.164406969211996087e-03,4.756471551375161511e+01,0.000000000000000000e+00,1.809009691361924329e-06,5.256351435639199112e-07,5.482267651757239703e-07,1.961978836187043413e-06
1.971000000000000000e+03,9.838119584756187253e-03,5.775234395787193567e-03,4.168291282840073594e-03,4.623498555934995835e+01,0.000000000000000000e+00,1.678722678853838447e-06,2.430357885526193877e-07,5.231931207056125948e-07,1.775079510492214187e-06
1.972000000000000000e+03,1.033789629626760340e-02,4.954456773426560087e-03,4.168291282840073594e-03,4.756772345671375746e+01,0.000000000000000000e+00,1.849838669566091007e-06,-1.506439688982196034e-08,5.497914711838652209e-07,1.929870643660403066e-06
1.973000000000000000e+03,1.083654502916822290e-02,5.772589894782928152e-03,4.164406969211996087e-03,4.889745341111540000e+01,0.000000000000000000e+00,2.009530815026820518e-06,2.673652063341077703e-07,5.747870695792712041e-07,2.107149360025521553e-06
1.974000000000000000e+03,9.003593120723962784e-03,4.999513970687985420e-03,2.511651720851659775e-03,4.400958165526402155e+01,0.000000000000000000e+00,1.480142088292398124e-06,-3.719718696213793902e-10,1.125008253559270997e-09,1.480142562573356861e-06
1.975000000000000000e+03,8.503488264977931976e-03,5.816676188260316849e-03,2.508738427422940731e-03,4.267596870660788255e+01,0.000000000000000000e+00,1.328933560296809529e-06,2.198170274065316442e-07,1.771518246015688290e-10,1.346990706947812226e-06
1.976000000000000000e+03,9.173046331852674484e-03,5.794341443106532097e-03,3.333669272251427174e-03,4.446145688494055292e+01,0.000000000000000000e+00,1.508673868239931318e-06,2.315448629799078284e-07,2.426608881238496856e-07,1.545507738870135110e-06
1.977000000000000000e+03,9.506368543952703476e-03,5.814292002469301224e-03,2.513553132303059101e-03,4.535031611720733480e+01,0.000000000000000000e+00,1.618911585702039185e-06,2.462297883218219367e-07,1.706008385322266596e-09,1.637530684122258108e-06
1.978000000000000000e+03,8.836810477077960968e-03,5.836626747623085976e-03,1.688622287474572659e-03,4.356482793887466443e+01,0.000000000000000000e+00,1.410583517100073470e-06,2.343897343895491399e-07,-2.320519074716744515e-07,1.448631248476595207e-06
1.979000000000000000e+03,9.338014729010156445e-03,6.592396613359524996e-03,4.165377989411354551e-03,4.490137261069384067e+01,0.000000000000000000e+00,1.494354886215073179e-06,4.732456974618768362e-07,4.957060217561830541e-07,1.644014135014168300e-06
1.980000000000000000e+03,9.342455057659933629e-03,4.954172639850640963e-03,4.168291282840073594e-03,4.491321348709325179e+01,0.000000000000000000e+00,1.535860191724467592e-06,-1.366936466954330940e-08,4.970386259323535149e-07,1.614342211466673294e-06
1.981000000000000000e+03,8.842350201913902821e-03,5.771334857422972392e-03,4.165377989411354551e-03,4.357960053843714832e+01,0.000000000000000000e+00,1.380608770334992224e-06,2.164691727905758120e-07,4.696083775186984889e-07,1.474269821888205013e-06
1.982000000000000000e+03,2.805218663393804074e-02,4.569583233248889279e-03,1.094365143217146397e-03,9.480583102383488381e+01,0.000000000000000000e+00,1.273941106276848764e-05,-3.867533986199499622e-07,-1.268091117324326848e-06,1.280820937911966867e-05
1.983000000000000000e+03,2.874767348170280401e-02,2.518228583386730376e-03,3.182191154713264782e-03,9.666046261787413130e+01,0.000000000000000000e+00,1.330050602052872495e-05,-2.283203882742031259e-06,6.213371798112763658e-07,1.350935010514217908e-05
1.984000000000000000e+03,2.918645083859598005e-02,2.973742699883341091e-03,4.014385440180531436e-03,9.783053556958927288e+01,0.000000000000000000e+00,1.371101784659375341e-05,-1.892526890210759599e-06,1.408013377325968177e-06,1.391244658895451380e-05
1.985000000000000000e+03,2.874767348170280401e-02,1.676958742116888435e-03,3.498959576502659249e-03,9.666046261787417393e+01,0.000000000000000000e+00,1.321391997854092039e-05,-3.057075633924579597e-06,9.128301187959524731e-07,1.359362539783259302e-05
1.986000000000000000e+03,2.918645083859598005e-02,2.132472858613499150e-03,4.331153861969926772e-03,9.783053556958928709e+01,0.000000000000000000e+00,1.362825883236799620e-05,-2.678210706228698173e-06,1.703953999427020870e-06,1.399305937317274625e-05
1.987000000000000000e+03,2.803338776741708810e-02,1.043625408783555031e-03,2.555992561611146463e-03,9.475570071311227593e+01,0.000000000000000000e+00,1.250694042900530800e-05,-3.549363954139087214e-06,4.431365228152537990e-08,1.300090408677057563e-05
1.988000000000000000e+03,2.667791942980242761e-02,9.040857776999474543e-03,3.212123984004102480e-03,9.114111847947359024e+01,0.000000000000000000e+00,1.130166597214109743e-05,3.449499841441262155e-06,6.014640025513985954e-07,1.183167198025369584e-05
1.989000000000000000e+03,2.706110930707729401e-02,9.185767878652226562e-03,4.054514621848903481e-03,9.216295815220652798e+01,0.000000000000000000e+00,1.158170122119895670e-05,3.624623663060403574e-06,1.339570198766844286e-06,1.220934675539043944e-05
1.990000000000000000e+03,2.753846335139227899e-02,8.796100616455079096e-03,3.249533349181257021e-03,9.343590227037981322e+01,0.000000000000000000e+00,1.207797810606270777e-05,3.345089401579795266e-06,6.538790542928781973e-07,1.254969067557979960e-05
1.991000000000000000e+03,2.301433175451402663e-02,8.529022228169831805e-04,3.772724919791356230e-03,8.137155134537083256e+01,0.000000000000000000e+00,8.357229273852525951e-06,-3.054270443550958256e-06,9.325060378399722403e-07,8.946586868113146063e-06
1.992000000000000000e+03,2.178526582568883832e-02,1.019940129481256008e-03,3.539662398397922568e-03,7.809404220183702705e+01,0.000000000000000000e+00,7.506533228096325309e-06,-2.774752725246410381e-06,7.202239601203234570e-07,8.035298149011523800e-06
1.993000000000000000e+03,2.319849748164415359e-02,4.417935968376696110e-03,1.689756463747471571e-03,8.186265995105131310e+01,0.000000000000000000e+00,8.778116499748036497e-06,-4.324128655028444002e-07,-6.067077566266064107e-07,8.809676751808319899e-06
1.994000000000000000e+03,2.290960215032100677e-02,4.418421420268714428e-03,2.523426956031471491e-03,8.109227240085625965e+01,0.000000000000000000e+00,8.575676299204353906e-06,-4.265874625305325901e-07,1.201456412854593055e-08,8.586288208630940295e-06
1.995000000000000000e+03,2.262520883232355118e-02,5.020735319703817368e-03,2.492990635801106691e-03,8.033389021952979192e+01,0.000000000000000000e+00,8.373887476538219432e-06,1.478513328495735579e-08,-1.023696249001920125e-08,8.373906786279084903e-06
1.996000000000000000e+03,2.291410416364669800e-02,5.020249867811799049e-03,1.659320143517106771e-03,8.110427776972481695e+01,0.000000000000000000e+00,8.572895652047306380e-06,1.453185822769530243e-08,-6.216536761332004889e-07,8.595417635510509748e-06
1.997000000000000000e+03,2.199757751077413559e-02,4.466832964681088924e-03,1.693430240266025066e-03,7.866020669539791754e+01,0.000000000000000000e+00,7.910659494669326436e-06,-3.756254749835366237e-07,-5.727281845584398199e-07,7.940254763636124641e-06
1.998000000000000000e+03,2.292788214981555939e-02,5.519040627405047417e-03,3.321045194752514362e-03,8.114101906617517557e+01,0.000000000000000000e+00,8.579581515400965867e-06,3.806795273359566889e-07,5.971126961603076196e-07,8.608755975973443852e-06
1.999000000000000000e+03,2.201585751026868820e-02,5.567452171817421913e-03,2.491048478987067938e-03,7.870895336071681925e+01,0.000000000000000000e+00,7.933511037550443993e-06,3.995523591345711769e-07,-1.139400254205829119e-08,7.943574088149406108e-06
2.000000000000000000e+03,2.198690734803676605e-02,5.522439489141106606e-03,3.320074174553155899e-03,7.863175292809836492e+01,0.000000000000000000e+00,7.903335062152475800e-06,3.674447008084712060e-07,5.719109606818490608e-07,7.932515544248806106e-06
2.001000000000000000e+03,2.168423403054475784e-02,5.024134181439876556e-03,2.492019615601748228e-03,7.782462408145295285e+01,0.000000000000000000e+00,7.706784398902455160e-06,1.652020201070355159e-08,-1.049531910465311411e-08,7.706809251562144689e-06
2.002000000000000000e+03,2.313357149083505176e-02,3.652697106363296531e-03,8.619332802481949329e-04,8.168952397556030576e+01,0.000000000000000000e+00,8.673753541864767061e-06,-9.977818782095368017e-07,-1.217744283066958824e-06,8.815467674516037853e-06
2.003000000000000000e+03,2.262048495632913714e-02,4.453778326941090770e-03,8.619332802481949329e-04,8.032129321687791901e+01,0.000000000000000000e+00,8.322413456618267809e-06,-3.957904908608433461e-07,-1.190822514052506758e-06,8.416488229394194928e-06
2.004000000000000000e+03,2.353701160920169955e-02,5.007195230071800895e-03,8.278231834992766380e-04,8.276536429120481841e+01,0.000000000000000000e+00,9.002243674343960388e-06,5.013840479132222392e-09,-1.264815043063956689e-06,9.090664079374130094e-06
2.005000000000000000e+03,2.234232545369589651e-02,3.342411074166822850e-03,4.167805714532733449e-03,7.957953454318921160e+01,0.000000000000000000e+00,8.082260880793113445e-06,-1.185161488141440689e-06,1.187481298025960276e-06,8.254553926853571693e-06
2.006000000000000000e+03,2.183493718975508535e-02,4.150833644283640801e-03,4.160522655583918580e-03,7.822649917268043396e+01,0.000000000000000000e+00,7.756435775714019807e-06,-5.933856691440603006e-07,1.155337316692517434e-06,7.864426667625820869e-06
2.007000000000000000e+03,2.135149043523991430e-02,3.254800628250170171e-03,4.168149023316801080e-03,7.693730782730661133e+01,0.000000000000000000e+00,7.384781970276279736e-06,-1.192471784331974178e-06,1.135059520508520101e-06,7.566065940767535493e-06
2.008000000000000000e+03,2.052185405045747757e-02,4.227850004099309444e-03,1.667088770773261786e-03,7.472494413455348194e+01,0.000000000000000000e+00,6.901033093328976749e-06,-5.073978726820320017e-07,-5.515912368053759875e-07,6.941610998100112557e-06
2.009000000000000000e+03,2.085558904637122707e-02,4.247337062297802668e-03,8.314969600178301334e-04,7.561490412365682801e+01,0.000000000000000000e+00,7.088825691552670280e-06,-5.027261643539352686e-07,-1.118215981536671813e-06,7.194066323221327373e-06
2.010000000000000000e+03,2.000002469952315287e-02,8.660254037844389123e-04,1.265575343903824592e-03,7.333339919872855717e+01,0.000000000000000000e+00,6.285410009421560872e-06,-2.646155288099695969e-06,-7.941757803031524299e-07,6.865801625833275275e-06
2.011000000000000000e+03,2.233609163833168154e-02,5.056092226376193710e-03,8.314969600178301334e-04,7.956291103555139443e+01,0.000000000000000000e+00,8.120956238992858682e-06,3.968860486525873888e-08,-1.197671725535929830e-06,8.208892920677025837e-06
2.012000000000000000e+03,2.213738138333371658e-02,3.645243944312833925e-03,8.619332802481949329e-04,7.903301702222343295e+01,0.000000000000000000e+00,7.951858129228062024e-06,-9.601162054868677042e-07,-1.165307720518506068e-06,8.093936799784697990e-06
2.013000000000000000e+03,2.185298806533626098e-02,4.247557843747936865e-03,8.314969600178301334e-04,7.827463484089692258e+01,0.000000000000000000e+00,7.770382836604309898e-06,-5.265906771470858153e-07,-1.171686531105668943e-06,7.875848938103593305e-06
2.014000000000000000e+03,8.659563658307153911e-03,5.042092280306732441e-03,8.433604380115866661e-04,4.309216975548584827e+01,0.000000000000000000e+00,1.338294763834368026e-06,1.113890429243494422e-08,-4.619261352983708661e-07,1.415815208481322835e-06
2.015000000000000000e+03,7.630575762693943276e-03,5.035406554255099365e-03,8.433604380115866661e-04,4.034820203385058335e+01,0.000000000000000000e+00,1.067923458627516888e-06,8.107070679020471676e-09,-4.073113263096771562e-07,1.142991143719889341e-06
2.016000000000000000e+03,8.154237359209831962e-03,5.864192857683669588e-03,8.433604380115866661e-04,4.174463295789300332e+01,0.000000000000000000e+00,1.189871725551790148e-06,2.223130605694927747e-07,-4.352666638049109229e-07,1.286341668759597791e-06
2.017000000000000000e+03,1.491779143472754879e-02,2.984069180933445094e-03,8.370484574697911739e-04,5.978077715927362590e+01,0.000000000000000000e+00,3.634666494397780134e-06,-9.628459131874214120e-07,-7.971257437154016528e-07,3.843602766849535091e-06
2.018000000000000000e+03,1.446253115793311519e-02,4.142651693222730754e-03,1.259258831851184368e-03,5.856674975448849096e+01,0.000000000000000000e+00,3.493817717532708878e-06,-3.971660671719640756e-07,-5.775478274715285632e-07,3.563434385712103303e-06
2.019000000000000000e+03,1.496249844783203997e-02,4.963468439873008203e-03,1.259258831851184368e-03,5.989999586088562467e+01,0.000000000000000000e+00,3.740920978119374594e-06,-1.784552158541821812e-08,-5.975877326584899491e-07,3.788392710028645848e-06
2.020000000000000000e+03,1.396248281120911552e-02,4.963478618409317145e-03,1.259258831851184368e-03,5.723328749655783554e+01,0.000000000000000000e+00,3.278241595731675974e-06,-1.666811355912840432e-08,-5.576925750626041356e-07,3.325382202736242291e-06
2.021000000000000000e+03,1.683256345062074388e-02,4.139414277592608736e-03,4.168776851147413740e-03,6.488683586832219419e+01,0.000000000000000000e+00,4.660953166867835733e-06,-4.636406743676586189e-07,8.950708916620616873e-07,4.768710412654989239e-06
2.022000000000000000e+03,1.596265321789798464e-02,4.895484877483854101e-03,3.759258831851184420e-03,6.256707524772814111e+01,0.000000000000000000e+00,4.235344938999529462e-06,-5.348033745563396254e-08,6.395479335176008690e-07,4.283693319796589774e-06
2.023000000000000000e+03,1.579500269144773483e-02,4.102809703908860683e-03,2.928035682998597622e-03,6.212000717719415377e+01,0.000000000000000000e+00,4.159694965261030578e-06,-4.537000270431103092e-07,2.127694180765601038e-07,4.189770488204040694e-06
2.024000000000000000e+03,1.200427673757076263e-02,3.337012138217687607e-03,2.492768806405365467e-03,5.201140463352216869e+01,0.000000000000000000e+00,2.445300598279908348e-06,-6.386227324386857694e-07,-5.456268553078726299e-09,2.527323442142310052e-06
2.025000000000000000e+03,1.233147783204913139e-02,3.386553144082427025e-03,1.671183621510863304e-03,5.288394088546446881e+01,0.000000000000000000e+00,2.564144072897524089e-06,-6.367046044526790262e-07,-3.298739358569893518e-07,2.662525942308267268e-06
2.026000000000000000e+03,1.266557034229001330e-02,3.406490757300193774e-03,8.355918107554316521e-04,5.377485424610681264e+01,0.000000000000000000e+00,2.665298179725896207e-06,-6.460811529346264993e-07,-6.775185937627985641e-07,2.824936581221219464e-06
2.027000000000000000e+03,1.216692160938939379e-02,4.224623995071883666e-03,8.336496539413928986e-04,5.244512429170517009e+01,0.000000000000000000e+00,2.498274264063812603e-06,-3.021228010044956846e-07,-6.517592853406903706e-07,2.599508155670644152e-06
2.028000000000000000e+03,1.316553797691718056e-02,4.227315038550477633e-03,8.355918107554316521e-04,5.510810127177930440e+01,0.000000000000000000e+00,2.903091818521124277e-06,-3.258912917867657985e-07,-7.043381117257816062e-07,3.005035676403222681e-06
2.029000000000000000e+03,1.266688924401656105e-02,5.045448276322167525e-03,8.336496539413928986e-04,5.377837131737764764e+01,0.000000000000000000e+00,2.706518114063331918e-06,1.802338131716381186e-08,-6.785855714136688864e-07,2.790348279652175664e-06
2.030000000000000000e+03,9.835948241987357843e-03,8.306722734123469370e-03,2.931304236712136031e-03,4.622919531196636456e+01,0.000000000000000000e+00,1.553304858481567307e-06,1.037651771825642715e-06,1.330894961763428437e-07,1.872749315030661257e-06
2.031000000000000000e+03,6.692912895232439041e-03,5.550115369260311127e-03,2.529131073970347643e-03,3.784776772061989192e+01,0.000000000000000000e+00,8.895154510849467666e-07,1.142195153637402474e-07,4.356862927073447618e-09,8.968293135615880987e-07
2.032000000000000000e+03,5.598022369667887688e-03,5.824444815516471863e-03,2.537870837841182947e-03,3.492805965244777155e+01,0.000000000000000000e+00,6.621967895475724816e-07,1.399589524034875597e-07,5.164857273073585532e-09,6.768454566558343805e-07
2.033000000000000000e+03,8.060589199885725975e-03,6.256972905248403549e-03,1.652289356570690870e-03,4.149490453302871629e+01,0.000000000000000000e+00,1.184911668660124595e-06,3.198820383348619927e-07,-2.212181666568820537e-07,1.247107717174109560e-06
2.034000000000000000e+03,8.012608159333467484e-03,5.001941695809364319e-03,2.520391368307173252e-03,4.136695509155595119e+01,0.000000000000000000e+00,1.208785283954926576e-06,2.393993379254654830e-10,3.197332456687394722e-09,1.208789536252227060e-06
2.035000000000000000e+03,6.160495078191161218e-03,1.009637606330215931e-03,1.051656669005751610e-03,3.642798687517650080e+01,0.000000000000000000e+00,5.059886517652643272e-07,-7.689856491078181871e-07,-2.884866433839183283e-07,9.646698853286146654e-07
2.036000000000000000e+03,6.647622457602113052e-03,1.857377676864226460e-03,1.051656669005751610e-03,3.772699322027237656e+01,0.000000000000000000e+00,7.000601930530933969e-07,-6.544117494614848180e-07,-3.107878861738077198e-07,1.007436410858352511e-06
2.037000000000000000e+03,6.985804628748851566e-03,8.477400705340105286e-04,1.264455979068955516e-03,3.862881234333035252e+01,0.000000000000000000e+00,6.649375404554655973e-07,-9.157280045277432629e-07,-2.785202093753722316e-07,1.165449792146288820e-06
2.038000000000000000e+03,8.176720235496759415e-03,4.157103830948472023e-03,3.347264369949698448e-03,4.180458729465807011e+01,0.000000000000000000e+00,1.229225994414148160e-06,-2.180594185577464878e-07,2.201422695650705914e-07,1.267678616296123448e-06
2.039000000000000000e+03,8.682166226208209991e-03,4.979606950655579567e-03,3.345322213135659695e-03,4.315244326988864287e+01,0.000000000000000000e+00,1.377581918930028201e-06,-5.755510914835041733e-09,2.330445969554155479e-07,1.397166723565567109e-06
2.040000000000000000e+03,8.498147130012512207e-03,4.177010850980877876e-03,2.513593877665698528e-03,4.266172568003344878e+01,0.000000000000000000e+00,1.327293376213588556e-06,-2.218595467936898003e-07,1.684871884294497051e-09,1.345708810938397172e-06
2.041000000000000000e+03,7.996099768206477165e-03,4.466877551749348640e-03,1.688663032837212086e-03,4.132293271521734823e+01,0.000000000000000000e+00,1.189412642222201633e-06,-1.348941073848430216e-07,-2.099633801063357627e-07,1.215312089411946165e-06
2.042000000000000000e+03,2.727825834330273660e-02,8.969079814851284999e-03,2.376210750545106661e-03,9.274202224880764334e+01,0.000000000000000000e+00,1.183682330015064580e-05,3.464382770452233636e-06,-1.146508518963094340e-07,1.233391578684709739e-05
2.043000000000000000e+03,2.832808895843292804e-02,8.122895535698190436e-03,4.195018727332354078e-03,9.554157055582143698e+01,0.000000000000000000e+00,1.282154665737250744e-05,2.830849036623041931e-06,1.529799488695515266e-06,1.321915471696064130e-05
2.044000000000000000e+03,2.836796070585648200e-02,8.796100616455079096e-03,3.527003803005215182e-03,9.564789521561758079e+01,0.000000000000000000e+00,1.281213906686798828e-05,3.445880935111576996e-06,9.254747573244431449e-07,1.329968068842914262e-05
2.045000000000000000e+03,2.789060666154150048e-02,9.185767878652226562e-03,4.331985075672862076e-03,9.437495109744439503e+01,0.000000000000000000e+00,1.229604377287674396e-05,3.735758417269190158e-06,1.628294769347131803e-06,1.295376112457620472e-05
2.046000000000000000e+03,2.869346158590977899e-02,9.326794919243111548e-03,4.331985075672862076e-03,9.651589756242634621e+01,0.000000000000000000e+00,1.300369667800703940e-05,3.972784916355526219e-06,1.675171178798507617e-06,1.369983013630134272e-05
2.047000000000000000e+03,2.617793691469107176e-02,5.628321156310095441e-03,4.786276840604841709e-04,8.980783177250968663e+01,0.000000000000000000e+00,1.107591021338731069e-05,5.258961059279101644e-07,-1.699290677715634776e-06,1.121784037043756292e-05
2.048000000000000000e+03,2.900129403918981497e-02,7.321497441851903751e-03,3.209404167512885410e-03,9.733678410450642104e+01,0.000000000000000000e+00,1.354656885922843191e-05,2.154287867593712916e-06,6.515621440333644567e-07,1.373226191498750608e-05
2.049000000000000000e+03,2.874108903110027258e-02,7.494476640248109653e-03,2.336081568876735050e-03,9.664290408293423695e+01,0.000000000000000000e+00,1.330027456152436241e-05,2.293956744227976141e-06,-1.575143526215916573e-07,1.349756836350914289e-05
2.050000000000000000e+03,1.500003744078164288e-02,8.346827719152190295e-04,3.765365320259140940e-03,6.000009984208447378e+01,0.000000000000000000e+00,3.480310637807337485e-06,-1.999554764238046438e-06,6.042760825971404769e-07,4.059055428892407990e-06
2.051000000000000000e+03,1.600004098467557728e-02,8.346827719152190295e-04,3.765396023084777860e-03,6.266677595913498777e+01,0.000000000000000000e+00,3.976407529136093048e-06,-2.132868997855004826e-06,6.445767339656339972e-07,4.558116515157441732e-06
2.052000000000000000e+03,1.629559416323900223e-02,4.918029764667153358e-03,2.925607957877218723e-03,6.345491776863753586e+01,0.000000000000000000e+00,4.429513023253146832e-06,-4.292442495783789701e-08,2.181647751279012863e-07,4.435090077837630464e-06
2.053000000000000000e+03,1.766747777775665856e-02,6.673040064594831094e-03,8.312219870276749134e-04,6.711327407401805090e+01,0.000000000000000000e+00,5.088087382401723806e-06,9.455459803009883094e-07,-9.477168638493827437e-07,5.261260083463227992e-06
2.054000000000000000e+03,1.833218132571121789e-02,6.676438693500246629e-03,8.317074971273541451e-04,6.888581686856355191e+01,0.000000000000000000e+00,5.470777644257133792e-06,9.831119819976549991e-07,-9.830713194927004253e-07,5.644674164312773921e-06
2.055000000000000000e+03,1.783360540866851807e-02,5.837554344907402992e-03,1.664386130869388580e-03,6.755628108978298485e+01,0.000000000000000000e+00,5.249600814672611379e-06,4.776971011164373461e-07,-4.810719816104757483e-07,5.293196905964959931e-06
2.056000000000000000e+03,1.816612651065727807e-02,5.857334435529198274e-03,8.331641438417136669e-04,6.844300402841970765e+01,0.000000000000000000e+00,5.407120802882404347e-06,4.980187322873676946e-07,-9.732394944480657806e-07,5.516536336164776840e-06
2.057000000000000000e+03,1.849830895662307739e-02,5.840952973812818527e-03,1.664871640969067812e-03,6.932882388432852849e+01,0.000000000000000000e+00,5.635897061077932049e-06,4.975179163704926164e-07,-4.987021306587262829e-07,5.679750309238960147e-06
2.058000000000000000e+03,1.066296706281258042e-02,3.395845194645369033e-03,8.355918107554316521e-04,4.843457883416696319e+01,0.000000000000000000e+00,1.917349635615338095e-06,-5.466922417544320332e-07,-5.706170030413492280e-07,2.073814311009702637e-06
2.059000000000000000e+03,1.816522981971502304e-02,5.818618228659033775e-03,2.498056623153388500e-03,6.844061285257366478e+01,0.000000000000000000e+00,5.452451611895693942e-06,4.756621189664415831e-07,-5.406884077557705219e-09,5.473162912419017561e-06
2.060000000000000000e+03,1.766658108681440353e-02,6.636751350015401840e-03,2.496114466339349747e-03,6.711088289817199382e+01,0.000000000000000000e+00,5.134420919505176054e-06,9.251516887517893115e-07,-6.452103006294611410e-09,5.217108917349327019e-06
2.061000000000000000e+03,1.116748751897263942e-02,5.860631479303084028e-03,8.312219870276749134e-04,4.977996671726049271e+01,0.000000000000000000e+00,2.122795705822885958e-06,3.067392288905760635e-07,-5.993918351143382860e-07,2.227020685849640528e-06
2.062000000000000000e+03,1.066738219756532130e-02,5.044925850237451208e-03,8.351063006557524204e-04,4.844635252684094695e+01,0.000000000000000000e+00,1.960113844315667065e-06,1.491072765627523401e-08,-5.712483742117372341e-07,2.041713328926648047e-06
2.063000000000000000e+03,1.083553209900856018e-02,5.837554344907402992e-03,1.666328287683427334e-03,4.889475226402296215e+01,0.000000000000000000e+00,2.040079796241576485e-06,2.895605584622922318e-07,-2.919158762933382084e-07,2.081102056815612803e-06
2.064000000000000000e+03,1.066709278523884225e-02,6.672931407019702665e-03,8.312219870276749134e-04,4.844558076063702856e+01,0.000000000000000000e+00,1.914904050548016078e-06,5.695591352747744291e-07,-5.726687014506252386e-07,2.078269610277091320e-06
2.065000000000000000e+03,1.016698746383152413e-02,5.857225777954069845e-03,8.351063006557524204e-04,4.711196657021751832e+01,0.000000000000000000e+00,1.781426301048409428e-06,2.776350911732293254e-07,-5.446320165806063913e-07,1.883397181531936990e-06
2.066000000000000000e+03,1.270963208253178545e-02,6.673860215237348986e-03,8.032674668356776237e-04,5.389235222008492343e+01,0.000000000000000000e+00,2.677217703148301407e-06,6.802283135264497888e-07,-6.933628617509719581e-07,2.847974235597857786e-06
2.067000000000000000e+03,1.166769772271308847e-02,6.673022024920195056e-03,8.312219870276749134e-04,5.111386059390168413e+01,0.000000000000000000e+00,2.272468851842553447e-06,6.237504778943743533e-07,-6.262033520271845882e-07,2.438300633506491063e-06
2.068000000000000000e+03,1.100304303690791130e-02,6.633352721109986305e-03,2.495628956239670515e-03,4.934144809842127444e+01,0.000000000000000000e+00,2.078300378377038045e-06,5.739918330561196901e-07,-4.354454753125371929e-09,2.156111789414793179e-06
2.069000000000000000e+03,1.056206412613391876e-02,7.432062411680817604e-03,2.291616285219788551e-03,4.816550433635724460e+01,0.000000000000000000e+00,1.873235632031823022e-06,8.201539922101216341e-07,-7.326954535996778459e-08,2.046224017630797058e-06
2.070000000000000000e+03,1.033761166036128998e-02,6.652332376688718796e-03,1.676483836490660906e-03,4.756696442763024635e+01,0.000000000000000000e+00,1.839016182768886673e-06,5.448972548901609603e-07,-2.752621840353360697e-07,1.937695231152872353e-06
2.071000000000000000e+03,1.016926450286590594e-02,7.491068026797903338e-03,8.452618494629859924e-04,4.711803867430919723e+01,0.000000000000000000e+00,1.694918020190062974e-06,8.082170480931320723e-07,-5.415149087549874642e-07,1.954277433835150616e-06
2.072000000000000000e+03,1.116729026292049426e-02,7.491995624082220355e-03,8.312219870276749134e-04,4.977944070112142327e+01,0.000000000000000000e+00,2.034806734238478796e-06,8.891218046007899770e-07,-5.994508844569448025e-07,2.300068997224875273e-06
2.073000000000000000e+03,9.669067025184253927e-03,6.672003809735385649e-03,8.452618494629859924e-04,4.578417873382479542e+01,0.000000000000000000e+00,1.590820132481674658e-06,5.147915348182997089e-07,-5.149802332235422861e-07,1.749549558840951387e-06
2.074000000000000000e+03,1.494420552626252174e-02,7.535711862146854401e-03,2.480840892530977726e-03,5.985121473670029246e+01,0.000000000000000000e+00,3.653930132122463500e-06,1.212491272037452973e-06,-1.292012486532038267e-08,3.849871091975161540e-06
2.075000000000000000e+03,1.320968965187326385e-02,5.861506643812935957e-03,8.032674668356776237e-04,5.522583907166222872e+01,0.000000000000000000e+00,2.917642630049909382e-06,3.637397773352131152e-07,-7.205365161085066476e-07,3.027229428594107664e-06
2.076000000000000000e+03,1.454912125914946744e-02,7.949322080308530644e-03,1.627600868232548237e-03,5.879765669106545545e+01,0.000000000000000000e+00,3.418744937417626459e-06,1.372894016935195223e-06,-4.098744089036291004e-07,3.706838539770677122e-06
2.077000000000000000e+03,2.120078727602958679e-02,4.128101165406405926e-03,2.499645983334630728e-03,7.653543273607911601e+01,0.000000000000000000e+00,7.362913115395568287e-06,-5.917551676577960369e-07,-4.997466153042196299e-09,7.386656124254176395e-06
2.078000000000000000e+03,1.183477137237787247e-02,5.838039796799421310e-03,1.664871640969067812e-03,5.155939032634115193e+01,0.000000000000000000e+00,2.402510850889071243e-06,3.168173374682852640e-07,-3.192843360680783045e-07,2.444253280905777197e-06
2.079000000000000000e+03,1.250141626223921776e-02,5.818132543936371803e-03,2.498056623153388500e-03,5.333711003263810113e+01,0.000000000000000000e+00,2.673896194093070596e-06,3.269409055563447810e-07,-3.831136110534845790e-09,2.693812519481507457e-06
2.080000000000000000e+03,1.200228231027722359e-02,6.633352721109986305e-03,2.495628956239670515e-03,5.200608616073943580e+01,0.000000000000000000e+00,2.446119673081783011e-06,6.266978982869443406e-07,-4.708941465364107832e-09,2.525128488787199573e-06
2.081000000000000000e+03,1.150169176980853081e-02,5.815219599753618240e-03,2.498056681361049414e-03,5.067117805282291698e+01,0.000000000000000000e+00,2.290067628719875716e-06,2.994997276331837740e-07,-3.552999668129216906e-09,2.309571920241858907e-06
2.082000000000000000e+03,1.200082572177052498e-02,4.999999422580003738e-03,2.500484348274767399e-03,5.200220192472154679e+01,0.000000000000000000e+00,2.488445726788022100e-06,-2.175622094702586390e-10,-2.672326443375402179e-09,2.488447171195623827e-06
2.083000000000000000e+03,1.216833665966987610e-02,5.795312346890568733e-03,3.331241663545370102e-03,5.244889775911983065e+01,0.000000000000000000e+00,2.532185446854544875e-06,3.093783389711155857e-07,3.207790438333162682e-07,2.571104293654595158e-06
2.084000000000000000e+03,1.133466605097055435e-02,5.022334167733788490e-03,1.668755954597145319e-03,5.022577613592160617e+01,0.000000000000000000e+00,2.228501588031007514e-06,7.785809494820098913e-09,-3.043505543289811846e-07,2.249201904366651468e-06
2.085000000000000000e+03,1.100158644840121269e-02,4.999513970687985420e-03,2.501940994989126921e-03,4.933756386240336411e+01,0.000000000000000000e+00,2.120663853714622996e-06,-3.864774168688421851e-10,-1.965929539857625747e-09,2.120664800173640146e-06
2.086000000000000000e+03,1.216683167467508264e-02,5.857801847746580554e-03,8.336496539413928986e-04,5.244488446580037078e+01,0.000000000000000000e+00,2.496075827358512834e-06,3.334103160078341024e-07,-6.519272912036960268e-07,2.601262418088593529e-06
2.087000000000000000e+03,1.916446909308433533e-02,5.843380698934197426e-03,1.665357151068747044e-03,7.110525091489185456e+01,0.000000000000000000e+00,6.037256739948253887e-06,5.169270807672563729e-07,-5.163513065044884963e-07,6.081307525739021628e-06
2.088000000000000000e+03,1.967478729784488678e-02,6.710949819535017014e-03,1.648526405915617943e-03,7.246609946092002019e+01,0.000000000000000000e+00,6.318446534504607983e-06,1.076927286490052497e-06,-5.407800991481925344e-07,6.432338774148548044e-06
2.089000000000000000e+03,2.017489261925220490e-02,5.894273286685347557e-03,1.650468562729656696e-03,7.379971365133951622e+01,0.000000000000000000e+00,6.671408134516481147e-06,5.770432055277731700e-07,-5.531753633975583500e-07,6.719127052006716178e-06
2.090000000000000000e+03,1.983228711389127541e-02,5.859762230571797029e-03,8.336496539413928986e-04,7.288609897037704854e+01,0.000000000000000000e+00,6.420017592334372838e-06,5.452530988986472211e-07,-1.062162435488017578e-06,6.530093097889436484e-06
2.091000000000000000e+03,1.933218179248395729e-02,6.676438763421466485e-03,8.317074971273541451e-04,7.155248477995752410e+01,0.000000000000000000e+00,6.073388322708473542e-06,1.036739783712263611e-06,-1.036673443236760823e-06,6.247844982508429450e-06
2.092000000000000000e+03,2.034260531865182686e-02,6.727331351172616616e-03,8.168189087882637978e-04,7.424694751640519996e+01,0.000000000000000000e+00,6.711216246086532111e-06,1.124057476361112881e-06,-1.100533023238079074e-06,6.893119877612507434e-06
2.093000000000000000e+03,1.949754916131496429e-02,4.206628655083477497e-03,1.669241464696824551e-03,7.199346443017346076e+01,0.000000000000000000e+00,6.244702674483089855e-06,-4.953349461519855279e-07,-5.227220876151725656e-07,6.286088337150251136e-06
2.094000000000000000e+03,1.983128415722871379e-02,4.226115713281970721e-03,8.336496539413928986e-04,7.288342441927679261e+01,0.000000000000000000e+00,6.421625025423598738e-06,-4.915281279404873000e-07,-1.061934754121584612e-06,6.527371085645015167e-06
2.095000000000000000e+03,2.068887930363416672e-02,5.047925515100359917e-03,1.665146613959223032e-03,7.517034480969138599e+01,0.000000000000000000e+00,7.020615528139803384e-06,3.141591988483104362e-08,-5.574524210510494577e-07,7.042782302166922351e-06
2.096000000000000000e+03,1.933156246769099362e-02,5.047061616863341045e-03,8.336496539413928986e-04,7.155083324717621451e+01,0.000000000000000000e+00,6.118059220542768345e-06,2.871301478766232837e-08,-1.035267510972301443e-06,6.205098861626731636e-06
2.097000000000000000e+03,1.983062829822301865e-02,4.186721635051071644e-03,2.502911956980824471e-03,7.288167546192822499e+01,0.000000000000000000e+00,6.464998483836193934e-06,-5.163331953789272444e-07,-2.617799040145619833e-09,6.485584955694151923e-06
2.098000000000000000e+03,2.102195844054222107e-02,5.028018495067954063e-03,2.498817106243222952e-03,7.605855584144617865e+01,0.000000000000000000e+00,7.254257146541413639e-06,1.862319949354568484e-08,-5.609904085138851089e-09,7.254283220465712961e-06
2.099000000000000000e+03,1.999765355139970779e-02,5.006797146052122116e-03,2.500969800166785717e-03,7.332707613706608640e+01,0.000000000000000000e+00,6.582018499086562659e-06,4.125386958447588436e-09,-3.968575468301418364e-09,6.582020988323155931e-06
2.100000000000000000e+03,2.000945713371038437e-02,3.286804305389523506e-03,2.503740834072232246e-03,7.335855235656124762e+01,0.000000000000000000e+00,6.542600208999951784e-06,-1.097222038549517027e-06,-2.013101990482546957e-09,6.633966969262403463e-06
2.101000000000000000e+03,2.050956152379512787e-02,4.086972796358168125e-03,3.335469169542193413e-03,7.469216406345390169e+01,0.000000000000000000e+00,6.889458489674640927e-06,-5.993775632176278162e-07,5.437195667880420936e-07,6.936823675973526125e-06
2.102000000000000000e+03,1.916446909308433533e-02,4.186721635051071644e-03,2.502426505088806152e-03,7.110525091489175509e+01,0.000000000000000000e+00,6.049381075922877241e-06,-4.990006932961620863e-07,-2.832832199553522550e-09,6.069927604064331175e-06
2.103000000000000000e+03,1.899744383990764618e-02,3.366646124050021172e-03,2.504368661902844906e-03,7.065985023975392210e+01,0.000000000000000000e+00,5.915282164672102037e-06,-9.932166574194092562e-07,-1.541315084628444462e-09,5.998086760952649112e-06
2.104000000000000000e+03,1.949754822999238968e-02,4.166814615018665791e-03,3.336096997372806072e-03,7.199346194664654774e+01,0.000000000000000000e+00,6.243885811895295971e-06,-5.199992891798710058e-07,5.172664679543171025e-07,6.286817469245062137e-06
2.105000000000000000e+03,1.167071145027875900e-02,3.317105118185281754e-03,3.326439298689365387e-03,5.112189720074346866e+01,0.000000000000000000e+00,2.307152069658204949e-06,-6.280904288383657609e-07,3.061237728979807769e-07,2.410634776082804876e-06
2.106000000000000000e+03,1.083231253392112278e-02,2.508012112283161503e-03,4.169262303039432058e-03,4.888616675712306403e+01,0.000000000000000000e+00,1.917572433637255837e-06,-8.625459297880834316e-07,5.764798129774698180e-07,2.180229000359832785e-06
2.107000000000000000e+03,1.233840123876805972e-02,3.297326392710076860e-03,4.157176995649934301e-03,5.290240330338158969e+01,0.000000000000000000e+00,2.529754856335663107e-06,-6.720412310501421732e-07,6.516759417364785405e-07,2.697402562174097858e-06
2.108000000000000000e+03,1.133231208786245059e-02,3.326960378542410425e-03,4.169262303039432058e-03,5.021949890096663438e+01,0.000000000000000000e+00,2.149752143908780254e-06,-6.060588571497475353e-07,6.030098582769945560e-07,2.313517345461082898e-06
2.109000000000000000e+03,1.217227336019277573e-02,4.132325178943574429e-03,3.324011689983308315e-03,5.245939562718087501e+01,0.000000000000000000e+00,2.531969502759809492e-06,-3.379130196295466295e-07,3.182413970329233847e-07,2.574166342435232150e-06
2.110000000000000000e+03,1.116618420928716660e-02,4.161959164775907993e-03,3.336096997372806072e-03,4.977649122476592680e+01,0.000000000000000000e+00,2.156788984177627149e-06,-2.991432876448414475e-07,2.962965958930074698e-07,2.197502469065896291e-06
2.111000000000000000e+03,1.183387399777646731e-02,4.142180439300703100e-03,4.166834694333374986e-03,5.155699732740402652e+01,0.000000000000000000e+00,2.368934266940521126e-06,-3.246386967740657789e-07,6.286688935192128119e-07,2.472339867859364386e-06
2.112000000000000000e+03,1.283870486211792158e-02,4.109672945735998173e-03,4.157176995649934301e-03,5.423654629898123858e+01,0.000000000000000000e+00,2.765105573188587860e-06,-3.657472473528657950e-07,6.780067955656553670e-07,2.870413401351449098e-06
2.113000000000000000e+03,1.233417762112632918e-02,4.954526992326624413e-03,4.166834694333374986e-03,5.289114032300368962e+01,0.000000000000000000e+00,2.574163175527561970e-06,-1.798103003644662696e-08,6.551295600260771362e-07,2.656282009144224030e-06
2.114000000000000000e+03,3.329364108821602358e-03,9.236972546204924583e-04,2.391514137375524117e-03,2.887830429019099654e+01,0.000000000000000000e+00,1.208396709748087238e-07,-3.931450737774220502e-07,-1.217483773842664496e-08,4.114772190422109865e-07
2.115000000000000000e+03,4.341237265396468217e-03,1.793718851252051622e-03,3.337048457469791226e-03,3.157663270772395947e+01,0.000000000000000000e+00,3.162239880072107611e-07,-4.132518562555963549e-07,1.162578837224931837e-07,5.331890873016001053e-07
2.116000000000000000e+03,3.937534532258117267e-03,8.700215966315591638e-04,4.054465679905732561e-03,3.050009208602167377e+01,0.000000000000000000e+00,1.409312302356697059e-07,-4.833903733752742605e-07,1.996597617154627462e-07,5.416566118639204377e-07
2.117000000000000000e+03,1.792876503702746718e-03,3.335050651765611961e-03,4.154210616834462175e-03,2.478100400987404583e+01,0.000000000000000000e+00,9.405618273473967556e-08,-6.521456376921503278e-08,7.971525016612205019e-08,1.394776897833025160e-07
2.118000000000000000e+03,2.076916850444423049e-03,2.500894591174271896e-03,4.169262303039432058e-03,2.553844493451851960e+01,0.000000000000000000e+00,9.372655983227029241e-08,-1.232455412318028942e-07,1.021482335186049422e-07,1.854949947100557677e-07
2.119000000000000000e+03,1.982149501065058259e-03,1.025174860842525959e-03,2.560751753504412077e-03,2.528573200284019507e+01,0.000000000000000000e+00,3.813125420483177115e-08,-2.029088138969288166e-07,4.417911667150797776e-09,2.065078624357696135e-07
2.120000000000000000e+03,1.068307319656014442e-03,1.960380883621317891e-03,1.724264226141185297e-03,2.284881951908275965e+01,0.000000000000000000e+00,3.895304044007150525e-08,-6.460397693167204577e-08,-2.052905836596391015e-08,7.818219383150495748e-08
2.121000000000000000e+03,7.142857142857141767e-04,7.142857142857139598e-04,1.779676297543394004e-03,2.190476190476191576e+01,0.000000000000000000e+00,-1.254474227806948791e-08,-6.074205742356816632e-08,-1.422441260865301531e-08,6.363412616617316662e-08
2.122000000000000000e+03,1.267863786779344082e-03,1.739460575128239919e-03,2.557449150117845071e-03,2.338097009807828996e+01,0.000000000000000000e+00,4.528163605131170534e-08,-8.746262199591362092e-08,2.088332291074224751e-09,9.851141021039882121e-08
2.123000000000000000e+03,1.068307319656014442e-03,2.246095169335602867e-03,8.360773790627717972e-04,2.284881951908275255e+01,0.000000000000000000e+00,2.715400939069533233e-08,-5.730075876314921018e-08,-4.322225624724591006e-08,7.673904231826964211e-08
2.124000000000000000e+03,1.741512400412902235e-03,1.919300250092491290e-03,8.360773790627717972e-04,2.464403306776779345e+01,0.000000000000000000e+00,4.818959318547081019e-08,-1.222517114532082729e-07,-8.579235626117919389e-08,1.569332540842276738e-07
2.125000000000000000e+03,6.732050807568877929e-04,1.387490795042601536e-03,8.881868470784136079e-04,2.179521354868505156e+01,0.000000000000000000e+00,6.228356901585476964e-10,-4.514265899061219137e-08,-2.628186060501077420e-08,5.223967631887521368e-08
2.126000000000000000e+03,1.683263724658737998e-02,2.508219604753334983e-03,4.168776851147413740e-03,6.488703265756650751e+01,0.000000000000000000e+00,4.573380262445078430e-06,-1.342346246432467376e-06,8.952339841377514356e-07,4.849654045041636303e-06
2.127000000000000000e+03,1.700018507119623046e-02,8.348500527445273239e-04,3.765396023084777860e-03,6.533382685652344435e+01,0.000000000000000000e+00,4.504576206350790557e-06,-2.266076863678227992e-06,6.848698554971634682e-07,5.088748163339205768e-06
2.128000000000000000e+03,1.583249316006672333e-02,2.508052323924026689e-03,4.168776851147413740e-03,6.221998176017810778e+01,0.000000000000000000e+00,4.050665422445741940e-06,-1.262696494352306822e-06,8.420462810277084679e-07,4.325660035282447283e-06
2.129000000000000000e+03,1.366558632364118023e-02,3.406488113363891242e-03,8.355918107554316521e-04,5.644156352970996693e+01,0.000000000000000000e+00,3.086494978215427376e-06,-6.972419652841115227e-07,-7.309466955224194743e-07,3.247596138745925811e-06
2.130000000000000000e+03,1.458340790122747421e-02,2.964134211651980877e-03,1.672640268225222826e-03,5.888908773660677554e+01,0.000000000000000000e+00,3.509018589629194895e-06,-9.504561011379804429e-07,-3.893064758094832435e-07,3.656246407815107140e-06
2.131000000000000000e+03,1.416560139507055255e-02,2.559301975825652425e-03,8.355918107554316521e-04,5.777493705352162578e+01,0.000000000000000000e+00,3.254228957420836480e-06,-1.106835935759321787e-06,-7.575491466887202954e-07,3.519797239281451256e-06
2.132000000000000000e+03,1.766463834792375565e-02,3.346739104017615318e-03,3.337553702294826508e-03,6.710570226113021874e+01,0.000000000000000000e+00,5.121411789494075261e-06,-9.347399350463137963e-07,4.695367415266178975e-07,5.227146660978886925e-06
2.133000000000000000e+03,1.833238453182736011e-02,3.327172808728799842e-03,4.168776851147413740e-03,6.888635875153985921e+01,0.000000000000000000e+00,5.471787539656155419e-06,-9.814490373383726600e-07,9.749135138053010874e-07,5.643948746350286963e-06
2.134000000000000000e+03,1.733265910807409854e-02,3.327172808728799842e-03,4.168776851147413740e-03,6.622042428819779047e+01,0.000000000000000000e+00,4.901334566320377727e-06,-9.279512985283804144e-07,9.217469967076283844e-07,5.072848476880322225e-06
2.135000000000000000e+03,1.783236267034064154e-02,2.508219604753334983e-03,4.168776851147413740e-03,6.755296712090857625e+01,0.000000000000000000e+00,5.127856624278740599e-06,-1.422039336437747971e-06,9.484039007894763783e-07,5.405236293869895828e-06
2.136000000000000000e+03,1.967637706547975540e-02,3.266897285357117653e-03,3.336925874464213848e-03,7.247033884127952774e+01,0.000000000000000000e+00,6.318983476281539105e-06,-1.091412593976829616e-06,5.226294308420384297e-07,6.433807204586769799e-06
2.137000000000000000e+03,1.883303017253096928e-02,2.509015799779688079e-03,4.168776851147413740e-03,7.022141379341607603e+01,0.000000000000000000e+00,5.714951744589338200e-06,-1.501325148140760874e-06,1.001623900637583038e-06,5.993154518427924472e-06
2.138000000000000000e+03,1.984504346633370747e-02,2.429173981119190414e-03,4.168149023316801080e-03,7.292011591022340156e+01,0.000000000000000000e+00,6.334796902590613931e-06,-1.632678124425564285e-06,1.055057764981414474e-06,6.626344131004440655e-06
2.139000000000000000e+03,2.034541105557435836e-02,3.248398081237140710e-03,4.168149023316801080e-03,7.425442948153180112e+01,0.000000000000000000e+00,6.713223550229925012e-06,-1.140464696502583371e-06,1.081572881995891720e-06,6.894768310712065091e-06
2.140000000000000000e+03,1.933339776177162017e-02,3.328239899897638375e-03,4.168776851147413740e-03,7.155572736472454665e+01,0.000000000000000000e+00,6.075088471135131267e-06,-1.034357296977078648e-06,1.028150144292968948e-06,6.247694588337234921e-06
2.141000000000000000e+03,2.132550034491902113e-02,4.962714949410924892e-03,4.160522655583918580e-03,7.686800091978432192e+01,0.000000000000000000e+00,7.416156138200415787e-06,-2.549343138919959265e-08,1.128291671425891369e-06,7.501537434221116402e-06
2.142000000000000000e+03,2.084205359040385008e-02,4.066681933377454261e-03,4.168149023316801080e-03,7.557880957441048508e+01,0.000000000000000000e+00,7.075666085463382479e-06,-6.225348760108242960e-07,1.107889665245851001e-06,7.188881674863280012e-06
2.143000000000000000e+03,1.299990954008221206e-02,9.165356568693673253e-03,1.265403500072595977e-03,5.466642544021935635e+01,0.000000000000000000e+00,2.584628923598440412e-06,1.732240195943270632e-06,-5.170199530479805469e-07,3.154088204377446767e-06
2.144000000000000000e+03,1.354903218012873042e-02,7.949320655017650533e-03,1.627600868232548237e-03,5.613075248034346032e+01,0.000000000000000000e+00,2.969129310534173596e-06,1.278388504902802365e-06,-3.817426160301466859e-07,3.255108824146175657e-06
2.145000000000000000e+03,9.837506338953971863e-03,5.836626747623085976e-03,1.680368150118738413e-03,4.623335023721071479e+01,0.000000000000000000e+00,1.710095728659678056e-06,2.620062196403892516e-07,-2.607449675335756030e-07,1.749589265629052902e-06
2.146000000000000000e+03,1.050293771550059319e-02,5.817647092044353485e-03,2.499513269867748022e-03,4.800783390800172867e+01,0.000000000000000000e+00,1.938265154051607760e-06,2.739191141431498610e-07,-2.793153177930064597e-09,1.957526830009833227e-06
2.147000000000000000e+03,9.162339081535894603e-03,5.856870312088048244e-03,8.452618494629859924e-04,4.443290421742918284e+01,0.000000000000000000e+00,1.470722322653759123e-06,2.492400970390402332e-07,-4.881087339428876998e-07,1.569520599570272387e-06
2.148000000000000000e+03,9.334730915725231171e-03,5.021848715841770172e-03,1.678466738667339087e-03,4.489261577526741576e+01,0.000000000000000000e+00,1.566651396403420456e-06,6.179640520195881967e-09,-2.479918589742128821e-07,1.586169835776494696e-06
2.149000000000000000e+03,9.660259520183164805e-03,5.042092280306732441e-03,8.351063006557524204e-04,4.576069205382189153e+01,0.000000000000000000e+00,1.632170968680063855e-06,1.255783481851289368e-08,-5.175575946653972577e-07,1.712310028590961183e-06
2.150000000000000000e+03,8.657012782438572654e-03,6.678970889464985392e-03,8.452618494629859924e-04,4.308536741983632368e+01,0.000000000000000000e+00,1.293195992169418480e-06,4.609143846627344437e-07,-4.614073575095267352e-07,1.448342049971621044e-06
2.151000000000000000e+03,1.916581685176741573e-02,5.780534879409091054e-03,4.164892537519336232e-03,7.110884493804665851e+01,0.000000000000000000e+00,6.007057450335010920e-06,4.786842584652483407e-07,1.016595801563257057e-06,6.111247405782539802e-06
2.152000000000000000e+03,1.833360283157479259e-02,4.955118582688586293e-03,4.166349126026034841e-03,6.888960755086631593e+01,0.000000000000000000e+00,5.517407496984323416e-06,-2.637824927086593592e-08,9.733838096582567242e-07,5.602674124087374306e-06
2.153000000000000000e+03,1.849830988794565201e-02,5.802595522254705429e-03,3.331241663545370102e-03,6.932882636785534203e+01,0.000000000000000000e+00,5.637372575498847936e-06,4.749881418245414431e-07,4.877015746276029197e-07,5.678330398607911165e-06
2.154000000000000000e+03,1.983062829822301865e-02,5.807450972497463226e-03,3.332212683744728565e-03,7.288167546192826762e+01,0.000000000000000000e+00,6.454250440742276130e-06,5.122756219323072769e-07,5.234662134944492249e-07,6.495674864193728081e-06
2.155000000000000000e+03,1.966592124185215923e-02,4.959974032931344090e-03,4.167320146225393304e-03,7.244245664493924153e+01,0.000000000000000000e+00,6.327360878012128178e-06,-2.523637613104048278e-08,1.044745770744907816e-06,6.413082432088956530e-06
2.156000000000000000e+03,1.899841427803039551e-02,4.982034675776958466e-03,3.333669272251427174e-03,7.066243807474789662e+01,0.000000000000000000e+00,5.947636559093509662e-06,-1.105727927837683444e-08,5.024584651408737067e-07,5.968833002495751864e-06
2.157000000000000000e+03,1.899744383990764618e-02,6.644034525379538536e-03,2.496600034646689892e-03,7.065985023975399315e+01,0.000000000000000000e+00,5.914723346496056456e-06,9.992629314487315926e-07,-6.612458395744266219e-09,5.998543356212327843e-06
2.158000000000000000e+03,2.050797175616025925e-02,5.874366266652941704e-03,2.484139055013656616e-03,7.468792468309430888e+01,0.000000000000000000e+00,6.900501747415306952e-06,5.735962108908747546e-07,-1.520120132358382709e-08,6.924317154474638406e-06
2.159000000000000000e+03,2.000786736607551575e-02,6.694927113130688667e-03,2.481711446307599545e-03,7.335431297620166902e+01,0.000000000000000000e+00,6.542572039330646668e-06,1.084987786550916521e-06,-1.648013612870384360e-08,6.631946847018804325e-06
2.160000000000000000e+03,2.082452736794948578e-02,6.346884649246931076e-03,3.324444056488573551e-03,7.553207298119892243e+01,0.000000000000000000e+00,7.082358456580053472e-06,8.974261158848643492e-07,5.444842745477752094e-07,7.159723323299092669e-06
2.161000000000000000e+03,2.132463175803422928e-02,5.526323802769184113e-03,3.326871665194630623e-03,7.686568468809157650e+01,0.000000000000000000e+00,7.444149846175343643e-06,3.590260980882973479e-07,5.593132947348840196e-07,7.473760635255058511e-06
2.162000000000000000e+03,2.150187082588672638e-02,6.413799943402409554e-03,2.476370427757501602e-03,7.733832220236496369e+01,0.000000000000000000e+00,7.548791967103023580e-06,9.725663972652612707e-07,-2.132449352573344630e-08,7.611215428150276062e-06
2.163000000000000000e+03,2.195394411683082581e-02,7.035379065200686455e-03,3.128722426481544971e-03,7.854385097821590023e+01,0.000000000000000000e+00,7.822635083333631632e-06,1.429764884983587305e-06,4.364628552923290287e-07,7.964191553282996331e-06
2.164000000000000000e+03,2.045994065701961517e-02,7.316506234928965569e-03,3.134063445031642914e-03,7.455984175205260556e+01,0.000000000000000000e+00,6.789092663173978978e-06,1.516537048215501843e-06,4.101963371474390091e-07,6.968495163432497346e-06
2.165000000000000000e+03,1.966451915257372979e-02,6.611718622568254697e-03,4.164892537519336232e-03,7.243871774019685006e+01,0.000000000000000000e+00,6.285057320915578611e-06,1.014189239082249013e-06,1.042966990564675482e-06,6.451225114912071951e-06
2.166000000000000000e+03,2.016462354265847329e-02,5.791157776090507733e-03,4.167320146225393304e-03,7.377232944708948992e+01,0.000000000000000000e+00,6.635177288113991368e-06,5.104783727579222485e-07,1.071156477684345231e-06,6.740440787770667548e-06
2.167000000000000000e+03,1.000428898259997368e-02,4.999513970687985420e-03,2.503397583495825529e-03,4.667810395360007902e+01,0.000000000000000000e+00,1.785225561637531362e-06,-3.718210716312707100e-10,-1.346759355355249187e-09,1.785226108350342696e-06
2.168000000000000000e+03,8.149768329317630400e-03,4.203396547389473027e-03,8.433604380115866661e-04,4.173271554484710322e+01,0.000000000000000000e+00,1.190440831052781648e-06,-2.056000836799164153e-07,-4.348211564218564841e-07,1.283935436351402532e-06
2.169000000000000000e+03,8.830741513520479202e-03,4.194975714199244976e-03,1.679923327174037695e-03,4.354864403605470358e+01,0.000000000000000000e+00,1.409486309414824230e-06,-2.259980147248284675e-07,-2.341766250218508388e-07,1.446570237075963796e-06
2.170000000000000000e+03,6.310880498592914833e-03,5.583580227706046173e-03,8.521001436747610569e-04,3.682901466291450276e+01,0.000000000000000000e+00,7.636114855996375265e-07,1.131924975800238382e-07,-3.353669114955059455e-07,8.416567042292977370e-07
2.171000000000000000e+03,7.014339789748191833e-03,5.570022389292716980e-03,1.695460581686347723e-03,3.870490610599524217e+01,0.000000000000000000e+00,9.503618204056280170e-07,1.246047796991611270e-07,-1.829492021170750650e-07,9.757993397025078188e-07
2.172000000000000000e+03,7.292640477051200165e-03,4.480435390162677833e-03,8.453025948256254196e-04,3.944704127213659461e+01,0.000000000000000000e+00,9.822183465255603845e-07,-1.191146803322559482e-07,-3.888801577266193912e-07,1.063094052469273041e-06
2.173000000000000000e+03,1.716730706122249206e-02,5.860592833022817798e-03,8.312219870276749134e-04,6.577948549659360822e+01,0.000000000000000000e+00,4.842307460832540801e-06,4.724178148567690640e-07,-9.208185583257529033e-07,4.951669107925695433e-06
2.174000000000000000e+03,1.766595579412311157e-02,5.044887203957184978e-03,8.331641438417136669e-04,6.710921545099523655e+01,0.000000000000000000e+00,5.132128094484232655e-06,2.497803666780735199e-08,-9.463691351914865237e-07,5.218714134780062635e-06
2.175000000000000000e+03,1.883145714628367551e-02,5.863738149713010502e-03,8.317074971273541451e-04,7.021721905675678954e+01,0.000000000000000000e+00,5.800693937734603437e-06,5.201237072436455616e-07,-1.009748986627933767e-06,5.910852040620201025e-06
2.176000000000000000e+03,1.899841427803039551e-02,5.024276440963149071e-03,1.666813797783106565e-03,7.066243807474799610e+01,0.000000000000000000e+00,5.947282046754444721e-06,1.444755384631911472e-08,-5.109082628878061045e-07,5.969204279344685995e-06
2.177000000000000000e+03,1.866540233122973569e-02,5.044633891741962146e-03,8.331641438417136669e-04,6.977440621661287423e+01,0.000000000000000000e+00,5.713064168335386955e-06,2.626091716519913134e-08,-9.998919662046037996e-07,5.799963428450956375e-06
2.178000000000000000e+03,1.883218104243141247e-02,7.495387539614430453e-03,8.317074971273541451e-04,7.021914944648403889e+01,0.000000000000000000e+00,5.713392960904134919e-06,1.503465518853794755e-06,-1.009956410052477634e-06,5.993603226966005651e-06
2.179000000000000000e+03,1.699952594935894012e-02,7.877574767917394638e-03,2.325859037227928638e-03,6.533206919829079595e+01,0.000000000000000000e+00,4.674221166809555958e-06,1.565231028748669728e-06,-9.897078305251073581e-08,4.930323204974105613e-06
2.180000000000000000e+03,1.639506236210618029e-02,8.751747775822878855e-03,2.118600294323344339e-03,6.372016629895007611e+01,0.000000000000000000e+00,4.256547035094637588e-06,1.968190425645574582e-06,-2.042937456953510426e-07,4.694007046022203924e-06
2.181000000000000000e+03,1.699999620890578489e-02,9.165358720981571505e-03,1.265360270024914850e-03,6.533332322374903356e+01,0.000000000000000000e+00,4.505140192292599453e-06,2.265726436990187804e-06,-6.759994472482701982e-07,5.087905236162168653e-06
2.182000000000000000e+03,1.816522981971502304e-02,4.161959164775907993e-03,3.335125977173447609e-03,6.844061285257359373e+01,0.000000000000000000e+00,5.440959119987196272e-06,-4.873098516193259564e-07,4.813468925640699520e-07,5.483903889369158289e-06
2.183000000000000000e+03,1.883273678353678676e-02,4.139898521930293618e-03,4.168776851147413740e-03,7.022063142276495284e+01,0.000000000000000000e+00,5.802263939808171994e-06,-5.184132597231686835e-07,1.001438726151856421e-06,5.910828931485981166e-06
2.184000000000000000e+03,1.839974522590637207e-02,2.551426121499389410e-03,2.711208304390311241e-03,6.906598726908386254e+01,0.000000000000000000e+00,5.503715583367903484e-06,-1.441976971852092404e-06,1.203769836650850137e-07,5.690753326946683086e-06
2.185000000000000000e+03,1.799771841615438461e-02,3.366646124050021172e-03,2.504368661902844906e-03,6.799391577641189599e+01,0.000000000000000000e+00,5.323543799082989852e-06,-9.409786722895721886e-07,-1.463827376642259667e-09,5.406067108837013725e-06
2.186000000000000000e+03,1.783325057986536594e-02,4.142392869487092517e-03,4.166349126026034841e-03,6.755533487964117967e+01,0.000000000000000000e+00,5.216143770259863863e-06,-4.894901340491403326e-07,9.468995205147070295e-07,5.323943568944285497e-06
2.187000000000000000e+03,9.000079498802873376e-03,8.336788020987043191e-04,3.765359015450585496e-03,4.400021199680774941e+01,0.000000000000000000e+00,1.175431474443571287e-06,-1.195063429753486212e-06,3.629134331016879706e-07,1.715086561131072161e-06
2.188000000000000000e+03,9.832390644656793105e-03,2.507048354107511978e-03,4.169262303039432058e-03,4.621970838575151674e+01,0.000000000000000000e+00,1.586985518212721306e-06,-7.818319121185808086e-07,5.234254015091957246e-07,1.844927728874212230e-06
2.189000000000000000e+03,9.163803481566087233e-03,2.517730158377064209e-03,3.336562889162451081e-03,4.443680928417630582e+01,0.000000000000000000e+00,1.417685011842719160e-06,-7.241935900290138707e-07,2.435795103587324133e-07,1.610471398848549014e-06
2.190000000000000000e+03,8.603005730616227614e-03,1.706879979554189186e-03,3.542431453242898039e-03,4.294134861497668965e+01,0.000000000000000000e+00,1.177032484338253935e-06,-9.008228561298914697e-07,2.855735556066161055e-07,1.509450079656595353e-06
2.191000000000000000e+03,1.149974949657917023e-02,4.181866184808313847e-03,2.502426505088806152e-03,5.066599865754460552e+01,0.000000000000000000e+00,2.289273806233966488e-06,-3.009566769058682550e-07,-1.769604683303646594e-09,2.308972198356643210e-06
2.192000000000000000e+03,1.050002453848719597e-02,4.184293909929692745e-03,2.504368603695183992e-03,4.800006543596600039e+01,0.000000000000000000e+00,1.937340525125547654e-06,-2.736186918107154044e-07,-9.834753853418369548e-10,1.956567521458376389e-06
2.193000000000000000e+03,1.083358982577919960e-02,4.204200929962098598e-03,1.670698111411184072e-03,4.888957286874463648e+01,0.000000000000000000e+00,2.040623022529833794e-06,-2.756692444795927977e-07,-2.901762386122418004e-07,2.079504292346109161e-06
2.194000000000000000e+03,1.183282909914851189e-02,4.204686381854116917e-03,1.669241464696824551e-03,5.155421093106285468e+01,0.000000000000000000e+00,2.403009621343465267e-06,-3.012165390089108778e-07,-3.174021837299966060e-07,2.442525494212566579e-06
2.195000000000000000e+03,1.252860669046640396e-02,5.035542417317628860e-03,3.181674750521779060e-03,5.340961784124390022e+01,0.000000000000000000e+00,2.688247458746892839e-06,1.409794725021712545e-08,2.703792787027216060e-07,2.701847165538347039e-06
2.196000000000000000e+03,1.083522432669997183e-02,7.440697330339029157e-03,4.164406969211996087e-03,4.889393153786671320e+01,0.000000000000000000e+00,1.922941730510902548e-06,8.449211690440902654e-07,5.744502870587549112e-07,2.177519187777913095e-06
2.197000000000000000e+03,1.039299509126795362e-02,9.106360021978617686e-03,2.713251703256942989e-03,4.771465357671466734e+01,0.000000000000000000e+00,1.640051374924805798e-06,1.363296616148263951e-06,6.800850411493274696e-08,2.133769278208401395e-06
2.198000000000000000e+03,1.399999861910294907e-02,9.165357993984553364e-03,1.265403500072595977e-03,5.733332965094135858e+01,0.000000000000000000e+00,3.016840063191675745e-06,1.865758291383226922e-06,-5.567596314503143747e-07,3.590593162133006144e-06
2.199000000000000000e+03,1.999999917449600192e-02,9.165358923722496248e-03,1.265359020953922596e-03,7.333333113198966657e+01,0.000000000000000000e+00,6.281225120138976676e-06,2.665526641916624444e-06,-7.951960405579285935e-07,6.869582085654936431e-06
2.200000000000000000e+03,2.084260542990947623e-02,8.380921203643084544e-03,2.082177929742186177e-03,7.558028114642560524e+01,0.000000000000000000e+00,6.948346092169538670e-06,2.254717474942873724e-06,-2.838022858252056666e-07,7.310527207104838799e-06
2.201000000000000000e+03,2.079393590145506981e-02,7.300213038522010076e-03,3.969170907512307653e-03,7.545049573721381364e+01,0.000000000000000000e+00,6.982830888534819679e-06,1.530538335981803977e-06,9.725861541963373410e-07,7.214457612538890934e-06
2.202000000000000000e+03,2.229467870295047741e-02,8.136474921656922099e-03,3.969170907512307653e-03,7.945247654120174730e+01,0.000000000000000000e+00,7.944723445866608470e-06,2.237602259609714870e-06,1.042727266062113140e-06,8.319421533670622661e-06
2.203000000000000000e+03,2.265926541388034801e-02,7.166853335974886739e-03,4.159551518969238290e-03,8.042470777034793628e+01,0.000000000000000000e+00,8.279743123178454116e-06,1.571139803371099691e-06,1.197935629683298903e-06,8.512207483398333908e-06
2.204000000000000000e+03,2.115852261238494042e-02,6.330591452839975583e-03,4.159551518969238290e-03,7.642272696636010210e+01,0.000000000000000000e+00,7.274398916011357079e-06,9.008757899221772388e-07,1.118652212713722937e-06,7.414839145331773221e-06
2.205000000000000000e+03,2.300132275437290902e-02,9.133974596215560862e-03,3.764457182479979611e-03,8.133686067832827860e+01,0.000000000000000000e+00,8.349731550023878880e-06,3.042700706335570229e-06,9.250122990708134078e-07,8.934858269677892244e-06
2.206000000000000000e+03,2.627556899145341851e-02,8.090525320492472292e-03,8.216961286962032318e-04,9.006818397720944347e+01,0.000000000000000000e+00,1.103173106825510708e-05,2.598162373998646496e-06,-1.417431351649259315e-06,1.142184966284382058e-05
2.207000000000000000e+03,2.029467880798197649e-02,9.002500325441361445e-03,2.734530109858188292e-03,7.411914348795225749e+01,0.000000000000000000e+00,6.516326443937492757e-06,2.599188873184421318e-06,1.472324171808641213e-07,7.017119815644711189e-06
2.208000000000000000e+03,2.000000010503150127e-02,9.133974596215562597e-03,3.765359202345880743e-03,7.333333361341763634e+01,0.000000000000000000e+00,6.284708167528744886e-06,2.645705886482015002e-06,8.047970889719442921e-07,6.866222742031154001e-06
2.209000000000000000e+03,1.989914290606975555e-02,8.128327317535877228e-03,2.941789920441806316e-03,7.306438108285296096e+01,0.000000000000000000e+00,6.359495852345362058e-06,1.991907649917337154e-06,2.764188684141572420e-07,6.669879382163700382e-06
2.210000000000000000e+03,2.281501495910194521e-02,5.849119917919295975e-03,8.326785755343735218e-04,8.084003989093891107e+01,0.000000000000000000e+00,8.455515067403659798e-06,6.195267276308834022e-07,-1.222568644330276066e-06,8.565875466724864705e-06
2.211000000000000000e+03,2.310413215309381485e-02,5.813763011246919632e-03,2.494172251317650080e-03,8.161101907491716645e+01,0.000000000000000000e+00,8.713712047517766120e-06,6.014176306129460488e-07,-9.659259392993635262e-09,8.734447556357549441e-06
2.212000000000000000e+03,1.139174272869312304e-02,8.271725659074320031e-03,1.446354435756802559e-03,5.037798060984842863e+01,0.000000000000000000e+00,2.070356743239197454e-06,1.191341505138432956e-06,-3.871805098115705334e-07,2.419830649718998632e-06
2.213000000000000000e+03,1.099959529891552865e-02,9.165365637095702553e-03,1.265620722824835863e-03,4.933225413044150542e+01,0.000000000000000000e+00,1.816100281068309955e-06,1.464398841773928539e-06,-4.374885036884207384e-07,2.373621787384155242e-06
2.214000000000000000e+03,1.100000140644294758e-02,8.346425602743538438e-04,3.765359168926942120e-03,4.933333708384796523e+01,0.000000000000000000e+00,1.815548706582043870e-06,-1.464859503106211049e-06,4.431689582127776898e-07,2.374537680336049503e-06
2.215000000000000000e+03,8.837009066948483052e-03,4.131669520143533419e-03,4.170233439654112348e-03,4.356535751186267902e+01,0.000000000000000000e+00,1.376285715759133815e-06,-2.436533245304504413e-07,4.708718271799717808e-07,1.474872737421496247e-06
2.216000000000000000e+03,8.351470096269438328e-03,4.956600364972019862e-03,4.177030930295587072e-03,4.227058692338524537e+01,0.000000000000000000e+00,1.253590520989740288e-06,-1.152140026733676143e-08,4.468506349883320500e-07,1.330900983157246060e-06
2.217000000000000000e+03,5.693673389032483101e-03,5.006311577744781971e-03,1.705656934063881636e-03,3.518312903742003073e+01,0.000000000000000000e+00,6.795838827337936431e-07,8.531153960861475018e-10,-1.464900452047615474e-07,6.951937246706925752e-07
2.218000000000000000e+03,6.676404504105448723e-03,5.015051225200295448e-03,1.697402738500386477e-03,3.780374534428125344e+01,0.000000000000000000e+00,8.797182338480191992e-07,2.751237980561458975e-09,-1.736605874453641199e-07,8.966993587077961127e-07
2.219000000000000000e+03,5.597051233053207397e-03,4.712560330517590046e-03,2.539327484555542469e-03,3.492546995480861227e+01,0.000000000000000000e+00,6.705570617447578184e-07,-4.906682518694517329e-08,5.517241033341995070e-09,6.723724907655794643e-07
2.220000000000000000e+03,9.831437375396490097e-03,4.194975714199244976e-03,1.671669189818203449e-03,4.621716633439076105e+01,0.000000000000000000e+00,1.708810885565898948e-06,-2.525296324558896367e-07,-2.631497828088826103e-07,1.747298962996653300e-06
2.221000000000000000e+03,5.688618198450360632e-03,8.993760794401169795e-03,2.373963363122274205e-03,3.516964852920100526e+01,0.000000000000000000e+00,4.508960377810512693e-07,7.057865374397922715e-07,-2.497417188826847393e-08,8.378935389292647225e-07
2.222000000000000000e+03,5.696872510429177618e-03,8.594161942601204890e-03,2.990597976956595704e-03,3.519166002781116021e+01,0.000000000000000000e+00,4.969472923079849748e-07,6.339209183868618072e-07,8.826986971315175032e-08,8.103109970868327071e-07
2.223000000000000000e+03,6.676380139217032855e-03,8.594161942601204890e-03,2.946571380991311676e-03,3.780368037124546987e+01,0.000000000000000000e+00,6.889864691668609710e-07,7.534771288592370035e-07,9.377482386114364011e-08,1.025292083261723787e-06
2.224000000000000000e+03,1.866533514112234116e-02,5.001941695809364319e-03,2.499998779967427254e-03,6.977422704299311818e+01,0.000000000000000000e+00,5.757870232600196511e-06,9.365721151194180127e-10,-4.299927166271863960e-09,5.757871914345126052e-06
2.225000000000000000e+03,1.849830895662307739e-02,4.184293909929692745e-03,2.501940994989126921e-03,6.932882388432840060e+01,0.000000000000000000e+00,5.647905545949248497e-06,-4.831063805847855517e-07,-3.026948383987506443e-09,5.668530496816835908e-06
2.226000000000000000e+03,1.799917500466108322e-02,4.999513970687985420e-03,2.499513269867748022e-03,6.799780001242973526e+01,0.000000000000000000e+00,5.367104889596916066e-06,-5.022336073252966876e-10,-4.434527918713294323e-09,5.367106745091957331e-06
2.227000000000000000e+03,1.900087298621561810e-02,8.356462477708804203e-04,3.765575343903824861e-03,7.066899462990843972e+01,0.000000000000000000e+00,5.657175044113628113e-06,-2.532206370557259696e-06,7.655699617816460368e-07,6.245141787759117492e-06
2.228000000000000000e+03,1.856841162676032414e-02,1.713702817261462171e-03,3.542431453242898039e-03,6.951576433802767951e+01,0.000000000000000000e+00,5.510091562591869854e-06,-1.952878366839864987e-06,6.154683067557568762e-07,5.878234784392169344e-06
2.229000000000000000e+03,1.806756334006786452e-02,8.780565694905817509e-04,3.542431453242898039e-03,6.818016890684775433e+01,0.000000000000000000e+00,5.117425476962337848e-06,-2.383359607048240676e-06,5.989548738384078173e-07,5.676899987640009490e-06
2.230000000000000000e+03,1.949754916131496429e-02,5.827357992529869080e-03,2.498542191460728645e-03,7.199346443017348918e+01,0.000000000000000000e+00,6.255045528261748660e-06,5.160040384859758874e-07,-5.477293270542183496e-09,6.276295462221540834e-06
2.231000000000000000e+03,1.683450618951139177e-02,5.772767459707269476e-03,4.164406969211996087e-03,6.489201650536391242e+01,0.000000000000000000e+00,4.664530925839517469e-06,4.162931843230423121e-07,8.926465495565314748e-07,4.767385723419310391e-06
2.232000000000000000e+03,1.733315492241201128e-02,4.954634338350901411e-03,4.166349126026034841e-03,6.622174645976552654e+01,0.000000000000000000e+00,4.946533131050540761e-06,-2.520962829166673209e-08,9.202581988092191575e-07,5.031471026888146820e-06
2.233000000000000000e+03,1.783310016325923703e-02,5.775420905119675249e-03,4.166349126026034841e-03,6.755493376869152655e+01,0.000000000000000000e+00,5.218208714403638647e-06,4.424920964171694640e-07,9.467177799580897529e-07,5.321820740814040884e-06
2.234000000000000000e+03,1.749955490231513977e-02,5.016507813706994057e-03,1.874624576885253191e-03,6.666547973950726202e+01,0.000000000000000000e+00,5.076957489346138430e-06,8.956538586845580539e-09,-3.542500142808115227e-07,5.089309446361977291e-06
2.235000000000000000e+03,1.783166360110044479e-02,4.204200929962098598e-03,1.668755954597145319e-03,6.755110293626812279e+01,0.000000000000000000e+00,5.249701038599671862e-06,-4.544393866125969726e-07,-4.783524976447517357e-07,5.291001536834238829e-06
2.236000000000000000e+03,2.016658222008699264e-02,4.148315410898688847e-03,4.167320146225393304e-03,7.377755258689882112e+01,0.000000000000000000e+00,6.634848107944492246e-06,-5.496832890876586479e-07,1.071435526390387679e-06,6.743243672077131776e-06
2.237000000000000000e+03,2.327861171215772629e-02,3.899380215443670750e-03,2.513716171961277723e-03,8.207629789908746432e+01,0.000000000000000000e+00,8.834410609173305812e-06,-8.200997751495626416e-07,5.032521507007697930e-09,8.872395379994455039e-06
2.238000000000000000e+03,2.219210751354694366e-02,5.862174555659294128e-03,1.664175535552203655e-03,7.917895336945886697e+01,0.000000000000000000e+00,8.040078547803767038e-06,6.119628994992943865e-07,-5.987150049821970513e-07,8.085531602956526351e-06
2.239000000000000000e+03,2.119919750839471817e-02,5.915494635701179504e-03,1.648315868806093931e-03,7.653119335571958004e+01,0.000000000000000000e+00,7.348797960828359324e-06,6.207440030335546814e-07,-5.827065406272525178e-07,7.397952520722673128e-06
2.240000000000000000e+03,2.134974473085166080e-02,6.732555658224987846e-03,8.168189087882637978e-04,7.693265261560479473e+01,0.000000000000000000e+00,7.382760794325123158e-06,1.183283635499736517e-06,-1.154999752494582227e-06,7.565668611334238354e-06
2.241000000000000000e+03,2.234265473600388630e-02,6.679235578183102470e-03,8.326785755343735218e-04,7.958041262934412430e+01,0.000000000000000000e+00,8.080643681536164795e-06,1.200202940802071629e-06,-1.197351492280303502e-06,8.256569505740635114e-06
2.242000000000000000e+03,2.186373141523362262e-02,5.886207886640000206e-03,8.314969600178301334e-04,7.830328377395669293e+01,0.000000000000000000e+00,7.774391458498717525e-06,6.196312213963994872e-07,-1.172436866184774621e-06,7.886679504436337586e-06
2.243000000000000000e+03,1.283476816159502196e-02,5.772660113682992478e-03,4.164406969211996087e-03,5.422604843092022264e+01,0.000000000000000000e+00,2.766256761141050731e-06,3.172321416753089021e-07,6.805957915606855960e-07,2.866360642305952905e-06
2.244000000000000000e+03,2.263770953207254466e-02,5.520016128686746140e-03,4.159551518969238290e-03,8.036722541886042848e+01,0.000000000000000000e+00,8.334918237881764266e-06,3.766565613037722777e-07,1.196970487542713409e-06,8.428847521778732864e-06
2.245000000000000000e+03,2.315216755950407629e-02,6.313052664420523361e-03,4.159551518969238290e-03,8.173911349201121368e+01,0.000000000000000000e+00,8.688569556592913974e-06,9.727562074922052227e-07,1.224095186347740023e-06,8.828131433333301757e-06
2.246000000000000000e+03,2.410479506933645849e-02,6.290717919266738609e-03,4.152268460020423421e-03,8.427945351823090903e+01,0.000000000000000000e+00,9.410175784336564684e-06,9.955509804519510510e-07,1.268862816510533908e-06,9.547384086435203342e-06
2.247000000000000000e+03,2.100381327152301553e-02,8.391784782320189755e-04,3.766621892009456261e-03,7.601016872406150071e+01,0.000000000000000000e+00,6.939657940319794030e-06,-2.796704920081127442e-06,8.469582141493830895e-07,7.529790764368201253e-06
2.248000000000000000e+03,2.301401849942848882e-02,9.156391045898997980e-03,1.264457182479979775e-03,8.137071599847654113e+01,0.000000000000000000e+00,8.356717885516319461e-06,3.060622884799100172e-06,-9.155998100259444260e-07,8.946533925112219106e-06
2.249000000000000000e+03,2.032923499015110852e-02,5.046010984822100684e-03,8.336496539413928986e-04,7.421129330706989435e+01,0.000000000000000000e+00,6.751135983355091691e-06,2.953058623739788301e-08,-1.088682977732967922e-06,6.838416464890169838e-06
2.250000000000000000e+03,2.083955319491165997e-02,5.913580105422920272e-03,8.168189087882637978e-04,7.557214185309808840e+01,0.000000000000000000e+00,7.073048406037688226e-06,6.088455785261829573e-07,-1.127321902953466478e-06,7.188154239129944780e-06
2.251000000000000000e+03,2.135353987929362179e-02,5.067232333837932631e-03,8.314969600178301334e-04,7.694277301144992975e+01,0.000000000000000000e+00,7.434103645472953648e-06,4.553855113747121807e-08,-1.144998376120679412e-06,7.521900827091045525e-06
2.252000000000000000e+03,2.066322475491648436e-02,4.966599263039002399e-03,4.167320146225393304e-03,7.510193267977750509e+01,0.000000000000000000e+00,6.970877654782225691e-06,-2.213358034325532407e-08,1.097738665838261136e-06,7.056816233387215020e-06
2.253000000000000000e+03,2.099300827831029892e-02,4.983005812391638756e-03,3.327842801809310913e-03,7.598135540882765326e+01,0.000000000000000000e+00,7.224019188589638624e-06,-1.155406557130090561e-08,5.513208550298895369e-07,7.245035639576483305e-06
2.254000000000000000e+03,2.165712382464295149e-02,5.506032939788470248e-03,4.159551518969238290e-03,7.775233019904814569e+01,0.000000000000000000e+00,7.640194885295121635e-06,3.506511777174503145e-07,1.145110194003706593e-06,7.733486373566295059e-06
2.255000000000000000e+03,2.179175635613441603e-02,7.294312949190934897e-03,3.969170907512307653e-03,7.811135028302545891e+01,0.000000000000000000e+00,7.663148445868398325e-06,1.599857576451929534e-06,1.019281452862568357e-06,7.894448875538780415e-06
2.256000000000000000e+03,2.215634306706428663e-02,6.324691363508900405e-03,4.159551518969238290e-03,7.908358151217179000e+01,0.000000000000000000e+00,7.966171618892582378e-06,9.391713613100881993e-07,1.171426126172847480e-06,8.106427837009038773e-06
2.257000000000000000e+03,7.590053615056961342e-03,1.720941247989495396e-03,1.042431453242897987e-03,4.024014297348534086e+01,0.000000000000000000e+00,8.996637725478883547e-07,-7.871680808034926981e-07,-3.564394418712016209e-07,1.247428381428130948e-06
2.258000000000000000e+03,7.316209620692818924e-03,2.803693264362474083e-03,8.453025948256254196e-04,3.950989232184760880e+01,0.000000000000000000e+00,9.179297860358622957e-07,-5.055714071871842380e-07,-3.900302122644504431e-07,1.118177582647821533e-06
2.259000000000000000e+03,5.654079734387748753e-03,1.009637606330215931e-03,2.354810278834866370e-03,3.507754595836737366e+01,0.000000000000000000e+00,4.452809473253553822e-07,-7.010286118593380748e-07,-2.750416358597454575e-08,8.309468789946565659e-07
2.260000000000000000e+03,9.156270117978412837e-03,4.215219278664207245e-03,8.365628891624510288e-04,4.441672031460920067e+01,0.000000000000000000e+00,1.470367705567573051e-06,-2.288677451917045827e-07,-4.901700261409603540e-07,1.566725339327928892e-06
2.261000000000000000e+03,6.309909361978234543e-03,4.471695742707164356e-03,8.535567903891205788e-04,3.682642496527534348e+01,0.000000000000000000e+00,7.642313714575976964e-07,-1.032134756671991192e-07,-3.349274514944523200e-07,8.407609698623223556e-07
2.262000000000000000e+03,1.067044865339994431e-02,4.977179225534200668e-03,3.335125977173447609e-03,4.845452974240001254e+01,0.000000000000000000e+00,1.994831035730133902e-06,-7.900888756317141130e-09,2.827556644026142611e-07,2.014786353663103246e-06
2.263000000000000000e+03,1.083363185215482569e-02,4.139236712668267412e-03,4.169262303039432058e-03,4.888968493907964330e+01,0.000000000000000000e+00,2.005946273330152868e-06,-2.978859169446147801e-07,5.764891094766290325e-07,2.108292238838396817e-06
2.264000000000000000e+03,1.133519376206884241e-02,4.954456773426560087e-03,4.166834694333374986e-03,5.022718336551704255e+01,0.000000000000000000e+00,2.195890595947359651e-06,-1.653938168835773494e-08,6.021585391767476992e-07,2.277016461692835116e-06
2.265000000000000000e+03,1.016480401463462288e-02,4.213492980525040607e-03,8.351063006557524204e-04,4.710614403902576441e+01,0.000000000000000000e+00,1.782583655610658863e-06,-2.554209761403918334e-07,-5.443488507267520300e-07,1.881265540956487846e-06
2.266000000000000000e+03,9.660814612429870912e-03,3.386619978882515411e-03,8.365628891624510288e-04,4.576217229981310908e+01,0.000000000000000000e+00,1.590915370448857100e-06,-4.970533517582220193e-07,-5.169027387275643058e-07,1.745067961922561774e-06
2.267000000000000000e+03,1.116554524574327883e-02,4.227278064357779634e-03,8.355918107554316521e-04,4.977478732198218125e+01,0.000000000000000000e+00,2.124643611447241729e-06,-2.761040387052000074e-07,-5.975558299421197765e-07,2.224278958617986915e-06
2.268000000000000000e+03,1.116909738630056381e-02,5.795312346890568733e-03,3.331241663545370102e-03,4.978425969680167640e+01,0.000000000000000000e+00,2.159084216456371322e-06,2.837135649106150009e-07,2.944640925536781987e-07,2.197463797760676238e-06
2.269000000000000000e+03,2.381201519155459051e-02,7.245287702328481391e-03,3.966307090595365056e-03,8.349870717747936055e+01,0.000000000000000000e+00,9.140944808640644824e-06,1.710809062600561226e-06,1.111645471840973234e-06,9.365868635548712411e-06
2.270000000000000000e+03,1.883138902485370636e-02,4.204200929962098598e-03,1.668755954597145319e-03,7.021703739961007784e+01,0.000000000000000000e+00,5.836112723542361553e-06,-4.798907129968998959e-07,-5.051606285027773237e-07,5.877558513439320437e-06
2.271000000000000000e+03,1.716536525365441879e-02,4.227239418077513404e-03,8.355918107554316521e-04,6.577430734307867510e+01,0.000000000000000000e+00,4.843771791027248157e-06,-4.249122610984434469e-07,-9.181406517946527676e-07,4.948298480251673087e-06
2.272000000000000000e+03,1.000019546799994080e-02,9.165365637095702553e-03,1.266897267500140213e-03,4.666718791466659866e+01,0.000000000000000000e+00,1.480215284136750923e-06,1.329835787974222851e-06,-3.974588733446083152e-07,2.029155998529790132e-06
2.273000000000000000e+03,9.167469178892630882e-03,7.491228158093993575e-03,8.452618494629859924e-04,4.444658447704714632e+01,0.000000000000000000e+00,1.385008120553969813e-06,7.266548518023682445e-07,-4.883945107783834112e-07,1.638537142028467416e-06
2.274000000000000000e+03,8.391247901700395889e-03,7.911574315719311148e-03,8.089289185591042042e-04,4.237666107120116976e+01,0.000000000000000000e+00,1.128681646670424468e-06,7.752076760825700471e-07,-4.571342881390549189e-07,1.443551508599675924e-06
2.275000000000000000e+03,8.998400144026667477e-03,9.165525768391791922e-03,1.266897267500140213e-03,4.399573371740452643e+01,0.000000000000000000e+00,1.175848232651629517e-06,1.194226297699740834e-06,-3.579151120010413427e-07,1.713738236647099077e-06
2.276000000000000000e+03,7.893571672961115920e-03,8.746048547327519435e-03,8.089289185591042042e-04,4.104952446122972276e+01,0.000000000000000000e+00,9.102357189587463838e-07,9.374198371476725481e-07,-4.303336666204745302e-07,1.375671501403346159e-06
2.277000000000000000e+03,6.172148019075394607e-03,8.594161942601204890e-03,4.172175596468151101e-03,3.645906138420107823e+01,0.000000000000000000e+00,5.456030235033290756e-07,6.917297490558427681e-07,3.303605488166448239e-07,9.409095584588713219e-07
2.278000000000000000e+03,2.445595281603687998e-02,5.525939645658623466e-03,4.152268460020423421e-03,8.521587417609867998e+01,0.000000000000000000e+00,9.705243902069682929e-06,4.115440210693424771e-07,1.287434448377108567e-06,9.798908874910856992e-06
2.279000000000000000e+03,1.339429719244258563e-02,1.702994913587680976e-03,3.974561169743538389e-03,5.571812584651367217e+01,0.000000000000000000e+00,2.845447644153546251e-06,-1.413166423817439881e-06,6.292013938046855550e-07,3.238750689847814730e-06
2.280000000000000000e+03,2.919159960423654832e-02,7.029168237542134101e-03,1.514385440180531818e-03,9.784426561129754418e+01,0.000000000000000000e+00,1.373624864858486794e-05,1.895170857741556521e-06,-9.274980327761306466e-07,1.389735414086386709e-05
2.281000000000000000e+03,2.900129403918981497e-02,7.796100616455079076e-03,4.195018727332354078e-03,9.733678410450636420e+01,0.000000000000000000e+00,1.347000566379746087e-05,2.594844009571069611e-06,1.566202825913661948e-06,1.380678309051903972e-05
2.282000000000000000e+03,1.100000002220840115e-02,8.660254037844393460e-04,1.265359168926942285e-03,4.933333339255581507e+01,0.000000000000000000e+00,1.820431433963341754e-06,-1.454067613275792995e-06,-4.367170874162034858e-07,2.370444060546605978e-06
2.283000000000000000e+03,1.300000733939398433e-02,8.346491281672929925e-04,3.765360067117791074e-03,5.466668623838405949e+01,0.000000000000000000e+00,2.583975335849678813e-06,-1.732680579305913477e-06,5.236950620955994656e-07,3.154895726366665761e-06
2.284000000000000000e+03,1.000007951717861790e-02,8.336788020987043191e-04,3.765359168926942120e-03,4.666687871247643216e+01,0.000000000000000000e+00,1.479345735685016464e-06,-1.330505601149117713e-06,4.030176842392192910e-07,2.030057194807121807e-06
2.285000000000000000e+03,2.706039855468619221e-02,8.294185087347198844e-04,4.015303740183615369e-03,9.216106281249653875e+01,0.000000000000000000e+00,1.158502598774848106e-05,-3.611512895511715835e-06,1.306470379535325799e-06,1.220502836472976887e-05
2.286000000000000000e+03,8.090530636650789670e-04,2.109053063665078907e-03,4.331153861969926772e-03,2.215747483644023319e+01,0.000000000000000000e+00,1.042646199808927256e-08,-4.134048811314625907e-08,3.672038730260364690e-08,5.626840952865117515e-08
2.287000000000000000e+03,6.732050807568877929e-04,1.306538414090220547e-03,4.331153861969926772e-03,2.179521354868505512e+01,0.000000000000000000e+00,-5.730619117282351881e-09,-4.557606193637947166e-08,3.259641524730810319e-08,5.632533802891021883e-08
2.288000000000000000e+03,8.090530636650789670e-04,2.950322904934919981e-03,4.014385440180531436e-03,2.215747483644023319e+01,0.000000000000000000e+00,3.020519555458896323e-08,-2.878599916812328837e-08,2.457339784281611473e-08,4.842354249886593417e-08
2.289000000000000000e+03,1.267863786779344082e-03,1.658508194175858930e-03,3.500416165009358292e-03,2.338097009807828996e+01,0.000000000000000000e+00,3.451464695925703199e-08,-8.955468266843803036e-08,3.435861537439862436e-08,1.019402594317507437e-07
2.290000000000000000e+03,2.734088127091196911e-03,1.830181212896229460e-03,4.169262303039432058e-03,2.729090167224323338e+01,0.000000000000000000e+00,1.111759875492824118e-07,-2.301735969359738127e-07,1.452487356015670053e-07,2.940020070133131742e-07
2.291000000000000000e+03,2.774767348170280312e-02,1.043625408783555031e-03,4.167805714532733449e-03,9.399379595120745989e+01,0.000000000000000000e+00,1.220783703555476001e-05,-3.513019686163532118e-06,1.475034113214634798e-06,1.278860109774254625e-05
2.292000000000000000e+03,2.811434014836947104e-02,1.043625408783555031e-03,3.498959576502659683e-03,9.497157372898527683e+01,0.000000000000000000e+00,1.256395373611450128e-05,-3.559512465986201920e-06,8.927898059880814262e-07,1.308893181724211321e-05
2.293000000000000000e+03,2.904101867228746359e-02,1.953112027341765908e-03,1.706359025775254501e-03,9.744271645943321403e+01,0.000000000000000000e+00,1.351879645692481589e-05,-2.831827354520448440e-06,-7.437722214320868644e-07,1.383221966739059799e-05
2.294000000000000000e+03,2.874767348170280401e-02,1.757911123069269207e-03,2.555992561611146463e-03,9.666046261787415972e+01,0.000000000000000000e+00,1.323813473387961411e-05,-2.982705862983050480e-06,4.536199565623285447e-08,1.357007012539261824e-05
2.295000000000000000e+03,2.928571428571428298e-02,7.142857142857141767e-04,1.776373694156826999e-03,9.809523809523818727e+01,0.000000000000000000e+00,1.360352724616480827e-05,-4.016634935775396826e-06,-6.842942668550409142e-07,1.420061859174065602e-05
2.296000000000000000e+03,1.306538414090220764e-03,6.732050807568875760e-04,4.331924469426792594e-03,2.348410243757395932e+01,0.000000000000000000e+00,-4.334070056330986590e-08,-1.344567849474804485e-07,7.929401256238388478e-08,1.620018017553354002e-07
2.297000000000000000e+03,6.333333333333329707e-04,6.333333333333329707e-04,3.663078331396719262e-03,2.168888888888890776e+01,0.000000000000000000e+00,-1.813361207756890911e-08,-5.519858796375488895e-08,2.086838397474893071e-08,6.173492892917021535e-08
2.298000000000000000e+03,1.941068867536231875e-03,1.698379941599413535e-03,4.169262303039432058e-03,2.517618364676333087e+01,0.000000000000000000e+00,4.882379052436475254e-08,-1.537521140364026993e-07,9.991745263254531133e-08,1.897550326932252151e-07
2.299000000000000000e+03,1.901197120112677053e-03,1.025174860842525959e-03,3.501186772466223680e-03,2.506985898696718351e+01,0.000000000000000000e+00,2.505963478273631060e-08,-1.912863854049318594e-07,5.963646475919668391e-08,2.019281418368998808e-07
2.300000000000000000e+03,1.183426037359295094e-02,5.775366125857902752e-03,4.166834694333374986e-03,5.155802766291468942e+01,0.000000000000000000e+00,2.371249570332796581e-06,2.933659417484318857e-07,6.285182900118931467e-07,2.470611936638550823e-06
2.301000000000000000e+03,4.304219639330109440e-04,9.000000000000001055e-03,5.208333333333334345e-04,2.114779190382137486e+01,0.000000000000000000e+00,-1.494697390786957935e-08,2.937250011641421027e-08,-2.458569740346512783e-08,4.111705617996063470e-08
2.302000000000000000e+03,2.205582373968695623e-03,9.245457776288202451e-03,1.250000000000000243e-03,2.588155299724988012e+01,0.000000000000000000e+00,3.227152052970354087e-09,2.499693083040433090e-07,-9.093824958405340395e-08,2.660166063270983617e-07
2.303000000000000000e+03,2.919159960423654832e-02,7.789485697859594403e-03,8.881868470784134995e-04,9.784426561129751576e+01,0.000000000000000000e+00,1.365147040521015457e-05,2.605340250633566207e-06,-1.512530614256995099e-06,1.397992099065530269e-05
2.304000000000000000e+03,2.727046598184403731e-02,8.149281695919104868e-03,8.216961286962032318e-04,9.272124261825106828e+01,0.000000000000000000e+00,1.187822980481886503e-05,2.747826701664419797e-06,-1.471085883412407551e-06,1.228034969187940053e-05
2.305000000000000000e+03,2.928571428571428298e-02,9.285714285714286031e-03,1.779936038597977870e-03,9.809523809523820148e+01,0.000000000000000000e+00,1.360361806987925988e-05,4.016015729744157358e-06,-6.818680999516465886e-07,1.420041376293063189e-05
2.306000000000000000e+03,2.932679491924310849e-02,8.612509204957399106e-03,8.881868470784134995e-04,9.820478645131505857e+01,0.000000000000000000e+00,1.369375085776869427e-05,3.389780410045072332e-06,-1.519620704341482773e-06,1.418868108275147321e-05
2.307000000000000000e+03,2.861250920495739605e-02,9.326794919243111548e-03,8.917491915195642624e-04,9.630002454655321742e+01,0.000000000000000000e+00,1.294103826437971741e-05,3.961210527083704688e-06,-1.479438138213664948e-06,1.361434528006469571e-05
2.308000000000000000e+03,2.936666666666666592e-02,9.366666666666667238e-03,3.663138937642788310e-03,9.831111111111124501e+01,0.000000000000000000e+00,1.365543956604997188e-05,4.103391663459504683e-06,1.085949013052184932e-06,1.429993490001758700e-05
2.309000000000000000e+03,2.932679491924311196e-02,8.693461585909778577e-03,4.331153861969926772e-03,9.820478645131508699e+01,0.000000000000000000e+00,1.367295443126025911e-05,3.466117127051524298e-06,1.711448890906169121e-06,1.420889538718416436e-05
2.310000000000000000e+03,1.816589270568661971e-02,4.223998881273238921e-03,8.331641438417136669e-04,6.844238054849790842e+01,0.000000000000000000e+00,5.409110798137666581e-06,-4.515294303572879908e-07,-9.730533072289521321e-07,5.514452936757868170e-06
2.311000000000000000e+03,2.000099035998267882e-02,8.356462477708804203e-04,3.766621892009456261e-03,7.333597429328730755e+01,0.000000000000000000e+00,6.281250195611437688e-06,-2.665460154025550560e-06,8.065278850907130602e-07,6.870900165334636677e-06
2.312000000000000000e+03,8.102926235646009528e-03,8.732011774554848671e-04,3.542431453242898039e-03,4.160780329505612229e+01,0.000000000000000000e+00,9.438447111403457917e-07,-1.062430319620918095e-06,2.691724264953654941e-07,1.446393728547939837e-06
2.313000000000000000e+03,2.267863786779344103e-03,1.025174860842525959e-03,4.169262303039432058e-03,2.604763676474496137e+01,0.000000000000000000e+00,1.746003260501978788e-08,-2.371604224420940068e-07,1.235609296203054786e-07,2.679873542541045272e-07
2.314000000000000000e+03,2.730694474620969786e-03,1.025174860842525959e-03,3.223727982945164515e-03,2.728185193232264538e+01,0.000000000000000000e+00,7.652996920636928525e-08,-3.011873199077002277e-07,6.330404050735077388e-08,3.171404096050635806e-07
2.315000000000000000e+03,2.929055028153478533e-03,8.050063520537035014e-04,4.054465679905732561e-03,2.781081340840931659e+01,0.000000000000000000e+00,3.922951124228346543e-08,-3.470029599179340094e-07,1.496449862810365485e-07,3.799258225801022926e-07
2.316000000000000000e+03,2.894738536328077261e-02,4.582202816382051000e-03,2.432493623277323831e-03,9.719302763541550405e+01,0.000000000000000000e+00,1.358782894044383097e-05,-3.872518442778762479e-07,-6.902335588760196025e-08,1.359352138076508633e-05
2.317000000000000000e+03,2.910480127065726702e-02,4.987380416866839250e-03,1.338128480060177218e-03,9.761280338841947923e+01,0.000000000000000000e+00,1.371506856734781734e-05,-1.210955664798441135e-08,-1.088681855078064446e-06,1.375821502339567769e-05
2.318000000000000000e+03,2.497363555667481139e-02,3.206873536863792847e-03,4.159551518969238290e-03,8.659636148446628567e+01,0.000000000000000000e+00,1.006726044200553919e-05,-1.433043166070518216e-06,1.320760521093246429e-06,1.025415788239431619e-05
2.319000000000000000e+03,2.291941388056090850e-02,2.996466128799521109e-03,8.409327710978686810e-04,8.111843701482926861e+01,0.000000000000000000e+00,8.479656040035744882e-06,-1.469848189794310326e-06,-1.221804210425170220e-06,8.692400461723388867e-06
2.320000000000000000e+03,6.732050807568886602e-04,8.693461585909778577e-03,4.331153861969926772e-03,2.179521354868504446e+01,0.000000000000000000e+00,-5.742786168020913181e-09,4.523912916478544609e-08,3.301507714171298246e-08,5.629878967822498740e-08
2.321000000000000000e+03,1.791937332202094349e-03,8.775753546506167430e-03,2.084135222248733287e-03,2.477849955253893910e+01,0.000000000000000000e+00,4.477260966202707254e-08,1.655983435284179292e-07,-2.345869864206888563e-08,1.731407187731515683e-07
2.322000000000000000e+03,3.128232089383063338e-03,9.245457776288202451e-03,1.576794919243112254e-03,2.834195223835488164e+01,0.000000000000000000e+00,7.105002114673401986e-08,3.811818955344916280e-07,-9.578004833638835200e-08,3.994015030611931962e-07
2.323000000000000000e+03,2.836781359153057319e-02,1.912031393812939741e-03,8.181721786968410015e-04,9.564750291074821575e+01,0.000000000000000000e+00,1.286102519483950526e-05,-2.803575689893464270e-06,-1.532793712290996073e-06,1.325199842573552956e-05
2.324000000000000000e+03,2.861250920495739605e-02,6.732050807568880097e-04,8.881868470784134995e-04,9.630002454655307531e+01,0.000000000000000000e+00,1.294084614477733689e-05,-3.962017567366855283e-06,-1.481778823898236185e-06,1.361465205687884242e-05
2.325000000000000000e+03,6.995029113936710591e-03,8.414859880526257170e-04,3.764455979068955568e-03,3.865341097049795138e+01,0.000000000000000000e+00,6.654329502749568516e-07,-9.180166246573590762e-07,2.828237448043788724e-07,1.168565276347066619e-06
2.326000000000000000e+03,2.936666666666666592e-02,6.333333333333334043e-04,3.662307723939853005e-03,9.831111111111113132e+01,0.000000000000000000e+00,1.365546239775907178e-05,-4.103609871774750437e-06,1.086097388425142055e-06,1.430003058785130833e-05
2.327000000000000000e+03,2.807446840094591362e-02,1.716830489540443041e-03,4.167805714532733449e-03,9.486524906918907618e+01,0.000000000000000000e+00,1.257769415942952063e-05,-2.949597321811762090e-06,1.492332248007814910e-06,1.300482872887723434e-05
2.328000000000000000e+03,2.869346158590977552e-02,6.732050807568880097e-04,4.331153861969926772e-03,9.651589756242609042e+01,0.000000000000000000e+00,1.300373735182475532e-05,-3.972859543449852419e-06,1.675328968159274298e-06,1.369990967921965933e-05
2.329000000000000000e+03,2.932679491924310849e-02,1.306538414090221414e-03,4.331153861969926772e-03,9.820478645131498752e+01,0.000000000000000000e+00,1.367294772597424565e-05,-3.466192994053596591e-06,1.712235089308065894e-06,1.420900216026123008e-05
2.330000000000000000e+03,2.828700832490409905e-02,8.796100616455079096e-03,2.586767918851917963e-03,9.543202219974450884e+01,0.000000000000000000e+00,1.275530811564149657e-05,3.435947329876263689e-06,7.174515597951253119e-08,1.321017662811667930e-05
2.331000000000000000e+03,2.900129403918981497e-02,8.162767283121746126e-03,3.526172589302280311e-03,9.733678410450639262e+01,0.000000000000000000e+00,1.346402314301393704e-05,2.935054623927291333e-06,9.454468520392413437e-07,1.381261505259169960e-05
2.332000000000000000e+03,2.928571428571428298e-02,9.366666666666667238e-03,2.722903053489491090e-03,9.809523809523820148e+01,0.000000000000000000e+00,1.360011746261624151e-05,4.091980022450799099e-06,2.018181471747736465e-07,1.420381026575702948e-05
2.333000000000000000e+03,2.910308200237213261e-02,3.992068799156015327e-03,4.014385440180531436e-03,9.760821867299239329e+01,0.000000000000000000e+00,1.368270218189615542e-05,-9.387559237343007010e-07,1.403883047700652985e-06,1.378653289607047309e-05
2.334000000000000000e+03,2.928571428571428298e-02,6.333333333333334043e-04,2.719340709048339785e-03,9.809523809523813043e+01,0.000000000000000000e+00,1.360013398592097422e-05,-4.092398511019034719e-06,1.994092172340068298e-07,1.420391263152204191e-05
2.335000000000000000e+03,7.216878557320411530e-04,9.285714285714286031e-03,2.138186847078413742e-03,2.192450094861879606e+01,0.000000000000000000e+00,-1.111260956551498050e-08,6.260015629919281722e-08,-7.204990780599725501e-09,6.398579179933207266e-08
2.336000000000000000e+03,2.674108903110027080e-02,8.969079814851284999e-03,8.216961286962032318e-04,9.130957074960109310e+01,0.000000000000000000e+00,1.132738242828696159e-05,3.395992072759287331e-06,-1.442627460565587026e-06,1.191316619647715940e-05
2.337000000000000000e+03,2.774108903110027169e-02,8.969079814851284999e-03,8.216961286962032318e-04,9.397623741626763660e+01,0.000000000000000000e+00,1.219909703241845804e-05,3.523000865366433701e-06,-1.496550783769115735e-06,1.278550615940305367e-05
2.338000000000000000e+03,2.932679491924310849e-02,1.387490795042602186e-03,8.881868470784134995e-04,9.820478645131497331e+01,0.000000000000000000e+00,1.369374432782922433e-05,-3.390589114978737562e-06,-1.518851736658358286e-06,1.418878567251325634e-05
2.339000000000000000e+03,1.756774412456999640e-02,1.712906622235109075e-03,3.542431453242898039e-03,6.684731766552015131e+01,0.000000000000000000e+00,4.931430559744364418e-06,-1.848118955216048858e-06,5.823021943779844666e-07,5.298455141245124534e-06
2.340000000000000000e+03,8.831209098058120238e-03,2.499765295158697109e-03,4.170233439654112348e-03,4.354989092815503682e+01,0.000000000000000000e+00,1.287332528776389326e-06,-7.020084981491269549e-07,4.706776182000544832e-07,1.539992984202812126e-06
2.341000000000000000e+03,2.904101867228746359e-02,2.238826313056051752e-03,8.181721786968410015e-04,9.744271645943321403e+01,0.000000000000000000e+00,1.350997531862694993e-05,-2.566404040709636099e-06,-1.569205915132439013e-06,1.384081897917051623e-05
2.342000000000000000e+03,1.274175825528800488e-03,7.504105584347059085e-03,3.182191154713264782e-03,2.339780220141016898e+01,0.000000000000000000e+00,6.288903616455001992e-08,6.577201845481530788e-08,2.089598853310639386e-08,9.336825808647368841e-08
2.343000000000000000e+03,8.189972700880232548e-04,7.038257765085858403e-03,4.014385440180531436e-03,2.218399272023475532e+01,0.000000000000000000e+00,3.126944068998243264e-08,2.884343679438291676e-08,2.467390465234624818e-08,4.917848450256438163e-08
2.344000000000000000e+03,8.189972700880232548e-04,7.879527606355699043e-03,4.331153861969926772e-03,2.218399272023475177e+01,0.000000000000000000e+00,1.102476244705403000e-08,4.161901876777836014e-08,3.708720282873192498e-08,5.682559919495932022e-08
2.345000000000000000e+03,4.079131314530970442e-03,9.325467161834240931e-03,1.317018992267549038e-03,3.087768350541599105e+01,0.000000000000000000e+00,1.472228056640955639e-07,5.295220302380307088e-07,-1.591162923228370595e-07,5.721766593435811632e-07
2.346000000000000000e+03,2.802680331681455667e-02,8.969079814851284999e-03,1.713445320215767603e-03,9.473814217817243843e+01,0.000000000000000000e+00,1.248939862262355060e-05,3.559384091854667848e-06,-7.121852675647095173e-07,1.300621009070187697e-05
2.347000000000000000e+03,2.806788395034338218e-02,8.295874734094396338e-03,8.216961286962032318e-04,9.484769053424923868e+01,0.000000000000000000e+00,1.256915778573701559e-05,2.959852620500365972e-06,-1.514100984942593307e-06,1.300142133654780251e-05
2.348000000000000000e+03,1.166662147093463359e-02,5.045411302129469526e-03,8.336496539413928986e-04,5.111099058915917226e+01,0.000000000000000000e+00,2.317160927740821639e-06,1.654588932187532484e-08,-6.251223763988694212e-07,2.400059690294540672e-06
2.349000000000000000e+03,2.874108903110027258e-02,8.254794100565569087e-03,1.709882975774616731e-03,9.664290408293419432e+01,0.000000000000000000e+00,1.322064086831308086e-05,2.993165232456883295e-06,-7.335194304055637328e-07,1.357506662350064602e-05
2.350000000000000000e+03,2.910308200237213261e-02,5.017465624552840467e-03,3.838128480060177053e-03,9.760821867299245014e+01,0.000000000000000000e+00,1.370695883194766603e-05,1.617550553624122936e-08,1.239626040706621750e-06,1.376290866018100972e-05
2.351000000000000000e+03,2.900129403918981497e-02,8.081814902169363185e-03,2.583205574410767091e-03,9.733678410450632157e+01,0.000000000000000000e+00,1.348864371157232721e-05,2.859827140503227258e-06,7.034296723249132303e-08,1.378865724370352166e-05
2.352000000000000000e+03,1.947380906285689148e-03,8.305503678193345771e-03,4.167805714532733449e-03,2.519301575009519922e+01,0.000000000000000000e+00,5.028197160052059844e-08,1.537402451757850793e-07,9.889514935922221045e-08,1.895905857935170055e-07
2.353000000000000000e+03,1.274175825528800488e-03,8.264423044664518520e-03,2.555992561611146463e-03,2.339780220141015477e+01,0.000000000000000000e+00,4.602084692843603238e-08,8.793403976448533250e-08,1.322971600737131173e-09,9.925756371767838100e-08
2.354000000000000000e+03,4.994539628554529702e-03,9.193339482517333405e-03,1.318422380488444871e-03,3.331877234281214584e+01,0.000000000000000000e+00,2.886069112919435169e-07,6.430486519155239332e-07,-1.930103585424679648e-07,7.307930736402340070e-07
2.355000000000000000e+03,7.142857142857141767e-04,6.333333333333329707e-04,2.722643312434907224e-03,2.190476190476192286e+01,0.000000000000000000e+00,-1.585298283590392426e-08,-6.477296712048461981e-08,4.349801885062431492e-09,6.682645517178163188e-08
2.356000000000000000e+03,8.969916294908281476e-04,6.018175814135936358e-03,4.014385440180531436e-03,2.239197767864225241e+01,0.000000000000000000e+00,4.043592561848588694e-08,1.619293753365107025e-08,2.693392251715821567e-08,5.121241537706194974e-08
2.357000000000000000e+03,3.742567631195835645e-03,1.895196457474085123e-03,4.169262303039432058e-03,2.998018034985559055e+01,0.000000000000000000e+00,2.164439094141354678e-07,-3.331636272257597724e-07,2.008336898956834166e-07,4.451742798341061320e-07
2.358000000000000000e+03,1.387490795042601970e-03,6.732050807568875760e-04,8.914894504649803963e-04,2.369997545344696732e+01,0.000000000000000000e+00,-3.507109678614314443e-08,-1.461659012304185033e-07,-7.241147656864346440e-08,1.668468592786051801e-07
2.359000000000000000e+03,1.583448272498866674e-02,5.772685266388207989e-03,4.164406969211996087e-03,6.222528726663663434e+01,0.000000000000000000e+00,4.141895297017650774e-06,3.915261939201272519e-07,8.396124960783260767e-07,4.244235921288235280e-06
