node,temperature_degC
1.000000000000000000e+00,2.000000000000000000e+01
2.000000000000000000e+00,2.000000000000000000e+01
3.000000000000000000e+00,2.000000000000000000e+01
4.000000000000000000e+00,2.000000000000000000e+01
5.000000000000000000e+00,2.000000000000000000e+01
6.000000000000000000e+00,2.000000000000000000e+01
7.000000000000000000e+00,2.000000000000000000e+01
8.000000000000000000e+00,2.000000000000000000e+01
9.000000000000000000e+00,2.000000000000000000e+01
1.000000000000000000e+01,2.000000000000000000e+01
1.100000000000000000e+01,2.000000000000000000e+01
1.200000000000000000e+01,1.000000000000000000e+02
1.300000000000000000e+01,9.733333333333342807e+01
1.400000000000000000e+01,9.466666666666678509e+01
1.500000000000000000e+01,9.200000000000028422e+01
1.600000000000000000e+01,8.933333333333374071e+01
1.700000000000000000e+01,8.666666666666714036e+01
1.800000000000000000e+01,8.400000000000049738e+01
1.900000000000000000e+01,8.133333333333384019e+01
2.000000000000000000e+01,7.866666666666714036e+01
2.100000000000000000e+01,7.600000000000035527e+01
2.200000000000000000e+01,7.333333333333365545e+01
2.300000000000000000e+01,7.066666666666696983e+01
2.400000000000000000e+01,6.800000000000029843e+01
2.500000000000000000e+01,6.533333333333359860e+01
2.600000000000000000e+01,6.266666666666690588e+01
2.700000000000000000e+01,6.000000000000018474e+01
2.800000000000000000e+01,5.733333333333346360e+01
2.900000000000000000e+01,5.466666666666679930e+01
3.000000000000000000e+01,5.200000000000011369e+01
3.100000000000000000e+01,4.933333333333344228e+01
3.200000000000000000e+01,4.666666666666679220e+01
3.300000000000000000e+01,4.400000000000009948e+01
3.400000000000000000e+01,4.133333333333343518e+01
3.500000000000000000e+01,3.866666666666675667e+01
3.600000000000000000e+01,3.600000000000009948e+01
3.700000000000000000e+01,3.333333333333340676e+01
3.800000000000000000e+01,3.066666666666675312e+01
3.900000000000000000e+01,2.800000000000005329e+01
4.000000000000000000e+01,2.533333333333339610e+01
4.100000000000000000e+01,2.266666666666670338e+01
4.200000000000000000e+01,1.000000000000000000e+02
4.300000000000000000e+01,1.000000000000000000e+02
4.400000000000000000e+01,1.000000000000000000e+02
4.500000000000000000e+01,1.000000000000000000e+02
4.600000000000000000e+01,1.000000000000000000e+02
4.700000000000000000e+01,1.000000000000000000e+02
4.800000000000000000e+01,1.000000000000000000e+02
4.900000000000000000e+01,1.000000000000000000e+02
5.000000000000000000e+01,1.000000000000000000e+02
5.100000000000000000e+01,1.000000000000000000e+02
5.200000000000000000e+01,2.266666666666668917e+01
5.300000000000000000e+01,2.533333333333337478e+01
5.400000000000000000e+01,2.800000000000005329e+01
5.500000000000000000e+01,3.066666666666673180e+01
5.600000000000000000e+01,3.333333333333339965e+01
5.700000000000000000e+01,3.600000000000009237e+01
5.800000000000000000e+01,3.866666666666674956e+01
5.900000000000000000e+01,4.133333333333343518e+01
6.000000000000000000e+01,4.400000000000009948e+01
6.100000000000000000e+01,4.666666666666674956e+01
6.200000000000000000e+01,4.933333333333341386e+01
6.300000000000000000e+01,5.200000000000007816e+01
6.400000000000000000e+01,5.466666666666674956e+01
6.500000000000000000e+01,5.733333333333343518e+01
6.600000000000000000e+01,6.000000000000010658e+01
6.700000000000000000e+01,6.266666666666674956e+01
6.800000000000000000e+01,6.533333333333339965e+01
6.900000000000000000e+01,6.800000000000005684e+01
7.000000000000000000e+01,7.066666666666677088e+01
7.100000000000000000e+01,7.333333333333348492e+01
7.200000000000000000e+01,7.600000000000014211e+01
7.300000000000000000e+01,7.866666666666677088e+01
7.400000000000000000e+01,8.133333333333351334e+01
7.500000000000000000e+01,8.400000000000022737e+01
7.600000000000000000e+01,8.666666666666679930e+01
7.700000000000000000e+01,8.933333333333341386e+01
7.800000000000000000e+01,9.200000000000004263e+01
7.900000000000000000e+01,9.466666666666671404e+01
8.000000000000000000e+01,9.733333333333334281e+01
8.100000000000000000e+01,8.996744675776183442e+01
8.200000000000000000e+01,2.937791232243788997e+01
8.300000000000000000e+01,2.575226559731613563e+01
8.400000000000000000e+01,9.428312498663190411e+01
8.500000000000000000e+01,2.411120386297873708e+01
8.600000000000000000e+01,9.423819748642142713e+01
8.700000000000000000e+01,9.600857784757994295e+01
8.800000000000000000e+01,9.553811978464834453e+01
8.900000000000000000e+01,9.820478645131494488e+01
9.000000000000000000e+01,9.820478645131495909e+01
9.100000000000000000e+01,9.604905206261254591e+01
9.200000000000000000e+01,9.820478645131503015e+01
9.300000000000000000e+01,9.553811978464840138e+01
9.400000000000000000e+01,9.820478645131503015e+01
9.500000000000000000e+01,2.575922034790130155e+01
9.600000000000000000e+01,2.179521354868506933e+01
9.700000000000000000e+01,2.446188021535174428e+01
9.800000000000000000e+01,2.179521354868505156e+01
9.900000000000000000e+01,2.410495973976676254e+01
1.000000000000000000e+02,2.446188021535173363e+01
1.010000000000000000e+02,2.179521354868504446e+01
1.020000000000000000e+02,2.179521354868505867e+01
1.030000000000000000e+02,3.559097706267851180e+01
1.040000000000000000e+02,4.121627831240509465e+01
1.050000000000000000e+02,4.664590650705944341e+01
1.060000000000000000e+02,5.199894770829701685e+01
1.070000000000000000e+02,5.733303680084335241e+01
1.080000000000000000e+02,6.266608251148851849e+01
1.090000000000000000e+02,6.799761062342351181e+01
1.100000000000000000e+02,7.332326144893480091e+01
1.110000000000000000e+02,7.860385953292994543e+01
1.120000000000000000e+02,8.352949182471355982e+01
1.130000000000000000e+02,8.500141665062503193e+01
1.140000000000000000e+02,7.996437029543666597e+01
1.150000000000000000e+02,8.269592238294281117e+01
1.160000000000000000e+02,7.465852717213560652e+01
1.170000000000000000e+02,7.734423227133517287e+01
1.180000000000000000e+02,6.933139920084798291e+01
1.190000000000000000e+02,7.199806711224191247e+01
1.200000000000000000e+02,6.399953430019976253e+01
1.210000000000000000e+02,6.666620843523027418e+01
1.220000000000000000e+02,5.866648547703244532e+01
1.230000000000000000e+02,6.133319695388240689e+01
1.240000000000000000e+02,5.333284158493824378e+01
1.250000000000000000e+02,5.599977711270462777e+01
1.260000000000000000e+02,4.799718102345507020e+01
1.270000000000000000e+02,5.066546085671974708e+01
1.280000000000000000e+02,4.261270923644749331e+01
1.290000000000000000e+02,4.531152055043595794e+01
1.300000000000000000e+02,3.709199997974504015e+01
1.310000000000000000e+02,3.986874151481224970e+01
1.320000000000000000e+02,3.138598250059771999e+01
1.330000000000000000e+02,3.421066645165372933e+01
1.340000000000000000e+02,8.791319230121074213e+01
1.350000000000000000e+02,3.420792698024096268e+01
1.360000000000000000e+02,3.137887529943090215e+01
1.370000000000000000e+02,3.985682410176634249e+01
1.380000000000000000e+02,3.708926050833227350e+01
1.390000000000000000e+02,4.530569801924422535e+01
1.400000000000000000e+02,4.260079182340160742e+01
1.410000000000000000e+02,5.066570068262453930e+01
1.420000000000000000e+02,4.799135849226330208e+01
1.430000000000000000e+02,5.599979069444616897e+01
1.440000000000000000e+02,5.333308141084304310e+01
1.450000000000000000e+02,6.133306985833419134e+01
1.460000000000000000e+02,5.866649905877400073e+01
1.470000000000000000e+02,6.666558495530850337e+01
1.480000000000000000e+02,6.399940720465146882e+01
1.490000000000000000e+02,7.199539256114175600e+01
1.500000000000000000e+02,6.933077572092614105e+01
1.510000000000000000e+02,7.731558333827544516e+01
1.520000000000000000e+02,7.465585262103536479e+01
1.530000000000000000e+02,8.259222831571376844e+01
1.540000000000000000e+02,7.993572136237689563e+01
1.550000000000000000e+02,8.788924054894681603e+01
1.560000000000000000e+02,8.489772258339591815e+01
1.570000000000000000e+02,8.707962285944003611e+01
1.580000000000000000e+02,8.143629512134813808e+01
1.590000000000000000e+02,7.601903793464228443e+01
1.600000000000000000e+02,7.066666492404871747e+01
1.610000000000000000e+02,6.533332287762421231e+01
1.620000000000000000e+02,5.999993726574366804e+01
1.630000000000000000e+02,5.466629026112728695e+01
1.640000000000000000e+02,4.933107490009627583e+01
1.650000000000000000e+02,4.396398375284312721e+01
1.660000000000000000e+02,3.848843090378742460e+01
1.670000000000000000e+02,3.288700541766419860e+01
1.680000000000000000e+02,3.287715874508465674e+01
1.690000000000000000e+02,3.847377401932880048e+01
1.700000000000000000e+02,4.394624380860549451e+01
1.710000000000000000e+02,4.932549219480931413e+01
1.720000000000000000e+02,5.466654366877369853e+01
1.730000000000000000e+02,5.999982375193700079e+01
1.740000000000000000e+02,6.533257230215416200e+01
1.750000000000000000e+02,7.066336689302669072e+01
1.760000000000000000e+02,7.598771445048234341e+01
1.770000000000000000e+02,8.130395212105929659e+01
1.780000000000000000e+02,8.695197703994708149e+01
1.790000000000000000e+02,2.805425128844834859e+01
1.800000000000000000e+02,2.734004384643098717e+01
1.810000000000000000e+02,2.804714408728156272e+01
1.820000000000000000e+02,8.842097914928820046e+01
1.830000000000000000e+02,9.107403779032975422e+01
1.840000000000000000e+02,8.278444559124227453e+01
1.850000000000000000e+02,8.550920349870243342e+01
1.860000000000000000e+02,7.736059508885439584e+01
1.870000000000000000e+02,8.005289350373607249e+01
1.880000000000000000e+02,7.199999750196920445e+01
1.890000000000000000e+02,7.467488998965474423e+01
1.900000000000000000e+02,6.666665342109892833e+01
1.910000000000000000e+02,6.933332959057524647e+01
1.920000000000000000e+02,6.133326431563456538e+01
1.930000000000000000e+02,6.399997928606836695e+01
1.940000000000000000e+02,5.599964862806258026e+01
1.950000000000000000e+02,5.866655283878466065e+01
1.960000000000000000e+02,5.066493484058065633e+01
1.970000000000000000e+02,5.333271310029618917e+01
1.980000000000000000e+02,4.532520081005393564e+01
1.990000000000000000e+02,4.799665500731596524e+01
2.000000000000000000e+02,3.992675661097610629e+01
2.010000000000000000e+02,4.262638949606546390e+01
2.020000000000000000e+02,3.444201838356212164e+01
2.030000000000000000e+02,3.715001507590891805e+01
2.040000000000000000e+02,2.734090692438578429e+01
2.050000000000000000e+02,2.898821278193515738e+01
2.060000000000000000e+02,3.161733443250607323e+01
2.070000000000000000e+02,9.258455089116841918e+01
2.080000000000000000e+02,9.283996486631038181e+01
2.090000000000000000e+02,9.260850264343231686e+01
2.100000000000000000e+02,3.160797906352833664e+01
2.110000000000000000e+02,2.898806033135353388e+01
2.120000000000000000e+02,3.715211155804325927e+01
2.130000000000000000e+02,3.443703074433841493e+01
2.140000000000000000e+02,4.262066880638150224e+01
2.150000000000000000e+02,3.991967515147736378e+01
2.160000000000000000e+02,4.799224166889073473e+01
2.170000000000000000e+02,4.532557500222410596e+01
2.180000000000000000e+02,5.333325052591867177e+01
2.190000000000000000e+02,5.066658385925197194e+01
2.200000000000000000e+02,5.866662647618851878e+01
2.210000000000000000e+02,5.599995980952179764e+01
2.220000000000000000e+02,6.399986394241530263e+01
2.230000000000000000e+02,6.133319727574865254e+01
2.240000000000000000e+02,6.933270835973893043e+01
2.250000000000000000e+02,6.666604169307227323e+01
2.260000000000000000e+02,7.466399186662121679e+01
2.270000000000000000e+02,7.199732519995453117e+01
2.280000000000000000e+02,7.999038925052796856e+01
2.290000000000000000e+02,7.732372258386131136e+01
2.300000000000000000e+02,8.536997818239625246e+01
2.310000000000000000e+02,8.264689620386481295e+01
2.320000000000000000e+02,9.277553889901399486e+01
2.330000000000000000e+02,9.100515853785552167e+01
2.340000000000000000e+02,8.836149614794717877e+01
2.350000000000000000e+02,2.533283674622598625e+01
2.360000000000000000e+02,2.627999711350993195e+01
2.370000000000000000e+02,2.533908086943796079e+01
2.380000000000000000e+02,9.392260414661437551e+01
2.390000000000000000e+02,8.950361842959212311e+01
2.400000000000000000e+02,8.412580188109042467e+01
2.410000000000000000e+02,7.870874555874854650e+01
2.420000000000000000e+02,7.334155465618127323e+01
2.430000000000000000e+02,6.799998599901940111e+01
2.440000000000000000e+02,6.266659485910928140e+01
2.450000000000000000e+02,5.733297567795347760e+01
2.460000000000000000e+02,5.199829320751587858e+01
2.470000000000000000e+02,4.665906075053831614e+01
2.480000000000000000e+02,4.128797366818692893e+01
2.490000000000000000e+02,3.588034409075081044e+01
2.500000000000000000e+02,2.626679823971281280e+01
2.510000000000000000e+02,3.054322574783311950e+01
2.520000000000000000e+02,9.541659478468440625e+01
2.530000000000000000e+02,9.545706899971693815e+01
2.540000000000000000e+02,3.054793233060729563e+01
2.550000000000000000e+02,3.588293187648697113e+01
2.560000000000000000e+02,4.129900634509598234e+01
2.570000000000000000e+02,4.666666666666674246e+01
2.580000000000000000e+02,5.200000000000007105e+01
2.590000000000000000e+02,5.733333333333346360e+01
2.600000000000000000e+02,6.266666666666679930e+01
2.610000000000000000e+02,6.800000000000009948e+01
2.620000000000000000e+02,7.333333333333347070e+01
2.630000000000000000e+02,7.866666666666681351e+01
2.640000000000000000e+02,8.405641531186493864e+01
2.650000000000000000e+02,9.383720243137146610e+01
2.660000000000000000e+02,8.942315968030466422e+01
2.670000000000000000e+02,2.230974619108171808e+01
2.680000000000000000e+02,2.230974619108170742e+01
2.690000000000000000e+02,2.302309055514427527e+01
2.700000000000000000e+02,2.302309055514427527e+01
2.710000000000000000e+02,2.231599031429368907e+01
2.720000000000000000e+02,2.231599031429367841e+01
2.730000000000000000e+02,9.074500520198377274e+01
2.740000000000000000e+02,9.341167186865031624e+01
2.750000000000000000e+02,8.542527989427554758e+01
2.760000000000000000e+02,8.809194656094217635e+01
2.770000000000000000e+02,8.003385532014870307e+01
2.780000000000000000e+02,8.270052198681537448e+01
2.790000000000000000e+02,7.467489023860024133e+01
2.800000000000000000e+02,7.734155690526696958e+01
2.810000000000000000e+02,6.933333108424803015e+01
2.820000000000000000e+02,7.199999775091470156e+01
2.830000000000000000e+02,6.399998824810496956e+01
2.840000000000000000e+02,6.666665491477166938e+01
2.850000000000000000e+02,5.866660661100443974e+01
2.860000000000000000e+02,6.133327327767119641e+01
2.870000000000000000e+02,5.333303573361577321e+01
2.880000000000000000e+02,5.599970240028247304e+01
2.890000000000000000e+02,4.799859080723356897e+01
2.900000000000000000e+02,5.066525747390024037e+01
2.910000000000000000e+02,4.266046994330484665e+01
2.920000000000000000e+02,4.532713660997154648e+01
2.930000000000000000e+02,3.729417039154885316e+01
2.940000000000000000e+02,3.996083705821551746e+01
2.950000000000000000e+02,3.191950703253538180e+01
2.960000000000000000e+02,3.458617369920206386e+01
2.970000000000000000e+02,2.662371871529778389e+01
2.980000000000000000e+02,2.929038538196445884e+01
2.990000000000000000e+02,9.780379139626489859e+01
3.000000000000000000e+02,9.780379139626498386e+01
3.010000000000000000e+02,9.761280338841943660e+01
3.020000000000000000e+02,9.761280338841943660e+01
3.030000000000000000e+02,9.784426561129751576e+01
3.040000000000000000e+02,9.784426561129747313e+01
3.050000000000000000e+02,2.929734013254959635e+01
3.060000000000000000e+02,2.663067346588292139e+01
3.070000000000000000e+02,3.458392553139110248e+01
3.080000000000000000e+02,3.191725886472442753e+01
3.090000000000000000e+02,3.996567301176262532e+01
3.100000000000000000e+02,3.729900634509595392e+01
3.110000000000000000e+02,4.533333333333342807e+01
3.120000000000000000e+02,4.266666666666678509e+01
3.130000000000000000e+02,5.066666666666673535e+01
3.140000000000000000e+02,4.800000000000006395e+01
3.150000000000000000e+02,5.600000000000009948e+01
3.160000000000000000e+02,5.333333333333340676e+01
3.170000000000000000e+02,6.133333333333344228e+01
3.180000000000000000e+02,5.866666666666679930e+01
3.190000000000000000e+02,6.666666666666669983e+01
3.200000000000000000e+02,6.400000000000007105e+01
3.210000000000000000e+02,7.200000000000014211e+01
3.220000000000000000e+02,6.933333333333341386e+01
3.230000000000000000e+02,7.733333333333348492e+01
3.240000000000000000e+02,7.466666666666681351e+01
3.250000000000000000e+02,8.266666666666684193e+01
3.260000000000000000e+02,8.000000000000015632e+01
3.270000000000000000e+02,8.805641531186489601e+01
3.280000000000000000e+02,8.538974864519825303e+01
3.290000000000000000e+02,9.336674436843982505e+01
3.300000000000000000e+02,9.070007770177318207e+01
3.310000000000000000e+02,9.206682207021299291e+01
3.320000000000000000e+02,8.677949729039632132e+01
3.330000000000000000e+02,8.133333333333342807e+01
3.340000000000000000e+02,7.600000000000017053e+01
3.350000000000000000e+02,7.066666666666684193e+01
3.360000000000000000e+02,6.533333333333339965e+01
3.370000000000000000e+02,6.000000000000021316e+01
3.380000000000000000e+02,5.466666666666675667e+01
3.390000000000000000e+02,4.933333333333336412e+01
3.400000000000000000e+02,4.400000000000013500e+01
3.410000000000000000e+02,3.859801269019182257e+01
3.420000000000000000e+02,3.316785106278211970e+01
3.430000000000000000e+02,2.792801359843248576e+01
3.440000000000000000e+02,9.568853122259501731e+01
3.450000000000000000e+02,9.522560677683884478e+01
3.460000000000000000e+02,9.560758279252995351e+01
3.470000000000000000e+02,2.791410409726218589e+01
3.480000000000000000e+02,3.317234739840403535e+01
3.490000000000000000e+02,3.858834078309758553e+01
3.500000000000000000e+02,4.398760655327628655e+01
3.510000000000000000e+02,4.933051494780033153e+01
3.520000000000000000e+02,5.466607146723141142e+01
3.530000000000000000e+02,5.999987988867548694e+01
3.540000000000000000e+02,6.533330982954309718e+01
3.550000000000000000e+02,7.066666216849571924e+01
3.560000000000000000e+02,7.601644714386682722e+01
3.570000000000000000e+02,8.140104397363033684e+01
3.580000000000000000e+02,8.685055978855054093e+01
3.590000000000000000e+02,9.215667707063381897e+01
3.600000000000000000e+02,2.463198062858738169e+01
3.610000000000000000e+02,2.604618111028853278e+01
3.620000000000000000e+02,2.461949238216341840e+01
3.630000000000000000e+02,8.994349500549797938e+01
3.640000000000000000e+02,8.396045907439611256e+01
3.650000000000000000e+02,7.864744516772246641e+01
3.660000000000000000e+02,7.332798373324227725e+01
3.670000000000000000e+02,6.799875005281114682e+01
3.680000000000000000e+02,6.266639455149717008e+01
3.690000000000000000e+02,5.733325295237684571e+01
3.700000000000000000e+02,5.199983438517053713e+01
3.710000000000000000e+02,4.665115000444809823e+01
3.720000000000000000e+02,4.124133761276287657e+01
3.730000000000000000e+02,3.570621042589473859e+01
3.740000000000000000e+02,3.004810706427458555e+01
3.750000000000000000e+02,8.999139851002576052e+01
3.760000000000000000e+02,3.006232146660815019e+01
3.770000000000000000e+02,3.571168936872024346e+01
3.780000000000000000e+02,4.126517243885465547e+01
3.790000000000000000e+02,4.666279506683162737e+01
3.800000000000000000e+02,5.199935473336093850e+01
3.810000000000000000e+02,5.733322578889373489e+01
3.820000000000000000e+02,6.266664874259364382e+01
3.830000000000000000e+02,6.799999701265474528e+01
3.840000000000000000e+02,7.333333283544267545e+01
3.850000000000000000e+02,7.870474303384192183e+01
3.860000000000000000e+02,8.416784720885426907e+01
3.870000000000000000e+02,8.583498609239572374e+01
3.880000000000000000e+02,8.122399755703132485e+01
3.890000000000000000e+02,7.598372150882846654e+01
3.900000000000000000e+02,7.066280138904114949e+01
3.910000000000000000e+02,6.533241985780585992e+01
3.920000000000000000e+02,5.999974516517119127e+01
3.930000000000000000e+02,5.466632843651553486e+01
3.940000000000000000e+02,4.933156698007852015e+01
3.950000000000000000e+02,4.396024603404036668e+01
3.960000000000000000e+02,3.847231059076983684e+01
3.970000000000000000e+02,3.270964353458722229e+01
3.980000000000000000e+02,2.359042709737008536e+01
3.990000000000000000e+02,2.359042709737011734e+01
4.000000000000000000e+02,9.640957290263006030e+01
4.010000000000000000e+02,9.640957290262993240e+01
4.020000000000000000e+02,2.000000000000000000e+01
4.030000000000000000e+02,1.000000000000000000e+02
4.040000000000000000e+02,2.266666666666669983e+01
4.050000000000000000e+02,2.533333333333339255e+01
4.060000000000000000e+02,2.800000000000004263e+01
4.070000000000000000e+02,3.066666666666668561e+01
4.080000000000000000e+02,3.333333333333334991e+01
4.090000000000000000e+02,3.600000000000000000e+01
4.100000000000000000e+02,3.866666666666671404e+01
4.110000000000000000e+02,4.133333333333339255e+01
4.120000000000000000e+02,4.400000000000009237e+01
4.130000000000000000e+02,4.666666666666679930e+01
4.140000000000000000e+02,4.933333333333344228e+01
4.150000000000000000e+02,5.200000000000009237e+01
4.160000000000000000e+02,5.466666666666674246e+01
4.170000000000000000e+02,5.733333333333340676e+01
4.180000000000000000e+02,6.000000000000009948e+01
4.190000000000000000e+02,6.266666666666677799e+01
4.200000000000000000e+02,6.533333333333345649e+01
4.210000000000000000e+02,6.800000000000009948e+01
4.220000000000000000e+02,7.066666666666679930e+01
4.230000000000000000e+02,7.333333333333351334e+01
4.240000000000000000e+02,7.600000000000009948e+01
4.250000000000000000e+02,7.866666666666677088e+01
4.260000000000000000e+02,8.133333333333344228e+01
4.270000000000000000e+02,8.400000000000014211e+01
4.280000000000000000e+02,8.666666666666678509e+01
4.290000000000000000e+02,8.933333333333338544e+01
4.300000000000000000e+02,9.200000000000000000e+01
4.310000000000000000e+02,9.466666666666657193e+01
4.320000000000000000e+02,9.733333333333330017e+01
4.330000000000000000e+02,1.000000000000000000e+02
4.340000000000000000e+02,1.000000000000000000e+02
4.350000000000000000e+02,1.000000000000000000e+02
4.360000000000000000e+02,1.000000000000000000e+02
4.370000000000000000e+02,1.000000000000000000e+02
4.380000000000000000e+02,1.000000000000000000e+02
4.390000000000000000e+02,1.000000000000000000e+02
4.400000000000000000e+02,1.000000000000000000e+02
4.410000000000000000e+02,1.000000000000000000e+02
4.420000000000000000e+02,1.000000000000000000e+02
4.430000000000000000e+02,2.000000000000000000e+01
4.440000000000000000e+02,9.733333333333352755e+01
4.450000000000000000e+02,9.466666666666702667e+01
4.460000000000000000e+02,9.200000000000041211e+01
4.470000000000000000e+02,8.933333333333388282e+01
4.480000000000000000e+02,8.666666666666722563e+01
4.490000000000000000e+02,8.400000000000068212e+01
4.500000000000000000e+02,8.133333333333393966e+01
4.510000000000000000e+02,7.866666666666741037e+01
4.520000000000000000e+02,7.600000000000042633e+01
4.530000000000000000e+02,7.333333333333372650e+01
4.540000000000000000e+02,7.066666666666699825e+01
4.550000000000000000e+02,6.800000000000028422e+01
4.560000000000000000e+02,6.533333333333359860e+01
4.570000000000000000e+02,6.266666666666692009e+01
4.580000000000000000e+02,6.000000000000018474e+01
4.590000000000000000e+02,5.733333333333349913e+01
4.600000000000000000e+02,5.466666666666679930e+01
4.610000000000000000e+02,5.200000000000009948e+01
4.620000000000000000e+02,4.933333333333344939e+01
4.630000000000000000e+02,4.666666666666678509e+01
4.640000000000000000e+02,4.400000000000006395e+01
4.650000000000000000e+02,4.133333333333336412e+01
4.660000000000000000e+02,3.866666666666669983e+01
4.670000000000000000e+02,3.600000000000004263e+01
4.680000000000000000e+02,3.333333333333337833e+01
4.690000000000000000e+02,3.066666666666673180e+01
4.700000000000000000e+02,2.800000000000003553e+01
4.710000000000000000e+02,2.533333333333333925e+01
4.720000000000000000e+02,2.266666666666669627e+01
4.730000000000000000e+02,2.000000000000000000e+01
4.740000000000000000e+02,2.000000000000000000e+01
4.750000000000000000e+02,2.000000000000000000e+01
4.760000000000000000e+02,2.000000000000000000e+01
4.770000000000000000e+02,2.000000000000000000e+01
4.780000000000000000e+02,2.000000000000000000e+01
4.790000000000000000e+02,2.000000000000000000e+01
4.800000000000000000e+02,2.000000000000000000e+01
4.810000000000000000e+02,2.000000000000000000e+01
4.820000000000000000e+02,8.996431059470388902e+01
4.830000000000000000e+02,3.001039851517835899e+01
4.840000000000000000e+02,9.429459705922593571e+01
4.850000000000000000e+02,9.602154377005048502e+01
4.860000000000000000e+02,2.573608265394361894e+01
4.870000000000000000e+02,2.395268838512529541e+01
4.880000000000000000e+02,2.397920626891979623e+01
4.890000000000000000e+02,2.179521354868505156e+01
4.900000000000000000e+02,2.446188021535171231e+01
4.910000000000000000e+02,2.179521354868504801e+01
4.920000000000000000e+02,9.426862643764823702e+01
4.930000000000000000e+02,9.553811978464865717e+01
4.940000000000000000e+02,9.820478645131508699e+01
4.950000000000000000e+02,9.820478645131511541e+01
4.960000000000000000e+02,9.603532202090420355e+01
4.970000000000000000e+02,9.820478645131494488e+01
4.980000000000000000e+02,9.553811978464824506e+01
4.990000000000000000e+02,9.820478645131494488e+01
5.000000000000000000e+02,2.570514512285001629e+01
5.010000000000000000e+02,2.446188021535175494e+01
5.020000000000000000e+02,2.179521354868505512e+01
5.030000000000000000e+02,2.179521354868506222e+01
5.040000000000000000e+02,8.352667736137715337e+01
5.050000000000000000e+02,7.860347341054635706e+01
5.060000000000000000e+02,7.332910215589589598e+01
5.070000000000000000e+02,6.800176502995695671e+01
5.080000000000000000e+02,6.266717470012891766e+01
5.090000000000000000e+02,5.733436822810283218e+01
5.100000000000000000e+02,5.200433403731741322e+01
5.110000000000000000e+02,4.668586711021031732e+01
5.120000000000000000e+02,4.142367167844707865e+01
5.130000000000000000e+02,3.649082041730213177e+01
5.140000000000000000e+02,3.509043375976880696e+01
5.150000000000000000e+02,3.741559955877099242e+01
5.160000000000000000e+02,4.007592758608316785e+01
5.170000000000000000e+02,4.268361304822592217e+01
5.180000000000000000e+02,4.534901232059536369e+01
5.190000000000000000e+02,4.800352229021581962e+01
5.200000000000000000e+02,5.067019104171776434e+01
5.210000000000000000e+02,5.333414799920439719e+01
5.220000000000000000e+02,5.600082717488272266e+01
5.230000000000000000e+02,5.866690440818153718e+01
5.240000000000000000e+02,6.133364612891816137e+01
5.250000000000000000e+02,6.400037536764546076e+01
5.260000000000000000e+02,6.666749235873180623e+01
5.270000000000000000e+02,6.933535344983253879e+01
5.280000000000000000e+02,7.200472206301726885e+01
5.290000000000000000e+02,7.466419809785543293e+01
5.300000000000000000e+02,7.734707644363027157e+01
5.310000000000000000e+02,7.996197166344249752e+01
5.320000000000000000e+02,8.269310791960636209e+01
5.330000000000000000e+02,8.500141665062488983e+01
5.340000000000000000e+02,8.791005613815265463e+01
5.350000000000000000e+02,8.788924054894692972e+01
5.360000000000000000e+02,8.489856543452798121e+01
5.370000000000000000e+02,8.259025670350942505e+01
5.380000000000000000e+02,7.993472472366997295e+01
5.390000000000000000e+02,7.731982950385770437e+01
5.400000000000000000e+02,7.465897495804610173e+01
5.410000000000000000e+02,7.199949892320783817e+01
5.420000000000000000e+02,6.933495233888289988e+01
5.430000000000000000e+02,6.666709124778213891e+01
5.440000000000000000e+02,6.400035481576679786e+01
5.450000000000000000e+02,6.133362557703950557e+01
5.460000000000000000e+02,5.866712271200231044e+01
5.470000000000000000e+02,5.600104547870353855e+01
5.480000000000000000e+02,5.333517833471508851e+01
5.490000000000000000e+02,5.067122137722842723e+01
5.500000000000000000e+02,4.800763918246700257e+01
5.510000000000000000e+02,4.535312921284654664e+01
5.520000000000000000e+02,4.269459123569955494e+01
5.530000000000000000e+02,4.008690577355680773e+01
5.540000000000000000e+02,3.740799310815218348e+01
5.550000000000000000e+02,3.508282730915000514e+01
5.560000000000000000e+02,3.208216900511483516e+01
5.570000000000000000e+02,3.209388412836346305e+01
5.580000000000000000e+02,3.301866326983232369e+01
5.590000000000000000e+02,3.867554092854979331e+01
5.600000000000000000e+02,4.400126822823143158e+01
5.610000000000000000e+02,4.933333625210281781e+01
5.620000000000000000e+02,5.466668417928307377e+01
5.630000000000000000e+02,6.000010507569805895e+01
5.640000000000000000e+02,6.533396378752104283e+01
5.650000000000000000e+02,7.067044939179210417e+01
5.660000000000000000e+02,7.602269635075160181e+01
5.670000000000000000e+02,8.143671095269027660e+01
5.680000000000000000e+02,8.707648669638182071e+01
5.690000000000000000e+02,8.695281989107920140e+01
5.700000000000000000e+02,8.130661279682078657e+01
5.710000000000000000e+02,7.599022627116964657e+01
5.720000000000000000e+02,7.066482514103310564e+01
5.730000000000000000e+02,6.533354212469275524e+01
5.740000000000000000e+02,6.000030282764021194e+01
5.750000000000000000e+02,5.466793281861456677e+01
5.760000000000000000e+02,4.933848347986465654e+01
5.770000000000000000e+02,4.401636330795625440e+01
5.780000000000000000e+02,3.867891266540464557e+01
5.790000000000000000e+02,3.299934169596489397e+01
5.800000000000000000e+02,3.161026707099082955e+01
5.810000000000000000e+02,3.460681670239616636e+01
5.820000000000000000e+02,3.733121142288232619e+01
5.830000000000000000e+02,3.999153945019453005e+01
5.840000000000000000e+02,4.266814646451827286e+01
5.850000000000000000e+02,4.533354573688771438e+01
5.860000000000000000e+02,4.800000410825926878e+01
5.870000000000000000e+02,5.066667285976122059e+01
5.880000000000000000e+02,5.333335506411913229e+01
5.890000000000000000e+02,5.600003423979745776e+01
5.900000000000000000e+02,5.866677953876470752e+01
5.910000000000000000e+02,6.133352125950138145e+01
5.920000000000000000e+02,6.400057215688980250e+01
5.930000000000000000e+02,6.666768914797616219e+01
5.940000000000000000e+02,6.933613582048366197e+01
5.950000000000000000e+02,7.200550443366836362e+01
5.960000000000000000e+02,7.467969886444257099e+01
5.970000000000000000e+02,7.736257721021739542e+01
5.980000000000000000e+02,8.005549683590325571e+01
5.990000000000000000e+02,8.278663309206704923e+01
6.000000000000000000e+02,8.553013624424366412e+01
6.010000000000000000e+02,8.843877573177141471e+01
6.020000000000000000e+02,9.108237369986575516e+01
6.030000000000000000e+02,9.282309866154409406e+01
6.040000000000000000e+02,9.260078176494732816e+01
6.050000000000000000e+02,9.257996617574157483e+01
6.060000000000000000e+02,9.278850482148452272e+01
6.070000000000000000e+02,9.103558748908220366e+01
6.080000000000000000e+02,8.836149614794749141e+01
6.090000000000000000e+02,8.537082103352844342e+01
6.100000000000000000e+02,8.264773905499706075e+01
6.110000000000000000e+02,7.999220707515753759e+01
6.120000000000000000e+02,7.732554040849083776e+01
6.130000000000000000e+02,7.466468586267919250e+01
6.140000000000000000e+02,7.199801919601252109e+01
6.150000000000000000e+02,6.933347261168754017e+01
6.160000000000000000e+02,6.666680594502078350e+01
6.170000000000000000e+02,6.400006951300548508e+01
6.180000000000000000e+02,6.133340284633877815e+01
6.190000000000000000e+02,5.866689998130157591e+01
6.200000000000000000e+02,5.600023331463492582e+01
6.210000000000000000e+02,5.333436617064648289e+01
6.220000000000000000e+02,5.066769950397978306e+01
6.230000000000000000e+02,4.800411730921831577e+01
6.240000000000000000e+02,4.533745064255165858e+01
6.250000000000000000e+02,4.267891266540466688e+01
6.260000000000000000e+02,4.001224599873796706e+01
6.270000000000000000e+02,3.733333333333334991e+01
6.280000000000000000e+02,3.460114624464839039e+01
6.290000000000000000e+02,3.160048794061323463e+01
6.300000000000000000e+02,2.894021080122343648e+01
6.310000000000000000e+02,2.718333441619959956e+01
6.320000000000000000e+02,2.739131937460708954e+01
6.330000000000000000e+02,2.740303449785573164e+01
6.340000000000000000e+02,2.716853165565373374e+01
6.350000000000000000e+02,2.892098839337845106e+01
6.360000000000000000e+02,3.050914182594227952e+01
6.370000000000000000e+02,3.592281522404085337e+01
6.380000000000000000e+02,4.132381695885081996e+01
6.390000000000000000e+02,4.666688234454613138e+01
6.400000000000000000e+02,5.200002292027558326e+01
6.410000000000000000e+02,5.733345042360073052e+01
6.420000000000000000e+02,6.266724661995644396e+01
6.430000000000000000e+02,6.800274418985236480e+01
6.440000000000000000e+02,7.334538529313414301e+01
6.450000000000000000e+02,7.871249934959422490e+01
6.460000000000000000e+02,8.414892212745672850e+01
6.470000000000000000e+02,8.953602324772765542e+01
6.480000000000000000e+02,9.392034617750027792e+01
6.490000000000000000e+02,9.543875424258176565e+01
6.500000000000000000e+02,9.542497599172784817e+01
6.510000000000000000e+02,9.388059730506851963e+01
6.520000000000000000e+02,8.945358863153150253e+01
6.530000000000000000e+02,8.405641531186530813e+01
6.540000000000000000e+02,7.866666666666711194e+01
6.550000000000000000e+02,7.333333333333365545e+01
6.560000000000000000e+02,6.800000000000028422e+01
6.570000000000000000e+02,6.266666666666687036e+01
6.580000000000000000e+02,5.733333333333345649e+01
6.590000000000000000e+02,5.200000000000013500e+01
6.600000000000000000e+02,4.666666666666675667e+01
6.610000000000000000e+02,4.133333333333337123e+01
6.620000000000000000e+02,3.593447957798168346e+01
6.630000000000000000e+02,3.054201534990692579e+01
6.640000000000000000e+02,2.612486182549332980e+01
6.650000000000000000e+02,2.457597039887698642e+01
6.660000000000000000e+02,2.454945251508246429e+01
6.670000000000000000e+02,2.606740641060520502e+01
6.680000000000000000e+02,2.657659824083164679e+01
6.690000000000000000e+02,2.924326490749830043e+01
6.700000000000000000e+02,3.193254358511065760e+01
6.710000000000000000e+02,3.459921025177733611e+01
6.720000000000000000e+02,3.732360497226351725e+01
6.730000000000000000e+02,3.999027163893021708e+01
6.740000000000000000e+02,4.266687865325398832e+01
6.750000000000000000e+02,4.533354531992067393e+01
6.760000000000000000e+02,4.800000369129224254e+01
6.770000000000000000e+02,5.066667035795888552e+01
6.780000000000000000e+02,5.333335256231679722e+01
6.790000000000000000e+02,5.600001922898346862e+01
6.800000000000000000e+02,5.866676452795068997e+01
6.810000000000000000e+02,6.133343119461740400e+01
6.820000000000000000e+02,6.400048209200582505e+01
6.830000000000000000e+02,6.666714875867246803e+01
6.840000000000000000e+02,6.933559543118001045e+01
6.850000000000000000e+02,7.200226209784669607e+01
6.860000000000000000e+02,7.467645652862091765e+01
6.870000000000000000e+02,7.734312319528754642e+01
6.880000000000000000e+02,8.003604282097336409e+01
6.890000000000000000e+02,8.270270948764009233e+01
6.900000000000000000e+02,8.544621263981670722e+01
6.910000000000000000e+02,8.811287930648333599e+01
6.920000000000000000e+02,9.075647727457769065e+01
6.930000000000000000e+02,9.342314394124427679e+01
6.940000000000000000e+02,9.783053556958932973e+01
6.950000000000000000e+02,9.783053556958931551e+01
6.960000000000000000e+02,9.760821867299240751e+01
6.970000000000000000e+02,9.760821867299249277e+01
6.980000000000000000e+02,9.781675731873542645e+01
6.990000000000000000e+02,9.781675731873542645e+01
7.000000000000000000e+02,9.339717331966664915e+01
7.010000000000000000e+02,9.073050665300004880e+01
7.020000000000000000e+02,8.805641531186533655e+01
7.030000000000000000e+02,8.538974864519876462e+01
7.040000000000000000e+02,8.266666666666728247e+01
7.050000000000000000e+02,8.000000000000063949e+01
7.060000000000000000e+02,7.733333333333382598e+01
7.070000000000000000e+02,7.466666666666704089e+01
7.080000000000000000e+02,7.200000000000034106e+01
7.090000000000000000e+02,6.933333333333364124e+01
7.100000000000000000e+02,6.666666666666692720e+01
7.110000000000000000e+02,6.400000000000027001e+01
7.120000000000000000e+02,6.133333333333352755e+01
7.130000000000000000e+02,5.866666666666680641e+01
7.140000000000000000e+02,5.600000000000014211e+01
7.150000000000000000e+02,5.333333333333343518e+01
7.160000000000000000e+02,5.066666666666676377e+01
7.170000000000000000e+02,4.800000000000008527e+01
7.180000000000000000e+02,4.533333333333342097e+01
7.190000000000000000e+02,4.266666666666670693e+01
7.200000000000000000e+02,4.000000000000002132e+01
7.210000000000000000e+02,3.733333333333336412e+01
7.220000000000000000e+02,3.460114624464836908e+01
7.230000000000000000e+02,3.193447957798172254e+01
7.240000000000000000e+02,2.927420243859193150e+01
7.250000000000000000e+02,2.660753577192523522e+01
7.260000000000000000e+02,2.218399272023474822e+01
7.270000000000000000e+02,2.218399272023476243e+01
7.280000000000000000e+02,2.239197767864223110e+01
7.290000000000000000e+02,2.239197767864223465e+01
7.300000000000000000e+02,2.215747483644023674e+01
7.310000000000000000e+02,2.215747483644024030e+01
7.320000000000000000e+02,2.431494967288048059e+01
7.330000000000000000e+02,2.478395535728447996e+01
7.340000000000000000e+02,2.436798544046951065e+01
7.350000000000000000e+02,2.788173821051714185e+01
7.360000000000000000e+02,3.320229248929671684e+01
7.370000000000000000e+02,3.866666666666667140e+01
7.380000000000000000e+02,4.400000000000004263e+01
7.390000000000000000e+02,4.933333333333344939e+01
7.400000000000000000e+02,5.466666666666678509e+01
7.410000000000000000e+02,6.000000000000012790e+01
7.420000000000000000e+02,6.533333333333358439e+01
7.430000000000000000e+02,7.066666666666696983e+01
7.440000000000000000e+02,7.600000000000038369e+01
7.450000000000000000e+02,8.133333333333392545e+01
7.460000000000000000e+02,8.677949729039680449e+01
7.470000000000000000e+02,9.212767997266624320e+01
7.480000000000000000e+02,9.563351463747081027e+01
7.490000000000000000e+02,9.521643734598492870e+01
7.500000000000000000e+02,9.566107113917857419e+01
7.510000000000000000e+02,9.217962121582195323e+01
7.520000000000000000e+02,8.689242527963328655e+01
7.530000000000000000e+02,8.140541897528008519e+01
7.540000000000000000e+02,7.601957972390837881e+01
7.550000000000000000e+02,7.067119086235987879e+01
7.560000000000000000e+02,6.533429751734485080e+01
7.570000000000000000e+02,6.000019572256800870e+01
7.580000000000000000e+02,5.466670512463350207e+01
7.590000000000000000e+02,4.933334071591766445e+01
7.600000000000000000e+02,4.400042397317454856e+01
7.610000000000000000e+02,3.864720994452703451e+01
7.620000000000000000e+02,3.319842050355467222e+01
7.630000000000000000e+02,2.781986314832990459e+01
7.640000000000000000e+02,3.002211363842698688e+01
7.650000000000000000e+02,2.999868339192970979e+01
7.660000000000000000e+02,3.600000000000004263e+01
7.670000000000000000e+02,4.135782533080926981e+01
7.680000000000000000e+02,4.667490128510321767e+01
7.690000000000000000e+02,5.200206567462609542e+01
7.700000000000000000e+02,5.733379996260299549e+01
7.710000000000000000e+02,6.266680569267739997e+01
7.720000000000000000e+02,6.800027855670806787e+01
7.730000000000000000e+02,7.332937172535805814e+01
7.740000000000000000e+02,7.865108081698132025e+01
7.750000000000000000e+02,8.396214477666025289e+01
7.760000000000000000e+02,8.994349500549810728e+01
7.770000000000000000e+02,8.998512618390962814e+01
7.780000000000000000e+02,8.416784720885405591e+01
7.790000000000000000e+02,7.870557469652639782e+01
7.800000000000000000e+02,7.333981800497676318e+01
7.810000000000000000e+02,6.800108077860745937e+01
7.820000000000000000e+02,6.266684679643472577e+01
7.830000000000000000e+02,5.733336335496137792e+01
7.840000000000000000e+02,5.200000500360476252e+01
7.850000000000000000e+02,4.666666750060086599e+01
7.860000000000000000e+02,4.133586895586199006e+01
7.870000000000000000e+02,3.601521290123764629e+01
7.880000000000000000e+02,3.416565461829996053e+01
7.890000000000000000e+02,3.881598621630435275e+01
7.900000000000000000e+02,4.403135714058983297e+01
7.910000000000000000e+02,4.934037707983075194e+01
7.920000000000000000e+02,5.466829099480404608e+01
7.930000000000000000e+02,6.000044546140161117e+01
7.940000000000000000e+02,6.533390393885620995e+01
7.950000000000000000e+02,7.066962612105768926e+01
7.960000000000000000e+02,7.598857819073415953e+01
7.970000000000000000e+02,8.121836863035849774e+01
7.980000000000000000e+02,8.583498609239576638e+01
7.990000000000000000e+02,2.359042709737011378e+01
8.000000000000000000e+02,9.640957290262993240e+01
8.010000000000000000e+02,9.640957290263020241e+01
8.020000000000000000e+02,2.359042709737008892e+01
8.030000000000000000e+02,2.000000000000000000e+01
8.040000000000000000e+02,2.000000000000000000e+01
8.050000000000000000e+02,2.000000000000000000e+01
8.060000000000000000e+02,2.000000000000000000e+01
8.070000000000000000e+02,2.000000000000000000e+01
8.080000000000000000e+02,1.000000000000000000e+02
8.090000000000000000e+02,1.000000000000000000e+02
8.100000000000000000e+02,1.000000000000000000e+02
8.110000000000000000e+02,1.000000000000000000e+02
8.120000000000000000e+02,1.000000000000000000e+02
8.130000000000000000e+02,2.723809523809527988e+01
8.140000000000000000e+02,9.276190476190478762e+01
8.150000000000000000e+02,9.809523809523811622e+01
8.160000000000000000e+02,2.190476190476192286e+01
8.170000000000000000e+02,2.558977072313326317e+01
8.180000000000000000e+02,9.438236331569666504e+01
8.190000000000000000e+02,9.640634920634929017e+01
8.200000000000000000e+02,9.564444444444441729e+01
8.210000000000000000e+02,9.831111111111113132e+01
8.220000000000000000e+02,9.831111111111113132e+01
8.230000000000000000e+02,2.359365079365082707e+01
8.240000000000000000e+02,2.168888888888890776e+01
8.250000000000000000e+02,2.435555555555560403e+01
8.260000000000000000e+02,2.168888888888891486e+01
8.270000000000000000e+02,2.580564373900627828e+01
8.280000000000000000e+02,3.055044091743526025e+01
8.290000000000000000e+02,3.597936508142537804e+01
8.300000000000000000e+02,4.132980600845491637e+01
8.310000000000000000e+02,4.666666673610959037e+01
8.320000000000000000e+02,5.200000040195642015e+01
8.330000000000000000e+02,5.733333565686776723e+01
8.340000000000000000e+02,6.266668007865148837e+01
8.350000000000000000e+02,6.800007729657947664e+01
8.360000000000000000e+02,7.333377806083584005e+01
8.370000000000000000e+02,7.866922071983809417e+01
8.380000000000000000e+02,8.401463844797183356e+01
8.390000000000000000e+02,9.416649029982366415e+01
8.400000000000000000e+02,8.941704879482664126e+01
8.410000000000000000e+02,2.457142857142860137e+01
8.420000000000000000e+02,9.542857142857145902e+01
8.430000000000000000e+02,2.923421516757772665e+01
8.440000000000000000e+02,3.198289241652429382e+01
8.450000000000000000e+02,3.464955908319097944e+01
8.460000000000000000e+02,3.732980599823449097e+01
8.470000000000000000e+02,3.999647266490116948e+01
8.480000000000000000e+02,4.266666667688716785e+01
8.490000000000000000e+02,4.533333334355383926e+01
8.500000000000000000e+02,4.800000005922250068e+01
8.510000000000000000e+02,5.066666672588915787e+01
8.520000000000000000e+02,5.333333367606735465e+01
8.530000000000000000e+02,5.600000034273399052e+01
8.540000000000000000e+02,5.866666864746720478e+01
8.550000000000000000e+02,6.133333531413387618e+01
8.560000000000000000e+02,6.400001143118433333e+01
8.570000000000000000e+02,6.666667809785091947e+01
8.580000000000000000e+02,6.933339919872852875e+01
8.590000000000000000e+02,7.200006586539522857e+01
8.600000000000000000e+02,7.466704552877408219e+01
8.610000000000000000e+02,7.733371219544075359e+01
8.620000000000000000e+02,8.000217519106421094e+01
8.630000000000000000e+02,8.266884185773083971e+01
8.640000000000000000e+02,8.534579659024116438e+01
8.650000000000000000e+02,8.801246325690782157e+01
8.660000000000000000e+02,9.073791887125226197e+01
8.670000000000000000e+02,2.923421516757768757e+01
8.680000000000000000e+02,2.656754850091103748e+01
8.690000000000000000e+02,3.464955908319091549e+01
8.700000000000000000e+02,3.198289241652425119e+01
8.710000000000000000e+02,3.999647266490113395e+01
8.720000000000000000e+02,3.732980599823445544e+01
8.730000000000000000e+02,4.533333334355386057e+01
8.740000000000000000e+02,4.266666667688721759e+01
8.750000000000000000e+02,5.066666672588918630e+01
8.760000000000000000e+02,4.800000005922250779e+01
8.770000000000000000e+02,5.600000034273401894e+01
8.780000000000000000e+02,5.333333367606734754e+01
8.790000000000000000e+02,6.133333531413387618e+01
8.800000000000000000e+02,5.866666864746719767e+01
8.810000000000000000e+02,6.666667809785109000e+01
8.820000000000000000e+02,6.400001143118439018e+01
8.830000000000000000e+02,7.200006586539524278e+01
8.840000000000000000e+02,6.933339919872855717e+01
8.850000000000000000e+02,7.733371219544072517e+01
8.860000000000000000e+02,7.466704552877408219e+01
8.870000000000000000e+02,8.266884185773081128e+01
8.880000000000000000e+02,8.000217519106409725e+01
8.890000000000000000e+02,8.801246325690779315e+01
8.900000000000000000e+02,8.534579659024113596e+01
8.910000000000000000e+02,9.340458553791887653e+01
8.920000000000000000e+02,9.073791887125226197e+01
8.930000000000000000e+02,2.190476190476191931e+01
8.940000000000000000e+02,2.190476190476191221e+01
8.950000000000000000e+02,9.809523809523817306e+01
8.960000000000000000e+02,9.809523809523814464e+01
8.970000000000000000e+02,9.619047619047633191e+01
8.980000000000000000e+02,2.380952380952382086e+01
8.990000000000000000e+02,9.214250440917111007e+01
9.000000000000000000e+02,8.669159318048217244e+01
9.010000000000000000e+02,8.133768371546150888e+01
9.020000000000000000e+02,7.600075772421465103e+01
9.030000000000000000e+02,7.066679839745700065e+01
9.040000000000000000e+02,6.533335619570195263e+01
9.050000000000000000e+02,6.000000396160098859e+01
9.060000000000000000e+02,5.466666735213461692e+01
9.070000000000000000e+02,4.933333345177825890e+01
9.080000000000000000e+02,4.400000002044093605e+01
9.090000000000000000e+02,3.865961199646893931e+01
9.100000000000000000e+02,3.329911816638183808e+01
9.110000000000000000e+02,2.780176366848870373e+01
9.120000000000000000e+02,2.337777777777782262e+01
9.130000000000000000e+02,9.662222222222227686e+01
9.140000000000000000e+02,1.000000000000000000e+02
9.150000000000000000e+02,1.000000000000000000e+02
9.160000000000000000e+02,1.000000000000000000e+02
9.170000000000000000e+02,1.000000000000000000e+02
9.180000000000000000e+02,1.000000000000000000e+02
9.190000000000000000e+02,2.000000000000000000e+01
9.200000000000000000e+02,2.000000000000000000e+01
9.210000000000000000e+02,2.000000000000000000e+01
9.220000000000000000e+02,2.000000000000000000e+01
9.230000000000000000e+02,2.000000000000000000e+01
9.240000000000000000e+02,2.725783428195216018e+01
9.250000000000000000e+02,2.459116761528548878e+01
9.260000000000000000e+02,9.276190476190502920e+01
9.270000000000000000e+02,2.192450094861878540e+01
9.280000000000000000e+02,9.809523809523817306e+01
9.290000000000000000e+02,9.441022927698472245e+01
9.300000000000000000e+02,2.307229285244018158e+01
9.310000000000000000e+02,9.640634920634946070e+01
9.320000000000000000e+02,9.831111111111123080e+01
9.330000000000000000e+02,9.564444444444480098e+01
9.340000000000000000e+02,9.831111111111125922e+01
9.350000000000000000e+02,2.114779190382138552e+01
9.360000000000000000e+02,2.381445857048807824e+01
9.370000000000000000e+02,2.114779190382138552e+01
9.380000000000000000e+02,9.419435626111165050e+01
9.390000000000000000e+02,8.944955908435164815e+01
9.400000000000000000e+02,8.402063493013955053e+01
9.410000000000000000e+02,7.867019405940315835e+01
9.420000000000000000e+02,7.333333366115925855e+01
9.430000000000000000e+02,6.800000192239500052e+01
9.440000000000000000e+02,6.266667793368227990e+01
9.450000000000000000e+02,5.733339933130839228e+01
9.460000000000000000e+02,5.200038636314496188e+01
9.470000000000000000e+02,4.666892709730772282e+01
9.480000000000000000e+02,4.134654942781079257e+01
9.490000000000000000e+02,3.607721763065452336e+01
9.500000000000000000e+02,3.111749883333391509e+01
9.510000000000000000e+02,9.542857142857161534e+01
9.520000000000000000e+02,2.630940113834257588e+01
9.530000000000000000e+02,2.459116761528545680e+01
9.540000000000000000e+02,9.076578483254029095e+01
9.550000000000000000e+02,8.801710758514501265e+01
9.560000000000000000e+02,8.535044091847845493e+01
9.570000000000000000e+02,8.267019401166164982e+01
9.580000000000000000e+02,8.000352734499497842e+01
9.590000000000000000e+02,7.733333338107534871e+01
9.600000000000000000e+02,7.466666671440860625e+01
9.610000000000000000e+02,7.200000028008430775e+01
9.620000000000000000e+02,6.933333361341763634e+01
9.630000000000000000e+02,6.666666830897766260e+01
9.640000000000000000e+02,6.400000164231096278e+01
9.650000000000000000e+02,6.133334295803822300e+01
9.660000000000000000e+02,5.866667629137152318e+01
9.670000000000000000e+02,5.600005637327038244e+01
9.680000000000000000e+02,5.333338970660370393e+01
9.690000000000000000e+02,5.066699665654135742e+01
9.700000000000000000e+02,4.800032998987470734e+01
9.710000000000000000e+02,4.533526377409979347e+01
9.720000000000000000e+02,4.266859710743311496e+01
9.730000000000000000e+02,4.001128565371114121e+01
9.740000000000000000e+02,3.734461898704444849e+01
9.750000000000000000e+02,3.473259864361017435e+01
9.760000000000000000e+02,3.206593197694353137e+01
9.770000000000000000e+02,2.971823352305714749e+01
9.780000000000000000e+02,9.076578483254039043e+01
9.790000000000000000e+02,9.343245149920699077e+01
9.800000000000000000e+02,8.535044091847845493e+01
9.810000000000000000e+02,8.801710758514511213e+01
9.820000000000000000e+02,8.000352734499509211e+01
9.830000000000000000e+02,8.267019401166167825e+01
9.840000000000000000e+02,7.466666671440860625e+01
9.850000000000000000e+02,7.733333338107537713e+01
9.860000000000000000e+02,6.933333361341765055e+01
9.870000000000000000e+02,7.200000028008433617e+01
9.880000000000000000e+02,6.400000164231096278e+01
9.890000000000000000e+02,6.666666830897767682e+01
9.900000000000000000e+02,5.866667629137151607e+01
9.910000000000000000e+02,6.133334295803822300e+01
9.920000000000000000e+02,5.333338970660373235e+01
9.930000000000000000e+02,5.600005637327038244e+01
9.940000000000000000e+02,4.800032998987470023e+01
9.950000000000000000e+02,5.066699665654139295e+01
9.960000000000000000e+02,4.266859710743308653e+01
9.970000000000000000e+02,4.533526377409976504e+01
9.980000000000000000e+02,3.734461898704441296e+01
9.990000000000000000e+02,4.001128565371108436e+01
1.000000000000000000e+03,3.206593197694349584e+01
1.001000000000000000e+03,3.473259864361016014e+01
1.002000000000000000e+03,2.705156685639045477e+01
1.003000000000000000e+03,2.971823352305715105e+01
1.004000000000000000e+03,9.809523809523822990e+01
1.005000000000000000e+03,9.809523809523818727e+01
1.006000000000000000e+03,2.192450094861879961e+01
1.007000000000000000e+03,2.192450094861879251e+01
1.008000000000000000e+03,2.384900189723756725e+01
1.009000000000000000e+03,9.619047619047643138e+01
1.010000000000000000e+03,2.876980037944757385e+01
1.011000000000000000e+03,3.346519728722025633e+01
1.012000000000000000e+03,3.868923797408881882e+01
1.013000000000000000e+03,4.400386088153278052e+01
1.014000000000000000e+03,4.933399331308264379e+01
1.015000000000000000e+03,5.466677941320726575e+01
1.016000000000000000e+03,6.000001924940949749e+01
1.017000000000000000e+03,6.533333661795506941e+01
1.018000000000000000e+03,7.066666722683501689e+01
1.019000000000000000e+03,7.600000009548354285e+01
1.020000000000000000e+03,8.134038802332278806e+01
1.021000000000000000e+03,8.670088183695638406e+01
1.022000000000000000e+03,9.219823633174695487e+01
1.023000000000000000e+03,2.229558380764277459e+01
1.024000000000000000e+03,9.662222222222253265e+01
1.025000000000000000e+03,2.000000000000000000e+01
1.026000000000000000e+03,2.000000000000000000e+01
1.027000000000000000e+03,2.000000000000000000e+01
1.028000000000000000e+03,2.000000000000000000e+01
1.029000000000000000e+03,2.000000000000000000e+01
1.030000000000000000e+03,2.000000000000000000e+01
1.031000000000000000e+03,2.000000000000000000e+01
1.032000000000000000e+03,2.000000000000000000e+01
1.033000000000000000e+03,2.000000000000000000e+01
1.034000000000000000e+03,2.000000000000000000e+01
1.035000000000000000e+03,2.000000000000000000e+01
1.036000000000000000e+03,2.000000000000000000e+01
1.037000000000000000e+03,2.000000000000000000e+01
1.038000000000000000e+03,2.000000000000000000e+01
1.039000000000000000e+03,2.000000000000000000e+01
1.040000000000000000e+03,2.000000000000000000e+01
1.041000000000000000e+03,2.000000000000000000e+01
1.042000000000000000e+03,2.000000000000000000e+01
1.043000000000000000e+03,2.000000000000000000e+01
1.044000000000000000e+03,2.000000000000000000e+01
1.045000000000000000e+03,2.000000000000000000e+01
1.046000000000000000e+03,2.000000000000000000e+01
1.047000000000000000e+03,2.000000000000000000e+01
1.048000000000000000e+03,2.000000000000000000e+01
1.049000000000000000e+03,2.000000000000000000e+01
1.050000000000000000e+03,2.000000000000000000e+01
1.051000000000000000e+03,2.000000000000000000e+01
1.052000000000000000e+03,2.000000000000000000e+01
1.053000000000000000e+03,2.000000000000000000e+01
1.054000000000000000e+03,2.000000000000000000e+01
1.055000000000000000e+03,2.000000000000000000e+01
1.056000000000000000e+03,2.000000000000000000e+01
1.057000000000000000e+03,2.000000000000000000e+01
1.058000000000000000e+03,2.000000000000000000e+01
1.059000000000000000e+03,2.000000000000000000e+01
1.060000000000000000e+03,2.000000000000000000e+01
1.061000000000000000e+03,2.000000000000000000e+01
1.062000000000000000e+03,2.000000000000000000e+01
1.063000000000000000e+03,2.000000000000000000e+01
1.064000000000000000e+03,2.000000000000000000e+01
1.065000000000000000e+03,2.000000000000000000e+01
1.066000000000000000e+03,1.000000000000000000e+02
1.067000000000000000e+03,1.000000000000000000e+02
1.068000000000000000e+03,1.000000000000000000e+02
1.069000000000000000e+03,1.000000000000000000e+02
1.070000000000000000e+03,1.000000000000000000e+02
1.071000000000000000e+03,1.000000000000000000e+02
1.072000000000000000e+03,1.000000000000000000e+02
1.073000000000000000e+03,1.000000000000000000e+02
1.074000000000000000e+03,1.000000000000000000e+02
1.075000000000000000e+03,1.000000000000000000e+02
1.076000000000000000e+03,1.000000000000000000e+02
1.077000000000000000e+03,1.000000000000000000e+02
1.078000000000000000e+03,1.000000000000000000e+02
1.079000000000000000e+03,1.000000000000000000e+02
1.080000000000000000e+03,1.000000000000000000e+02
1.081000000000000000e+03,1.000000000000000000e+02
1.082000000000000000e+03,1.000000000000000000e+02
1.083000000000000000e+03,1.000000000000000000e+02
1.084000000000000000e+03,1.000000000000000000e+02
1.085000000000000000e+03,1.000000000000000000e+02
1.086000000000000000e+03,1.000000000000000000e+02
1.087000000000000000e+03,1.000000000000000000e+02
1.088000000000000000e+03,1.000000000000000000e+02
1.089000000000000000e+03,1.000000000000000000e+02
1.090000000000000000e+03,1.000000000000000000e+02
1.091000000000000000e+03,1.000000000000000000e+02
1.092000000000000000e+03,1.000000000000000000e+02
1.093000000000000000e+03,1.000000000000000000e+02
1.094000000000000000e+03,1.000000000000000000e+02
1.095000000000000000e+03,1.000000000000000000e+02
1.096000000000000000e+03,1.000000000000000000e+02
1.097000000000000000e+03,1.000000000000000000e+02
1.098000000000000000e+03,1.000000000000000000e+02
1.099000000000000000e+03,1.000000000000000000e+02
1.100000000000000000e+03,1.000000000000000000e+02
1.101000000000000000e+03,1.000000000000000000e+02
1.102000000000000000e+03,1.000000000000000000e+02
1.103000000000000000e+03,1.000000000000000000e+02
1.104000000000000000e+03,1.000000000000000000e+02
1.105000000000000000e+03,1.000000000000000000e+02
1.106000000000000000e+03,1.000000000000000000e+02
1.107000000000000000e+03,6.238471388816858365e+01
1.108000000000000000e+03,5.759543349345540975e+01
1.109000000000000000e+03,6.855714241663640962e+01
1.110000000000000000e+03,6.445012907187167173e+01
1.111000000000000000e+03,3.691294337312385210e+01
1.112000000000000000e+03,4.188227325677880941e+01
1.113000000000000000e+03,3.685597375035293766e+01
1.114000000000000000e+03,3.467040056983637442e+01
1.115000000000000000e+03,3.169760649402942221e+01
1.116000000000000000e+03,4.050981670618062225e+01
1.117000000000000000e+03,4.042177195350333818e+01
1.118000000000000000e+03,3.518053933978084302e+01
1.119000000000000000e+03,4.309935788313553218e+01
1.120000000000000000e+03,2.570799720784032871e+01
1.121000000000000000e+03,2.932299718260771115e+01
1.122000000000000000e+03,3.108870034416521477e+01
1.123000000000000000e+03,2.995484491189325382e+01
1.124000000000000000e+03,2.324458939333760554e+01
1.125000000000000000e+03,7.516056219736772448e+01
1.126000000000000000e+03,5.235955784718207440e+01
1.127000000000000000e+03,5.021800766388589921e+01
1.128000000000000000e+03,4.487319459517811993e+01
1.129000000000000000e+03,4.843899279832851335e+01
1.130000000000000000e+03,8.765241920948054144e+01
1.131000000000000000e+03,8.962426503499369801e+01
1.132000000000000000e+03,8.430673102537809882e+01
1.133000000000000000e+03,5.570524603128452412e+01
1.134000000000000000e+03,6.014036307732295228e+01
1.135000000000000000e+03,5.980024655660012911e+01
1.136000000000000000e+03,5.578534970680893679e+01
1.137000000000000000e+03,5.378380586703636368e+01
1.138000000000000000e+03,5.289041419823981727e+01
1.139000000000000000e+03,2.737307220697411481e+01
1.140000000000000000e+03,5.554987410704306683e+01
1.141000000000000000e+03,5.380480160315844529e+01
1.142000000000000000e+03,6.444494843482995350e+01
1.143000000000000000e+03,6.210699597994514676e+01
1.144000000000000000e+03,6.222830136617042029e+01
1.145000000000000000e+03,6.443976779778819264e+01
1.146000000000000000e+03,6.621619482835154713e+01
1.147000000000000000e+03,6.710958898067494260e+01
1.148000000000000000e+03,6.622655113538129967e+01
1.149000000000000000e+03,5.142544627189656126e+01
1.150000000000000000e+03,5.022836645444249370e+01
1.151000000000000000e+03,4.845452974240002675e+01
1.152000000000000000e+03,2.813439736763642429e+01
1.153000000000000000e+03,2.524705834686761108e+01
1.154000000000000000e+03,2.569763903816550865e+01
1.155000000000000000e+03,5.676954656839382807e+01
1.156000000000000000e+03,3.691812276840209250e+01
1.157000000000000000e+03,4.102749298016235002e+01
1.158000000000000000e+03,4.076571558912605298e+01
1.159000000000000000e+03,3.518571873505920422e+01
1.160000000000000000e+03,3.687409977118176130e+01
1.161000000000000000e+03,3.274637132883081136e+01
1.162000000000000000e+03,4.312784393628444946e+01
1.163000000000000000e+03,6.836033781369548024e+01
1.164000000000000000e+03,7.752141773700735428e+01
1.165000000000000000e+03,7.516904095808688169e+01
1.166000000000000000e+03,7.154806375503557092e+01
1.167000000000000000e+03,7.941858887672445633e+01
1.168000000000000000e+03,8.045349438985202539e+01
1.169000000000000000e+03,2.870668577651187547e+01
1.170000000000000000e+03,8.902487576007860071e+01
1.171000000000000000e+03,8.781038145224276548e+01
1.172000000000000000e+03,8.473400692145050073e+01
1.173000000000000000e+03,9.332092523574833365e+01
1.174000000000000000e+03,9.103954255580917732e+01
1.175000000000000000e+03,9.438605527083099389e+01
1.176000000000000000e+03,9.144610087076857496e+01
1.177000000000000000e+03,9.008400062719989876e+01
1.178000000000000000e+03,8.567141910394032323e+01
1.179000000000000000e+03,8.571026643117303934e+01
1.180000000000000000e+03,8.303526957829835453e+01
1.181000000000000000e+03,9.008400062720023982e+01
1.182000000000000000e+03,7.757161974906959756e+01
1.183000000000000000e+03,8.045608222484638361e+01
1.184000000000000000e+03,2.676194019615657282e+01
1.185000000000000000e+03,9.099595169226373059e+01
1.186000000000000000e+03,9.328580816586843127e+01
1.187000000000000000e+03,8.459676225980157938e+01
1.188000000000000000e+03,2.679560440282031664e+01
1.189000000000000000e+03,3.017669588327414942e+01
1.190000000000000000e+03,9.466560602188147300e+01
1.191000000000000000e+03,9.467356820901269998e+01
1.192000000000000000e+03,9.488543291886651332e+01
1.193000000000000000e+03,7.951608220736225974e+01
1.194000000000000000e+03,4.490556240081800610e+01
1.195000000000000000e+03,8.358942886193614186e+01
1.196000000000000000e+03,8.276595592498810561e+01
1.197000000000000000e+03,6.977163672447240117e+01
1.198000000000000000e+03,7.154806375503565619e+01
1.199000000000000000e+03,7.774742364883451273e+01
1.200000000000000000e+03,4.579506983359667771e+01
1.201000000000000000e+03,4.222409347693135828e+01
1.202000000000000000e+03,7.790182451407139297e+01
1.203000000000000000e+03,6.888601104418462739e+01
1.204000000000000000e+03,4.756113807360343060e+01
1.205000000000000000e+03,5.111398965120330473e+01
1.206000000000000000e+03,7.243886510531136480e+01
1.207000000000000000e+03,7.421528716882079380e+01
1.208000000000000000e+03,6.977163672447223064e+01
1.209000000000000000e+03,5.999007369081198959e+01
1.210000000000000000e+03,6.013111959306640131e+01
1.211000000000000000e+03,6.252575979042297405e+01
1.212000000000000000e+03,6.119235694408437354e+01
1.213000000000000000e+03,5.879771674672777237e+01
1.214000000000000000e+03,6.119236656878904768e+01
1.215000000000000000e+03,5.879772637143244651e+01
1.216000000000000000e+03,6.000000962470484467e+01
1.217000000000000000e+03,6.547092815240250729e+01
1.218000000000000000e+03,6.694523951729571820e+01
1.219000000000000000e+03,6.385902525306183009e+01
1.220000000000000000e+03,6.385902361075108047e+01
1.221000000000000000e+03,6.694523787498502543e+01
1.222000000000000000e+03,6.533333497564430559e+01
1.223000000000000000e+03,6.341742148002012414e+01
1.224000000000000000e+03,6.489173120260262806e+01
1.225000000000000000e+03,6.355846738227452875e+01
1.226000000000000000e+03,6.252569027741772345e+01
1.227000000000000000e+03,3.939760831495133431e+01
1.228000000000000000e+03,4.027094262662386370e+01
1.229000000000000000e+03,3.778627768479638149e+01
1.230000000000000000e+03,3.688445856173838422e+01
1.231000000000000000e+03,3.936912350356587353e+01
1.232000000000000000e+03,3.775779287341092783e+01
1.233000000000000000e+03,3.579167197148009905e+01
1.234000000000000000e+03,3.318400353193289476e+01
1.235000000000000000e+03,3.430527493357661939e+01
1.236000000000000000e+03,3.646407813718072077e+01
1.237000000000000000e+03,3.534280673553698904e+01
1.238000000000000000e+03,3.385640969763350228e+01
1.239000000000000000e+03,3.674319339307034227e+01
1.240000000000000000e+03,3.786446479471407400e+01
1.241000000000000000e+03,3.871138003965223362e+01
1.242000000000000000e+03,3.759010863800848057e+01
1.243000000000000000e+03,3.966290146124247684e+01
1.244000000000000000e+03,3.866735766331358803e+01
1.245000000000000000e+03,4.115202260514105603e+01
1.246000000000000000e+03,3.863887285192813437e+01
1.247000000000000000e+03,3.604674135645232980e+01
1.248000000000000000e+03,3.780115564664209415e+01
1.249000000000000000e+03,3.601825654506689034e+01
1.250000000000000000e+03,4.000615062812969569e+01
1.251000000000000000e+03,4.221761341949876112e+01
1.252000000000000000e+03,3.912440616449291042e+01
1.253000000000000000e+03,3.778007665882544330e+01
1.254000000000000000e+03,4.087328391383127268e+01
1.255000000000000000e+03,4.092284283102131326e+01
1.256000000000000000e+03,2.751549719522402171e+01
1.257000000000000000e+03,2.861855063993494497e+01
1.258000000000000000e+03,2.681105065255124487e+01
1.259000000000000000e+03,2.839834877600276997e+01
1.260000000000000000e+03,3.020584876338645586e+01
1.261000000000000000e+03,2.950140222071371099e+01
1.262000000000000000e+03,2.510484395245247669e+01
1.263000000000000000e+03,2.294300545250642642e+01
1.264000000000000000e+03,3.256769212583706263e+01
1.265000000000000000e+03,3.340540933112308863e+01
1.266000000000000000e+03,3.156134798733767965e+01
1.267000000000000000e+03,3.417419520128149202e+01
1.268000000000000000e+03,3.501191240656752512e+01
1.269000000000000000e+03,2.400179050774153211e+01
1.270000000000000000e+03,2.464921215260521237e+01
1.271000000000000000e+03,2.285399860392016436e+01
1.272000000000000000e+03,2.114779190382138552e+01
1.273000000000000000e+03,2.179521354868505867e+01
1.274000000000000000e+03,2.447629330058896002e+01
1.275000000000000000e+03,2.162229469666880277e+01
1.276000000000000000e+03,2.285399860392017146e+01
1.277000000000000000e+03,2.162229469666879922e+01
1.278000000000000000e+03,2.285399860392016436e+01
1.279000000000000000e+03,2.162229469666879211e+01
1.280000000000000000e+03,2.969265932460792712e+01
1.281000000000000000e+03,2.788515933722422346e+01
1.282000000000000000e+03,6.961190482173572036e+01
1.283000000000000000e+03,7.291361471210129253e+01
1.284000000000000000e+03,7.185885230700201021e+01
1.285000000000000000e+03,6.961190229256609996e+01
1.286000000000000000e+03,7.066666469766539649e+01
1.287000000000000000e+03,7.291361218293170054e+01
1.288000000000000000e+03,2.516374479500186823e+01
1.289000000000000000e+03,5.128878275553395838e+01
1.290000000000000000e+03,5.110892102452818619e+01
1.291000000000000000e+03,5.217969611617630932e+01
1.292000000000000000e+03,5.084644559025772992e+01
1.293000000000000000e+03,4.977567049860964232e+01
1.294000000000000000e+03,4.861637622118007585e+01
1.295000000000000000e+03,4.665609369675330242e+01
1.296000000000000000e+03,5.039927532275533650e+01
1.297000000000000000e+03,4.754560112953200246e+01
1.298000000000000000e+03,4.932850023110724180e+01
1.299000000000000000e+03,5.351311259965831368e+01
1.300000000000000000e+03,5.217977892359105141e+01
1.301000000000000000e+03,5.351311225692441553e+01
1.302000000000000000e+03,5.466666700940067614e+01
1.303000000000000000e+03,4.710326396425574558e+01
1.304000000000000000e+03,5.084644564948015244e+01
1.305000000000000000e+03,8.863834212223711972e+01
1.306000000000000000e+03,8.772962556369466824e+01
1.307000000000000000e+03,8.674370265093810417e+01
1.308000000000000000e+03,8.597957511742929171e+01
1.309000000000000000e+03,8.696549803018596947e+01
1.310000000000000000e+03,8.507085855888692549e+01
1.311000000000000000e+03,5.792280455430369557e+01
1.312000000000000000e+03,5.997030481696154425e+01
1.313000000000000000e+03,5.775274629394230885e+01
1.314000000000000000e+03,5.574529786904672335e+01
1.315000000000000000e+03,5.796285639206595874e+01
1.316000000000000000e+03,5.779279813170455071e+01
1.317000000000000000e+03,5.886789828538917391e+01
1.318000000000000000e+03,5.665033976236998114e+01
1.319000000000000000e+03,5.651952299694376336e+01
1.320000000000000000e+03,5.873708151996293481e+01
1.321000000000000000e+03,5.746461672802918486e+01
1.322000000000000000e+03,5.474452594916041903e+01
1.323000000000000000e+03,5.555880291481970090e+01
1.324000000000000000e+03,5.568961968024589027e+01
1.325000000000000000e+03,5.429783011476215648e+01
1.326000000000000000e+03,5.433788195252440545e+01
1.327000000000000000e+03,5.634533037741997674e+01
1.328000000000000000e+03,2.600252641778072871e+01
1.329000000000000000e+03,2.670962665863131491e+01
1.330000000000000000e+03,2.464538525181306028e+01
1.331000000000000000e+03,2.393828501096248118e+01
1.332000000000000000e+03,2.530883080015586017e+01
1.333000000000000000e+03,5.562756006916379903e+01
1.334000000000000000e+03,5.767506033182158376e+01
1.335000000000000000e+03,5.475502381722147049e+01
1.336000000000000000e+03,5.467733785510075251e+01
1.337000000000000000e+03,5.680252407987926233e+01
1.338000000000000000e+03,5.422014415264142428e+01
1.339000000000000000e+03,5.334760790069912417e+01
1.340000000000000000e+03,5.785284574634305699e+01
1.341000000000000000e+03,5.518676851304428510e+01
1.342000000000000000e+03,5.651930469312292615e+01
1.343000000000000000e+03,5.556908247905990095e+01
1.344000000000000000e+03,5.856680495578073220e+01
1.345000000000000000e+03,6.355579858871182353e+01
1.346000000000000000e+03,6.140350590995826252e+01
1.347000000000000000e+03,6.229265575607639249e+01
1.348000000000000000e+03,6.327597220738751815e+01
1.349000000000000000e+03,6.238682236126938818e+01
1.350000000000000000e+03,6.112367952863404241e+01
1.351000000000000000e+03,6.222234680000057239e+01
1.352000000000000000e+03,6.007005412124703270e+01
1.353000000000000000e+03,6.488868414631795645e+01
1.354000000000000000e+03,6.355567149316357245e+01
1.355000000000000000e+03,6.244734795883378808e+01
1.356000000000000000e+03,6.333662490050018334e+01
1.357000000000000000e+03,6.212259749571502709e+01
1.358000000000000000e+03,6.123332055404864604e+01
1.359000000000000000e+03,6.101427396138524273e+01
1.360000000000000000e+03,6.444235811630905175e+01
1.361000000000000000e+03,6.333403458197931712e+01
1.362000000000000000e+03,6.533057163159072900e+01
1.363000000000000000e+03,6.532798131306989831e+01
1.364000000000000000e+03,6.422224809726100148e+01
1.365000000000000000e+03,6.444753875335079840e+01
1.366000000000000000e+03,6.229524607459727292e+01
1.367000000000000000e+03,6.212518781423587910e+01
1.368000000000000000e+03,6.666289190451325908e+01
1.369000000000000000e+03,6.577726870775248358e+01
1.370000000000000000e+03,6.577467838923158183e+01
1.371000000000000000e+03,6.533574978510557685e+01
1.372000000000000000e+03,6.533834010362646438e+01
1.373000000000000000e+03,6.666807005802813535e+01
1.374000000000000000e+03,6.577985902627327164e+01
1.375000000000000000e+03,5.037971979248958121e+01
1.376000000000000000e+03,5.304611284255189929e+01
1.377000000000000000e+03,5.171272313594828773e+01
1.378000000000000000e+03,5.082690636316950616e+01
1.379000000000000000e+03,5.244721896083694901e+01
1.380000000000000000e+03,5.304575886956397568e+01
1.381000000000000000e+03,5.360539798935272415e+01
1.382000000000000000e+03,5.300685808062572590e+01
1.383000000000000000e+03,5.522571058702016700e+01
1.384000000000000000e+03,5.260462606946646957e+01
1.385000000000000000e+03,5.289293577083122244e+01
1.386000000000000000e+03,5.171375597326132123e+01
1.387000000000000000e+03,4.993998800714829400e+01
1.388000000000000000e+03,5.111916780471819521e+01
1.389000000000000000e+03,5.022829770851302555e+01
1.390000000000000000e+03,5.669039160013220169e+01
1.391000000000000000e+03,5.451043988267594642e+01
1.392000000000000000e+03,5.478457778692264668e+01
1.393000000000000000e+03,5.422523626685157438e+01
1.394000000000000000e+03,5.304605646928164475e+01
1.395000000000000000e+03,5.037938980261498045e+01
1.396000000000000000e+03,5.171272313594830905e+01
1.397000000000000000e+03,4.933366332320805725e+01
1.398000000000000000e+03,5.613105008006110097e+01
1.399000000000000000e+03,5.466672303993704674e+01
1.400000000000000000e+03,5.613110645333134130e+01
1.401000000000000000e+03,2.654053470740721465e+01
1.402000000000000000e+03,2.834803469479091120e+01
1.403000000000000000e+03,2.692119728773838361e+01
1.404000000000000000e+03,2.775373478730524823e+01
1.405000000000000000e+03,2.872869727512205884e+01
1.406000000000000000e+03,2.424582387010262607e+01
1.407000000000000000e+03,2.547234869251654743e+01
1.408000000000000000e+03,2.447111421575154466e+01
1.409000000000000000e+03,2.631006527692085584e+01
1.410000000000000000e+03,2.653535562256980285e+01
1.411000000000000000e+03,2.284881951908275255e+01
1.412000000000000000e+03,2.162229469666879922e+01
1.413000000000000000e+03,2.162229469666880988e+01
1.414000000000000000e+03,2.284881951908274900e+01
1.415000000000000000e+03,2.568949338048702202e+01
1.416000000000000000e+03,2.669072785725201058e+01
1.417000000000000000e+03,2.393204088775051730e+01
1.418000000000000000e+03,2.599628229456876483e+01
1.419000000000000000e+03,2.162229469666879567e+01
1.420000000000000000e+03,5.456455220778795479e+01
1.421000000000000000e+03,5.571810661753028171e+01
1.422000000000000000e+03,5.395471597711257772e+01
1.423000000000000000e+03,5.615971033771845811e+01
1.424000000000000000e+03,5.510827038685491175e+01
1.425000000000000000e+03,5.217977892359107273e+01
1.426000000000000000e+03,5.571810696026422960e+01
1.427000000000000000e+03,5.705143995086360320e+01
1.428000000000000000e+03,5.838477526499740122e+01
1.429000000000000000e+03,5.351313148590780600e+01
1.430000000000000000e+03,5.423575336389594526e+01
1.431000000000000000e+03,5.308217972517026340e+01
1.432000000000000000e+03,5.084644928154985877e+01
1.433000000000000000e+03,5.156907115953805487e+01
1.434000000000000000e+03,5.705143995086361741e+01
1.435000000000000000e+03,5.828489656249693951e+01
1.436000000000000000e+03,5.528717408577612247e+01
1.437000000000000000e+03,5.838477328419700285e+01
1.438000000000000000e+03,6.111415068308529186e+01
1.439000000000000000e+03,5.949892396728210286e+01
1.440000000000000000e+03,6.000000198080056180e+01
1.441000000000000000e+03,6.111415266388570444e+01
1.442000000000000000e+03,3.897280787428221771e+01
1.443000000000000000e+03,3.984707982341451782e+01
1.444000000000000000e+03,3.779239471753436419e+01
1.445000000000000000e+03,3.913797404960570248e+01
1.446000000000000000e+03,4.119265915548581347e+01
1.447000000000000000e+03,3.884191917876408695e+01
1.448000000000000000e+03,3.797571716209260728e+01
1.449000000000000000e+03,3.605192075173063415e+01
1.450000000000000000e+03,3.689611126979190914e+01
1.451000000000000000e+03,3.881990768015392490e+01
1.452000000000000000e+03,3.602990925312047921e+01
1.453000000000000000e+03,3.396604503194498648e+01
1.454000000000000000e+03,3.483224704861645193e+01
1.455000000000000000e+03,3.481023555000626857e+01
1.456000000000000000e+03,4.089660428464417663e+01
1.457000000000000000e+03,4.002298335234328874e+01
1.458000000000000000e+03,4.194677976270523345e+01
1.459000000000000000e+03,4.207766845822339974e+01
1.460000000000000000e+03,4.224283463354684187e+01
1.461000000000000000e+03,3.871396973729137159e+01
1.462000000000000000e+03,4.181883032123254651e+01
1.463000000000000000e+03,4.093382101849498866e+01
1.464000000000000000e+03,4.710326402347816099e+01
1.465000000000000000e+03,4.888616312505336481e+01
1.466000000000000000e+03,4.621949640938471049e+01
1.467000000000000000e+03,4.443659730780951378e+01
1.468000000000000000e+03,4.249081556995717790e+01
1.469000000000000000e+03,4.176056491831943163e+01
1.470000000000000000e+03,4.264748327434071484e+01
1.471000000000000000e+03,4.337773392597844690e+01
1.472000000000000000e+03,4.156180543477084655e+01
1.473000000000000000e+03,4.083155478313311448e+01
1.474000000000000000e+03,4.305726610397048404e+01
1.475000000000000000e+03,4.294113663860985497e+01
1.476000000000000000e+03,4.160780329505612940e+01
1.477000000000000000e+03,4.400000001022051777e+01
1.478000000000000000e+03,4.443659729758908838e+01
1.479000000000000000e+03,4.666666667688716785e+01
1.480000000000000000e+03,4.294113662838947221e+01
1.481000000000000000e+03,5.705145496167759944e+01
1.482000000000000000e+03,5.978083236056589556e+01
1.483000000000000000e+03,5.838487114548089352e+01
1.484000000000000000e+03,6.111424854436921095e+01
1.485000000000000000e+03,6.640005280574186486e+01
1.486000000000000000e+03,6.529431958993293961e+01
1.487000000000000000e+03,6.728826632102348526e+01
1.488000000000000000e+03,6.244748401641857072e+01
1.489000000000000000e+03,6.444129468992434795e+01
1.490000000000000000e+03,6.378081734975192774e+01
1.491000000000000000e+03,6.577476408084248760e+01
1.492000000000000000e+03,7.809404220183705547e+01
1.493000000000000000e+03,7.676108773061095292e+01
1.494000000000000000e+03,7.676070886850374109e+01
1.495000000000000000e+03,7.600037886210742499e+01
1.496000000000000000e+03,7.294087777535136752e+01
1.497000000000000000e+03,6.951356810557619781e+01
1.498000000000000000e+03,7.409410806723214193e+01
1.499000000000000000e+03,7.634522934754711798e+01
1.500000000000000000e+03,7.176468938589110280e+01
1.501000000000000000e+03,7.291791967777189143e+01
1.502000000000000000e+03,7.218016890684776854e+01
1.503000000000000000e+03,6.995420078436549716e+01
1.504000000000000000e+03,7.453474074602139865e+01
1.505000000000000000e+03,7.377403187751784230e+01
1.506000000000000000e+03,7.847000330686584846e+01
1.507000000000000000e+03,7.637328630498333837e+01
1.508000000000000000e+03,7.542470073512474471e+01
1.509000000000000000e+03,7.548332631587999231e+01
1.510000000000000000e+03,7.243802374413890277e+01
1.511000000000000000e+03,7.677049873045784523e+01
1.512000000000000000e+03,7.823653705688026605e+01
1.513000000000000000e+03,7.898745606342968983e+01
1.514000000000000000e+03,7.559431034099765156e+01
1.515000000000000000e+03,7.781126767396941091e+01
1.516000000000000000e+03,3.293163055616467005e+01
1.517000000000000000e+03,3.441802759406815682e+01
1.518000000000000000e+03,2.953533935050178272e+01
1.519000000000000000e+03,2.803987899174300225e+01
1.520000000000000000e+03,3.020214613527065595e+01
1.521000000000000000e+03,2.847233242044851664e+01
1.522000000000000000e+03,2.697687206168976104e+01
1.523000000000000000e+03,3.222198891143010968e+01
1.524000000000000000e+03,3.005972176790244532e+01
1.525000000000000000e+03,2.991600193083294101e+01
1.526000000000000000e+03,3.044038434823361428e+01
1.527000000000000000e+03,3.344166261454430611e+01
1.528000000000000000e+03,3.127939547101664886e+01
1.529000000000000000e+03,3.220362501430831514e+01
1.530000000000000000e+03,3.004135787078066500e+01
1.531000000000000000e+03,3.394768113482318483e+01
1.532000000000000000e+03,3.070816465554956665e+01
1.533000000000000000e+03,8.879795710748923909e+01
1.534000000000000000e+03,8.978388002024587422e+01
1.535000000000000000e+03,8.833864748477955686e+01
1.536000000000000000e+03,8.841762860616067599e+01
1.537000000000000000e+03,8.773140033086164635e+01
1.538000000000000000e+03,8.619321306546551398e+01
1.539000000000000000e+03,8.687944134076448677e+01
1.540000000000000000e+03,8.627219418684663310e+01
1.541000000000000000e+03,9.275027322578513633e+01
1.542000000000000000e+03,9.010667525769081010e+01
1.543000000000000000e+03,9.165302570982893826e+01
1.544000000000000000e+03,9.117290049791347428e+01
1.545000000000000000e+03,8.795865051985592231e+01
1.546000000000000000e+03,8.950500097199410732e+01
1.547000000000000000e+03,9.003220915794386769e+01
1.548000000000000000e+03,9.170546551545479019e+01
1.549000000000000000e+03,9.271279891332004297e+01
1.550000000000000000e+03,8.942496200402598561e+01
1.551000000000000000e+03,9.109821836153690811e+01
1.552000000000000000e+03,9.023548831542356652e+01
1.553000000000000000e+03,9.291607807079977022e+01
1.554000000000000000e+03,8.962824116150564180e+01
1.555000000000000000e+03,9.238351305325841167e+01
1.556000000000000000e+03,9.385349025328962114e+01
1.557000000000000000e+03,8.955443819363918578e+01
1.558000000000000000e+03,9.170246293147413041e+01
1.559000000000000000e+03,8.734814743200946907e+01
1.560000000000000000e+03,8.787770986557016784e+01
1.561000000000000000e+03,8.949617216984439949e+01
1.562000000000000000e+03,8.666191915671042523e+01
1.563000000000000000e+03,8.886820991834021299e+01
1.564000000000000000e+03,6.126253848274574665e+01
1.565000000000000000e+03,6.224585493405684389e+01
1.566000000000000000e+03,6.327856252590839858e+01
1.567000000000000000e+03,6.140358438500011573e+01
1.568000000000000000e+03,5.746438341339442957e+01
1.569000000000000000e+03,2.782624197502937591e+01
1.570000000000000000e+03,2.681282631829898477e+01
1.571000000000000000e+03,2.894142925516285558e+01
1.572000000000000000e+03,2.688218436070856043e+01
1.573000000000000000e+03,2.475358142384464699e+01
1.574000000000000000e+03,2.586876870397816575e+01
1.575000000000000000e+03,2.933076534420256110e+01
1.576000000000000000e+03,2.937739642039323584e+01
1.577000000000000000e+03,3.000147598808391791e+01
1.578000000000000000e+03,2.720216240733868673e+01
1.579000000000000000e+03,2.787287305122002579e+01
1.580000000000000000e+03,6.222010662959488769e+01
1.581000000000000000e+03,6.088656557637477817e+01
1.582000000000000000e+03,6.355330729711145210e+01
1.583000000000000000e+03,3.343389414250854941e+01
1.584000000000000000e+03,3.323348461458198244e+01
1.585000000000000000e+03,3.162698153913757082e+01
1.586000000000000000e+03,3.031075578927999103e+01
1.587000000000000000e+03,8.677572081275349092e+01
1.588000000000000000e+03,8.620557413406474723e+01
1.589000000000000000e+03,8.485513321558684652e+01
1.590000000000000000e+03,8.628041310986182566e+01
1.591000000000000000e+03,8.437276800473573246e+01
1.592000000000000000e+03,8.486807570762739772e+01
1.593000000000000000e+03,8.655963510274929718e+01
1.594000000000000000e+03,8.789713352918667510e+01
1.595000000000000000e+03,8.839244123207829773e+01
1.596000000000000000e+03,8.351763478914949701e+01
1.597000000000000000e+03,8.218430145581623947e+01
1.598000000000000000e+03,8.490738343434755109e+01
1.599000000000000000e+03,8.030344466368397605e+01
1.600000000000000000e+03,7.948633186134993878e+01
1.601000000000000000e+03,8.221815677596437411e+01
1.602000000000000000e+03,8.174567590157234065e+01
1.603000000000000000e+03,7.901385098695791953e+01
1.604000000000000000e+03,8.092856309923837443e+01
1.605000000000000000e+03,8.218782880081056419e+01
1.606000000000000000e+03,2.835839255402490977e+01
1.607000000000000000e+03,2.773431298633422770e+01
1.608000000000000000e+03,2.622978961716102475e+01
1.609000000000000000e+03,2.936439970746944539e+01
1.610000000000000000e+03,3.085986006622821165e+01
1.611000000000000000e+03,2.763458599264730964e+01
1.612000000000000000e+03,3.280981457481785668e+01
1.613000000000000000e+03,3.095255314003327740e+01
1.614000000000000000e+03,3.505568193833925505e+01
1.615000000000000000e+03,3.244801349879204366e+01
1.616000000000000000e+03,2.871058963562433419e+01
1.617000000000000000e+03,3.194361255814637701e+01
1.618000000000000000e+03,3.261432320202771962e+01
1.619000000000000000e+03,4.666859710743314338e+01
1.620000000000000000e+03,4.400193044076641513e+01
1.621000000000000000e+03,3.343907291690513972e+01
1.622000000000000000e+03,3.394509143718402555e+01
1.623000000000000000e+03,2.516480983337644162e+01
1.624000000000000000e+03,8.835310906171837075e+01
1.625000000000000000e+03,9.049367510114470292e+01
1.626000000000000000e+03,8.785083247059941414e+01
1.627000000000000000e+03,8.949803729852077083e+01
1.628000000000000000e+03,9.214087992906604541e+01
1.629000000000000000e+03,9.163860333794703195e+01
1.630000000000000000e+03,8.381601591905000248e+01
1.631000000000000000e+03,8.734038144350090249e+01
1.632000000000000000e+03,8.568812977509914219e+01
1.633000000000000000e+03,8.843174895879855058e+01
1.634000000000000000e+03,9.168490439653433555e+01
1.635000000000000000e+03,9.053997615973185020e+01
1.636000000000000000e+03,8.308317432800974700e+01
1.637000000000000000e+03,8.231196471685032634e+01
1.638000000000000000e+03,8.493905682001367552e+01
1.639000000000000000e+03,8.500849872827569698e+01
1.640000000000000000e+03,8.238140662511220569e+01
1.641000000000000000e+03,8.423728911711627632e+01
1.642000000000000000e+03,8.355565520240169519e+01
1.643000000000000000e+03,3.225435795883344525e+01
1.644000000000000000e+03,3.262402010083370385e+01
1.645000000000000000e+03,2.871769683679112006e+01
1.646000000000000000e+03,3.191753583649799353e+01
1.647000000000000000e+03,3.103468425571925593e+01
1.648000000000000000e+03,3.309854847689475577e+01
1.649000000000000000e+03,3.398140005767350402e+01
1.650000000000000000e+03,2.625180080533031202e+01
1.651000000000000000e+03,2.805930079271400501e+01
1.652000000000000000e+03,2.894215237349276038e+01
1.653000000000000000e+03,3.213052387128464460e+01
1.654000000000000000e+03,3.124767229050587858e+01
1.655000000000000000e+03,2.974984653294092141e+01
1.656000000000000000e+03,2.915554662545528330e+01
1.657000000000000000e+03,3.146153360605246974e+01
1.658000000000000000e+03,3.063269811371968387e+01
1.659000000000000000e+03,2.848615014304722592e+01
1.660000000000000000e+03,9.305585344632503109e+01
1.661000000000000000e+03,9.466958711544705807e+01
1.662000000000000000e+03,9.305983453989061616e+01
1.663000000000000000e+03,9.353980775411970683e+01
1.664000000000000000e+03,9.514956032967613453e+01
1.665000000000000000e+03,9.515354142324173381e+01
1.666000000000000000e+03,9.480124630840796840e+01
1.667000000000000000e+03,9.333126910837677315e+01
1.668000000000000000e+03,9.355358600497362431e+01
1.669000000000000000e+03,9.502356320500477693e+01
1.670000000000000000e+03,9.218023389577875548e+01
1.671000000000000000e+03,9.283475995063818687e+01
1.672000000000000000e+03,9.122102628151614567e+01
1.673000000000000000e+03,9.069479793813330559e+01
1.674000000000000000e+03,9.230853160725544626e+01
1.675000000000000000e+03,9.046972334888087630e+01
1.676000000000000000e+03,9.494102168393312979e+01
1.677000000000000000e+03,9.071561352733907313e+01
1.678000000000000000e+03,8.889775381807615418e+01
1.679000000000000000e+03,8.940316657225325514e+01
1.680000000000000000e+03,9.123799373706216898e+01
1.681000000000000000e+03,9.283077885707263022e+01
1.682000000000000000e+03,8.864054348158211383e+01
1.683000000000000000e+03,8.682268377231928014e+01
1.684000000000000000e+03,8.887693822887048611e+01
1.685000000000000000e+03,8.766726573308336867e+01
1.686000000000000000e+03,9.031010836362868588e+01
1.687000000000000000e+03,8.676032394170798057e+01
1.688000000000000000e+03,8.871732324361829569e+01
1.689000000000000000e+03,8.779635697603264077e+01
1.690000000000000000e+03,9.001374781634925171e+01
1.691000000000000000e+03,8.727012863264985754e+01
1.692000000000000000e+03,8.999334500141245030e+01
1.693000000000000000e+03,9.237878441810647701e+01
1.694000000000000000e+03,9.397968818744053010e+01
1.695000000000000000e+03,9.110584029993320598e+01
1.696000000000000000e+03,8.970866698026704000e+01
1.697000000000000000e+03,8.674018956367658006e+01
1.698000000000000000e+03,9.463574409484873229e+01
1.699000000000000000e+03,9.744271645943325666e+01
1.700000000000000000e+03,9.719302763541547563e+01
1.701000000000000000e+03,9.719302763541544721e+01
1.702000000000000000e+03,9.744271645943324245e+01
1.703000000000000000e+03,9.412864913034458425e+01
1.704000000000000000e+03,9.313723840883807270e+01
1.705000000000000000e+03,9.107541134870648136e+01
1.706000000000000000e+03,8.970866698026665631e+01
1.707000000000000000e+03,9.056177159150456646e+01
1.708000000000000000e+03,9.248471677303321314e+01
1.709000000000000000e+03,9.296248773733785242e+01
1.710000000000000000e+03,9.410317907730745901e+01
1.711000000000000000e+03,9.553795455467138709e+01
1.712000000000000000e+03,9.347612749453976733e+01
1.713000000000000000e+03,8.838779690384103560e+01
1.714000000000000000e+03,8.673554523543926109e+01
1.715000000000000000e+03,8.843174895879813846e+01
1.716000000000000000e+03,8.127567589283029292e+01
1.717000000000000000e+03,7.998608221610430746e+01
1.718000000000000000e+03,8.205642223358188403e+01
1.719000000000000000e+03,8.252642224232393175e+01
1.720000000000000000e+03,8.515351434548730936e+01
1.721000000000000000e+03,7.679403344646821949e+01
1.722000000000000000e+03,7.823626468435659831e+01
1.723000000000000000e+03,7.636609097321863260e+01
1.724000000000000000e+03,7.558850467061726874e+01
1.725000000000000000e+03,7.780832221110701141e+01
1.726000000000000000e+03,7.678580992227658442e+01
1.727000000000000000e+03,7.811914320786839028e+01
1.728000000000000000e+03,7.600822361967522056e+01
1.729000000000000000e+03,7.811914320786839028e+01
1.730000000000000000e+03,7.945600388619617149e+01
1.731000000000000000e+03,2.906654037978306349e+01
1.732000000000000000e+03,3.008768963760194026e+01
1.733000000000000000e+03,2.727234066187182293e+01
1.734000000000000000e+03,2.625119140405296037e+01
1.735000000000000000e+03,2.746500088522837046e+01
1.736000000000000000e+03,2.558179492164491364e+01
1.737000000000000000e+03,3.437318566441541634e+01
1.738000000000000000e+03,3.308834794163709603e+01
1.739000000000000000e+03,3.137252736038026413e+01
1.740000000000000000e+03,3.354740932583814583e+01
1.741000000000000000e+03,3.645906138420107112e+01
1.742000000000000000e+03,3.506020762884941178e+01
1.743000000000000000e+03,3.168949418628542603e+01
1.744000000000000000e+03,3.629289456995100238e+01
1.745000000000000000e+03,3.823870247892313046e+01
1.746000000000000000e+03,3.544870405188972740e+01
1.747000000000000000e+03,3.985836547712559508e+01
1.748000000000000000e+03,3.972747678160738616e+01
1.749000000000000000e+03,3.895079637567207698e+01
1.750000000000000000e+03,3.778166887263529361e+01
1.751000000000000000e+03,3.967702818611180504e+01
1.752000000000000000e+03,3.773122027713966276e+01
1.753000000000000000e+03,4.296652769049017451e+01
1.754000000000000000e+03,4.283563899497202954e+01
1.755000000000000000e+03,4.238478823532940964e+01
1.756000000000000000e+03,4.251567693084754040e+01
1.757000000000000000e+03,4.445471164117535778e+01
1.758000000000000000e+03,8.618150614221129047e+01
1.759000000000000000e+03,8.683671474456797057e+01
1.760000000000000000e+03,8.514051102120913583e+01
1.761000000000000000e+03,8.463042398293821122e+01
1.762000000000000000e+03,9.001374781634896749e+01
1.763000000000000000e+03,9.049151878065354992e+01
1.764000000000000000e+03,9.155318231301107801e+01
1.765000000000000000e+03,8.483570955197026819e+01
1.766000000000000000e+03,8.628192219178684752e+01
1.767000000000000000e+03,8.679200923005775792e+01
1.768000000000000000e+03,8.562092403570831323e+01
1.769000000000000000e+03,8.721595824993841006e+01
1.770000000000000000e+03,8.518446307616625290e+01
1.771000000000000000e+03,8.890696175655578770e+01
1.772000000000000000e+03,9.111325251818550441e+01
1.773000000000000000e+03,9.273171482245973607e+01
1.774000000000000000e+03,8.951746484440224094e+01
1.775000000000000000e+03,2.501550685207602953e+01
1.776000000000000000e+03,2.239197767864224176e+01
1.777000000000000000e+03,2.262352917343382330e+01
1.778000000000000000e+03,2.262352917343380909e+01
1.779000000000000000e+03,2.600449927151209195e+01
1.780000000000000000e+03,2.262352917343380199e+01
1.781000000000000000e+03,2.284881951908274900e+01
1.782000000000000000e+03,2.338097009807830418e+01
1.783000000000000000e+03,2.406719868381822636e+01
1.784000000000000000e+03,8.159641842047388138e+01
1.785000000000000000e+03,8.306245674689623115e+01
1.786000000000000000e+03,7.946341835614373394e+01
1.787000000000000000e+03,8.353841903961023263e+01
1.788000000000000000e+03,8.092945668256609792e+01
1.789000000000000000e+03,8.055542329947169833e+01
1.790000000000000000e+03,8.150400886933027778e+01
1.791000000000000000e+03,8.202146162589407652e+01
1.792000000000000000e+03,7.993604163328825507e+01
1.793000000000000000e+03,8.246355628869895327e+01
1.794000000000000000e+03,8.379471443096811356e+01
1.795000000000000000e+03,8.934598088264482385e+01
1.796000000000000000e+03,8.394807994365712034e+01
1.797000000000000000e+03,8.452036897341434951e+01
1.798000000000000000e+03,8.416171789169331419e+01
1.799000000000000000e+03,8.133550852439753953e+01
1.800000000000000000e+03,8.246138109763478496e+01
1.801000000000000000e+03,4.474101136128115286e+01
1.802000000000000000e+03,4.579118683934225231e+01
1.803000000000000000e+03,4.668004607160901287e+01
1.804000000000000000e+03,4.401670316855123843e+01
1.805000000000000000e+03,4.251374649008119633e+01
1.806000000000000000e+03,4.356392196814225315e+01
1.807000000000000000e+03,4.622726487120002048e+01
1.808000000000000000e+03,4.118041315674785352e+01
1.809000000000000000e+03,3.867795232037774866e+01
1.810000000000000000e+03,3.400341155628368028e+01
1.811000000000000000e+03,3.214549641673098535e+01
1.812000000000000000e+03,7.808443145236488192e+01
1.813000000000000000e+03,7.942737553517041249e+01
1.814000000000000000e+03,6.007040426936222843e+01
1.815000000000000000e+03,5.990034600900083461e+01
1.816000000000000000e+03,5.789254743599005337e+01
1.817000000000000000e+03,5.873679443310828674e+01
1.818000000000000000e+03,5.655928774785129320e+01
1.819000000000000000e+03,2.723889879364393352e+01
1.820000000000000000e+03,2.992925036180639253e+01
1.821000000000000000e+03,2.778270239113391682e+01
1.822000000000000000e+03,2.645917636246042903e+01
1.823000000000000000e+03,2.824078092565694931e+01
1.824000000000000000e+03,3.084814494297956600e+01
1.825000000000000000e+03,2.839202691729177985e+01
1.826000000000000000e+03,3.233454198088303855e+01
1.827000000000000000e+03,3.042168127497042107e+01
1.828000000000000000e+03,3.087768350541597684e+01
1.829000000000000000e+03,2.947324813136084032e+01
1.830000000000000000e+03,2.902921704689564564e+01
1.831000000000000000e+03,2.832576929498232943e+01
1.832000000000000000e+03,2.733867130666872924e+01
1.833000000000000000e+03,2.606446886807682262e+01
1.834000000000000000e+03,2.266666666666668917e+01
1.835000000000000000e+03,2.192450094861878185e+01
1.836000000000000000e+03,2.532230315002892240e+01
1.837000000000000000e+03,2.339780220141013700e+01
1.838000000000000000e+03,9.332356267416960804e+01
1.839000000000000000e+03,9.524650785569824052e+01
1.840000000000000000e+03,8.735956655267999338e+01
1.841000000000000000e+03,8.605855623881046768e+01
1.842000000000000000e+03,8.580643914193835542e+01
1.843000000000000000e+03,8.377494396816615563e+01
1.844000000000000000e+03,8.413359504988716253e+01
1.845000000000000000e+03,8.430047100869191468e+01
1.846000000000000000e+03,8.336405035082414372e+01
1.847000000000000000e+03,8.199216227767331588e+01
1.848000000000000000e+03,2.406719868381821925e+01
1.849000000000000000e+03,3.370838594933358934e+01
1.850000000000000000e+03,3.533520028491820142e+01
1.851000000000000000e+03,9.340062409083942896e+01
1.852000000000000000e+03,6.977340690392337308e+01
1.853000000000000000e+03,7.110543257203836731e+01
1.854000000000000000e+03,9.733280301094075071e+01
1.855000000000000000e+03,9.781675731873545487e+01
1.856000000000000000e+03,9.733280301094075071e+01
1.857000000000000000e+03,9.452583064635622634e+01
1.858000000000000000e+03,9.733280301094067966e+01
1.859000000000000000e+03,8.528449650692311934e+01
1.860000000000000000e+03,8.350455140970100842e+01
1.861000000000000000e+03,9.033190379540141635e+01
1.862000000000000000e+03,8.528816868861545686e+01
1.863000000000000000e+03,8.368135909239478565e+01
1.864000000000000000e+03,8.620357185602217953e+01
1.865000000000000000e+03,8.353634347518311642e+01
1.866000000000000000e+03,8.445174664258985331e+01
1.867000000000000000e+03,8.374998142321935291e+01
1.868000000000000000e+03,6.951350224018115398e+01
1.869000000000000000e+03,6.818016890684774012e+01
1.870000000000000000e+03,7.084683557351445415e+01
1.871000000000000000e+03,9.313257466632404658e+01
1.872000000000000000e+03,8.351763478914946859e+01
1.873000000000000000e+03,6.238683132330603343e+01
1.874000000000000000e+03,6.105343793431031685e+01
1.875000000000000000e+03,6.105350761467730791e+01
1.876000000000000000e+03,5.999994956904249932e+01
1.877000000000000000e+03,5.894617284337707019e+01
1.878000000000000000e+03,5.789261479774223318e+01
1.879000000000000000e+03,5.972011088441941951e+01
1.880000000000000000e+03,6.416677355766324808e+01
1.881000000000000000e+03,6.444659993898750372e+01
1.882000000000000000e+03,6.372015290474408289e+01
1.883000000000000000e+03,6.577993048246220553e+01
1.884000000000000000e+03,6.378082878093617580e+01
1.885000000000000000e+03,6.684684700469868801e+01
1.886000000000000000e+03,6.488656199674510106e+01
1.887000000000000000e+03,6.533334476451767614e+01
1.888000000000000000e+03,6.684683557351441152e+01
1.889000000000000000e+03,7.558489934115070241e+01
1.890000000000000000e+03,6.710747244058133276e+01
1.891000000000000000e+03,6.817954393325327089e+01
1.892000000000000000e+03,7.942955072623446711e+01
1.893000000000000000e+03,6.888212929169360166e+01
1.894000000000000000e+03,7.110736521085118511e+01
1.895000000000000000e+03,9.232850226595354570e+01
1.896000000000000000e+03,9.397570709387491661e+01
1.897000000000000000e+03,9.517706862223823805e+01
1.898000000000000000e+03,9.448716969423175271e+01
1.899000000000000000e+03,9.449099818746346102e+01
1.900000000000000000e+03,8.346690156692106655e+01
1.901000000000000000e+03,9.200516015291232463e+01
1.902000000000000000e+03,9.733280301094060860e+01
1.903000000000000000e+03,9.494560639936007362e+01
1.904000000000000000e+03,8.577262626178443838e+01
1.905000000000000000e+03,9.242493590591624297e+01
1.906000000000000000e+03,3.417903306673159136e+01
1.907000000000000000e+03,3.502322358479290898e+01
1.908000000000000000e+03,3.863878937859318086e+01
1.909000000000000000e+03,3.643704988559094460e+01
1.910000000000000000e+03,4.101544401399034712e+01
1.911000000000000000e+03,3.822544558695689432e+01
1.912000000000000000e+03,3.324876933496823739e+01
1.913000000000000000e+03,3.510603076975283443e+01
1.914000000000000000e+03,3.645647168656194026e+01
1.915000000000000000e+03,4.026474160065292551e+01
1.916000000000000000e+03,3.628109208812384168e+01
1.917000000000000000e+03,3.544337488283779436e+01
1.918000000000000000e+03,3.806399118969902418e+01
1.919000000000000000e+03,9.499681903168050212e+01
1.920000000000000000e+03,9.214493552843755708e+01
1.921000000000000000e+03,6.739184677600886175e+01
1.922000000000000000e+03,6.694522612308972498e+01
1.923000000000000000e+03,6.916438957055440540e+01
1.924000000000000000e+03,6.799909392992685753e+01
1.925000000000000000e+03,6.755247327700769233e+01
1.926000000000000000e+03,6.827857120831835402e+01
1.927000000000000000e+03,7.678580987453497642e+01
1.928000000000000000e+03,7.600000004774193485e+01
1.929000000000000000e+03,7.005260308583602580e+01
1.930000000000000000e+03,6.977417115587184071e+01
1.931000000000000000e+03,6.827871048667228138e+01
1.932000000000000000e+03,6.650363574425399804e+01
1.933000000000000000e+03,6.799909641345365685e+01
1.934000000000000000e+03,6.622520381428986980e+01
1.935000000000000000e+03,6.961190454165169683e+01
1.936000000000000000e+03,7.110736521085129880e+01
1.937000000000000000e+03,7.377403187751794178e+01
1.938000000000000000e+03,7.227857120831833981e+01
1.939000000000000000e+03,7.094523787498505385e+01
1.940000000000000000e+03,6.827857120831835402e+01
1.941000000000000000e+03,3.227694881569273377e+01
1.942000000000000000e+03,3.333374488825848658e+01
1.943000000000000000e+03,7.910045901934329038e+01
1.944000000000000000e+03,7.858300626277949164e+01
1.945000000000000000e+03,7.645823230346064747e+01
1.946000000000000000e+03,7.729381491740566901e+01
1.947000000000000000e+03,8.160972515742008682e+01
1.948000000000000000e+03,8.083593151010538236e+01
1.949000000000000000e+03,8.025668978691132338e+01
1.950000000000000000e+03,7.948289613959654787e+01
1.951000000000000000e+03,8.231067079935304776e+01
1.952000000000000000e+03,8.491963315639718246e+01
1.953000000000000000e+03,8.520271301269539777e+01
1.954000000000000000e+03,8.259375065565126306e+01
1.955000000000000000e+03,8.445092706515221437e+01
1.956000000000000000e+03,4.046579432984196245e+01
1.957000000000000000e+03,3.784517802298076106e+01
1.958000000000000000e+03,3.579426166911923701e+01
1.959000000000000000e+03,3.825490835309035020e+01
1.960000000000000000e+03,4.063776614765332340e+01
1.961000000000000000e+03,4.444721385836609784e+01
1.962000000000000000e+03,4.398627623915682960e+01
1.963000000000000000e+03,4.533413221438738816e+01
1.964000000000000000e+03,4.711703131596259908e+01
1.965000000000000000e+03,4.576917534073201921e+01
1.966000000000000000e+03,4.623086866709876830e+01
1.967000000000000000e+03,4.488301269186820974e+01
1.968000000000000000e+03,4.755283014946466835e+01
1.969000000000000000e+03,4.712479978799832736e+01
1.970000000000000000e+03,4.756471551375161511e+01
1.971000000000000000e+03,4.623498555934995835e+01
1.972000000000000000e+03,4.756772345671375746e+01
1.973000000000000000e+03,4.889745341111540000e+01
1.974000000000000000e+03,4.400958165526402155e+01
1.975000000000000000e+03,4.267596870660788255e+01
1.976000000000000000e+03,4.446145688494055292e+01
1.977000000000000000e+03,4.535031611720733480e+01
1.978000000000000000e+03,4.356482793887466443e+01
1.979000000000000000e+03,4.490137261069384067e+01
1.980000000000000000e+03,4.491321348709325179e+01
1.981000000000000000e+03,4.357960053843714832e+01
1.982000000000000000e+03,9.480583102383488381e+01
1.983000000000000000e+03,9.666046261787413130e+01
1.984000000000000000e+03,9.783053556958927288e+01
1.985000000000000000e+03,9.666046261787417393e+01
1.986000000000000000e+03,9.783053556958928709e+01
1.987000000000000000e+03,9.475570071311227593e+01
1.988000000000000000e+03,9.114111847947359024e+01
1.989000000000000000e+03,9.216295815220652798e+01
1.990000000000000000e+03,9.343590227037981322e+01
1.991000000000000000e+03,8.137155134537083256e+01
1.992000000000000000e+03,7.809404220183702705e+01
1.993000000000000000e+03,8.186265995105131310e+01
1.994000000000000000e+03,8.109227240085625965e+01
1.995000000000000000e+03,8.033389021952979192e+01
1.996000000000000000e+03,8.110427776972481695e+01
1.997000000000000000e+03,7.866020669539791754e+01
1.998000000000000000e+03,8.114101906617517557e+01
1.999000000000000000e+03,7.870895336071681925e+01
2.000000000000000000e+03,7.863175292809836492e+01
2.001000000000000000e+03,7.782462408145295285e+01
2.002000000000000000e+03,8.168952397556030576e+01
2.003000000000000000e+03,8.032129321687791901e+01
2.004000000000000000e+03,8.276536429120481841e+01
2.005000000000000000e+03,7.957953454318921160e+01
2.006000000000000000e+03,7.822649917268043396e+01
2.007000000000000000e+03,7.693730782730661133e+01
2.008000000000000000e+03,7.472494413455348194e+01
2.009000000000000000e+03,7.561490412365682801e+01
2.010000000000000000e+03,7.333339919872855717e+01
2.011000000000000000e+03,7.956291103555139443e+01
2.012000000000000000e+03,7.903301702222343295e+01
2.013000000000000000e+03,7.827463484089692258e+01
2.014000000000000000e+03,4.309216975548584827e+01
2.015000000000000000e+03,4.034820203385058335e+01
2.016000000000000000e+03,4.174463295789300332e+01
2.017000000000000000e+03,5.978077715927362590e+01
2.018000000000000000e+03,5.856674975448849096e+01
2.019000000000000000e+03,5.989999586088562467e+01
2.020000000000000000e+03,5.723328749655783554e+01
2.021000000000000000e+03,6.488683586832219419e+01
2.022000000000000000e+03,6.256707524772814111e+01
2.023000000000000000e+03,6.212000717719415377e+01
2.024000000000000000e+03,5.201140463352216869e+01
2.025000000000000000e+03,5.288394088546446881e+01
2.026000000000000000e+03,5.377485424610681264e+01
2.027000000000000000e+03,5.244512429170517009e+01
2.028000000000000000e+03,5.510810127177930440e+01
2.029000000000000000e+03,5.377837131737764764e+01
2.030000000000000000e+03,4.622919531196636456e+01
2.031000000000000000e+03,3.784776772061989192e+01
2.032000000000000000e+03,3.492805965244777155e+01
2.033000000000000000e+03,4.149490453302871629e+01
2.034000000000000000e+03,4.136695509155595119e+01
2.035000000000000000e+03,3.642798687517650080e+01
2.036000000000000000e+03,3.772699322027237656e+01
2.037000000000000000e+03,3.862881234333035252e+01
2.038000000000000000e+03,4.180458729465807011e+01
2.039000000000000000e+03,4.315244326988864287e+01
2.040000000000000000e+03,4.266172568003344878e+01
2.041000000000000000e+03,4.132293271521734823e+01
2.042000000000000000e+03,9.274202224880764334e+01
2.043000000000000000e+03,9.554157055582143698e+01
2.044000000000000000e+03,9.564789521561758079e+01
2.045000000000000000e+03,9.437495109744439503e+01
2.046000000000000000e+03,9.651589756242634621e+01
2.047000000000000000e+03,8.980783177250968663e+01
2.048000000000000000e+03,9.733678410450642104e+01
2.049000000000000000e+03,9.664290408293423695e+01
2.050000000000000000e+03,6.000009984208447378e+01
2.051000000000000000e+03,6.266677595913498777e+01
2.052000000000000000e+03,6.345491776863753586e+01
2.053000000000000000e+03,6.711327407401805090e+01
2.054000000000000000e+03,6.888581686856355191e+01
2.055000000000000000e+03,6.755628108978298485e+01
2.056000000000000000e+03,6.844300402841970765e+01
2.057000000000000000e+03,6.932882388432852849e+01
2.058000000000000000e+03,4.843457883416696319e+01
2.059000000000000000e+03,6.844061285257366478e+01
2.060000000000000000e+03,6.711088289817199382e+01
2.061000000000000000e+03,4.977996671726049271e+01
2.062000000000000000e+03,4.844635252684094695e+01
2.063000000000000000e+03,4.889475226402296215e+01
2.064000000000000000e+03,4.844558076063702856e+01
2.065000000000000000e+03,4.711196657021751832e+01
2.066000000000000000e+03,5.389235222008492343e+01
2.067000000000000000e+03,5.111386059390168413e+01
2.068000000000000000e+03,4.934144809842127444e+01
2.069000000000000000e+03,4.816550433635724460e+01
2.070000000000000000e+03,4.756696442763024635e+01
2.071000000000000000e+03,4.711803867430919723e+01
2.072000000000000000e+03,4.977944070112142327e+01
2.073000000000000000e+03,4.578417873382479542e+01
2.074000000000000000e+03,5.985121473670029246e+01
2.075000000000000000e+03,5.522583907166222872e+01
2.076000000000000000e+03,5.879765669106545545e+01
2.077000000000000000e+03,7.653543273607911601e+01
2.078000000000000000e+03,5.155939032634115193e+01
2.079000000000000000e+03,5.333711003263810113e+01
2.080000000000000000e+03,5.200608616073943580e+01
2.081000000000000000e+03,5.067117805282291698e+01
2.082000000000000000e+03,5.200220192472154679e+01
2.083000000000000000e+03,5.244889775911983065e+01
2.084000000000000000e+03,5.022577613592160617e+01
2.085000000000000000e+03,4.933756386240336411e+01
2.086000000000000000e+03,5.244488446580037078e+01
2.087000000000000000e+03,7.110525091489185456e+01
2.088000000000000000e+03,7.246609946092002019e+01
2.089000000000000000e+03,7.379971365133951622e+01
2.090000000000000000e+03,7.288609897037704854e+01
2.091000000000000000e+03,7.155248477995752410e+01
2.092000000000000000e+03,7.424694751640519996e+01
2.093000000000000000e+03,7.199346443017346076e+01
2.094000000000000000e+03,7.288342441927679261e+01
2.095000000000000000e+03,7.517034480969138599e+01
2.096000000000000000e+03,7.155083324717621451e+01
2.097000000000000000e+03,7.288167546192822499e+01
2.098000000000000000e+03,7.605855584144617865e+01
2.099000000000000000e+03,7.332707613706608640e+01
2.100000000000000000e+03,7.335855235656124762e+01
2.101000000000000000e+03,7.469216406345390169e+01
2.102000000000000000e+03,7.110525091489175509e+01
2.103000000000000000e+03,7.065985023975392210e+01
2.104000000000000000e+03,7.199346194664654774e+01
2.105000000000000000e+03,5.112189720074346866e+01
2.106000000000000000e+03,4.888616675712306403e+01
2.107000000000000000e+03,5.290240330338158969e+01
2.108000000000000000e+03,5.021949890096663438e+01
2.109000000000000000e+03,5.245939562718087501e+01
2.110000000000000000e+03,4.977649122476592680e+01
2.111000000000000000e+03,5.155699732740402652e+01
2.112000000000000000e+03,5.423654629898123858e+01
2.113000000000000000e+03,5.289114032300368962e+01
2.114000000000000000e+03,2.887830429019099654e+01
2.115000000000000000e+03,3.157663270772395947e+01
2.116000000000000000e+03,3.050009208602167377e+01
2.117000000000000000e+03,2.478100400987404583e+01
2.118000000000000000e+03,2.553844493451851960e+01
2.119000000000000000e+03,2.528573200284019507e+01
2.120000000000000000e+03,2.284881951908275965e+01
2.121000000000000000e+03,2.190476190476191576e+01
2.122000000000000000e+03,2.338097009807828996e+01
2.123000000000000000e+03,2.284881951908275255e+01
2.124000000000000000e+03,2.464403306776779345e+01
2.125000000000000000e+03,2.179521354868505156e+01
2.126000000000000000e+03,6.488703265756650751e+01
2.127000000000000000e+03,6.533382685652344435e+01
2.128000000000000000e+03,6.221998176017810778e+01
2.129000000000000000e+03,5.644156352970996693e+01
2.130000000000000000e+03,5.888908773660677554e+01
2.131000000000000000e+03,5.777493705352162578e+01
2.132000000000000000e+03,6.710570226113021874e+01
2.133000000000000000e+03,6.888635875153985921e+01
2.134000000000000000e+03,6.622042428819779047e+01
2.135000000000000000e+03,6.755296712090857625e+01
2.136000000000000000e+03,7.247033884127952774e+01
2.137000000000000000e+03,7.022141379341607603e+01
2.138000000000000000e+03,7.292011591022340156e+01
2.139000000000000000e+03,7.425442948153180112e+01
2.140000000000000000e+03,7.155572736472454665e+01
2.141000000000000000e+03,7.686800091978432192e+01
2.142000000000000000e+03,7.557880957441048508e+01
2.143000000000000000e+03,5.466642544021935635e+01
2.144000000000000000e+03,5.613075248034346032e+01
2.145000000000000000e+03,4.623335023721071479e+01
2.146000000000000000e+03,4.800783390800172867e+01
2.147000000000000000e+03,4.443290421742918284e+01
2.148000000000000000e+03,4.489261577526741576e+01
2.149000000000000000e+03,4.576069205382189153e+01
2.150000000000000000e+03,4.308536741983632368e+01
2.151000000000000000e+03,7.110884493804665851e+01
2.152000000000000000e+03,6.888960755086631593e+01
2.153000000000000000e+03,6.932882636785534203e+01
2.154000000000000000e+03,7.288167546192826762e+01
2.155000000000000000e+03,7.244245664493924153e+01
2.156000000000000000e+03,7.066243807474789662e+01
2.157000000000000000e+03,7.065985023975399315e+01
2.158000000000000000e+03,7.468792468309430888e+01
2.159000000000000000e+03,7.335431297620166902e+01
2.160000000000000000e+03,7.553207298119892243e+01
2.161000000000000000e+03,7.686568468809157650e+01
2.162000000000000000e+03,7.733832220236496369e+01
2.163000000000000000e+03,7.854385097821590023e+01
2.164000000000000000e+03,7.455984175205260556e+01
2.165000000000000000e+03,7.243871774019685006e+01
2.166000000000000000e+03,7.377232944708948992e+01
2.167000000000000000e+03,4.667810395360007902e+01
2.168000000000000000e+03,4.173271554484710322e+01
2.169000000000000000e+03,4.354864403605470358e+01
2.170000000000000000e+03,3.682901466291450276e+01
2.171000000000000000e+03,3.870490610599524217e+01
2.172000000000000000e+03,3.944704127213659461e+01
2.173000000000000000e+03,6.577948549659360822e+01
2.174000000000000000e+03,6.710921545099523655e+01
2.175000000000000000e+03,7.021721905675678954e+01
2.176000000000000000e+03,7.066243807474799610e+01
2.177000000000000000e+03,6.977440621661287423e+01
2.178000000000000000e+03,7.021914944648403889e+01
2.179000000000000000e+03,6.533206919829079595e+01
2.180000000000000000e+03,6.372016629895007611e+01
2.181000000000000000e+03,6.533332322374903356e+01
2.182000000000000000e+03,6.844061285257359373e+01
2.183000000000000000e+03,7.022063142276495284e+01
2.184000000000000000e+03,6.906598726908386254e+01
2.185000000000000000e+03,6.799391577641189599e+01
2.186000000000000000e+03,6.755533487964117967e+01
2.187000000000000000e+03,4.400021199680774941e+01
2.188000000000000000e+03,4.621970838575151674e+01
2.189000000000000000e+03,4.443680928417630582e+01
2.190000000000000000e+03,4.294134861497668965e+01
2.191000000000000000e+03,5.066599865754460552e+01
2.192000000000000000e+03,4.800006543596600039e+01
2.193000000000000000e+03,4.888957286874463648e+01
2.194000000000000000e+03,5.155421093106285468e+01
2.195000000000000000e+03,5.340961784124390022e+01
2.196000000000000000e+03,4.889393153786671320e+01
2.197000000000000000e+03,4.771465357671466734e+01
2.198000000000000000e+03,5.733332965094135858e+01
2.199000000000000000e+03,7.333333113198966657e+01
2.200000000000000000e+03,7.558028114642560524e+01
2.201000000000000000e+03,7.545049573721381364e+01
2.202000000000000000e+03,7.945247654120174730e+01
2.203000000000000000e+03,8.042470777034793628e+01
2.204000000000000000e+03,7.642272696636010210e+01
2.205000000000000000e+03,8.133686067832827860e+01
2.206000000000000000e+03,9.006818397720944347e+01
2.207000000000000000e+03,7.411914348795225749e+01
2.208000000000000000e+03,7.333333361341763634e+01
2.209000000000000000e+03,7.306438108285296096e+01
2.210000000000000000e+03,8.084003989093891107e+01
2.211000000000000000e+03,8.161101907491716645e+01
2.212000000000000000e+03,5.037798060984842863e+01
2.213000000000000000e+03,4.933225413044150542e+01
2.214000000000000000e+03,4.933333708384796523e+01
2.215000000000000000e+03,4.356535751186267902e+01
2.216000000000000000e+03,4.227058692338524537e+01
2.217000000000000000e+03,3.518312903742003073e+01
2.218000000000000000e+03,3.780374534428125344e+01
2.219000000000000000e+03,3.492546995480861227e+01
2.220000000000000000e+03,4.621716633439076105e+01
2.221000000000000000e+03,3.516964852920100526e+01
2.222000000000000000e+03,3.519166002781116021e+01
2.223000000000000000e+03,3.780368037124546987e+01
2.224000000000000000e+03,6.977422704299311818e+01
2.225000000000000000e+03,6.932882388432840060e+01
2.226000000000000000e+03,6.799780001242973526e+01
2.227000000000000000e+03,7.066899462990843972e+01
2.228000000000000000e+03,6.951576433802767951e+01
2.229000000000000000e+03,6.818016890684775433e+01
2.230000000000000000e+03,7.199346443017348918e+01
2.231000000000000000e+03,6.489201650536391242e+01
2.232000000000000000e+03,6.622174645976552654e+01
2.233000000000000000e+03,6.755493376869152655e+01
2.234000000000000000e+03,6.666547973950726202e+01
2.235000000000000000e+03,6.755110293626812279e+01
2.236000000000000000e+03,7.377755258689882112e+01
2.237000000000000000e+03,8.207629789908746432e+01
2.238000000000000000e+03,7.917895336945886697e+01
2.239000000000000000e+03,7.653119335571958004e+01
2.240000000000000000e+03,7.693265261560479473e+01
2.241000000000000000e+03,7.958041262934412430e+01
2.242000000000000000e+03,7.830328377395669293e+01
2.243000000000000000e+03,5.422604843092022264e+01
2.244000000000000000e+03,8.036722541886042848e+01
2.245000000000000000e+03,8.173911349201121368e+01
2.246000000000000000e+03,8.427945351823090903e+01
2.247000000000000000e+03,7.601016872406150071e+01
2.248000000000000000e+03,8.137071599847654113e+01
2.249000000000000000e+03,7.421129330706989435e+01
2.250000000000000000e+03,7.557214185309808840e+01
2.251000000000000000e+03,7.694277301144992975e+01
2.252000000000000000e+03,7.510193267977750509e+01
2.253000000000000000e+03,7.598135540882765326e+01
2.254000000000000000e+03,7.775233019904814569e+01
2.255000000000000000e+03,7.811135028302545891e+01
2.256000000000000000e+03,7.908358151217179000e+01
2.257000000000000000e+03,4.024014297348534086e+01
2.258000000000000000e+03,3.950989232184760880e+01
2.259000000000000000e+03,3.507754595836737366e+01
2.260000000000000000e+03,4.441672031460920067e+01
2.261000000000000000e+03,3.682642496527534348e+01
2.262000000000000000e+03,4.845452974240001254e+01
2.263000000000000000e+03,4.888968493907964330e+01
2.264000000000000000e+03,5.022718336551704255e+01
2.265000000000000000e+03,4.710614403902576441e+01
2.266000000000000000e+03,4.576217229981310908e+01
2.267000000000000000e+03,4.977478732198218125e+01
2.268000000000000000e+03,4.978425969680167640e+01
2.269000000000000000e+03,8.349870717747936055e+01
2.270000000000000000e+03,7.021703739961007784e+01
2.271000000000000000e+03,6.577430734307867510e+01
2.272000000000000000e+03,4.666718791466659866e+01
2.273000000000000000e+03,4.444658447704714632e+01
2.274000000000000000e+03,4.237666107120116976e+01
2.275000000000000000e+03,4.399573371740452643e+01
2.276000000000000000e+03,4.104952446122972276e+01
2.277000000000000000e+03,3.645906138420107823e+01
2.278000000000000000e+03,8.521587417609867998e+01
2.279000000000000000e+03,5.571812584651367217e+01
2.280000000000000000e+03,9.784426561129754418e+01
2.281000000000000000e+03,9.733678410450636420e+01
2.282000000000000000e+03,4.933333339255581507e+01
2.283000000000000000e+03,5.466668623838405949e+01
2.284000000000000000e+03,4.666687871247643216e+01
2.285000000000000000e+03,9.216106281249653875e+01
2.286000000000000000e+03,2.215747483644023319e+01
2.287000000000000000e+03,2.179521354868505512e+01
2.288000000000000000e+03,2.215747483644023319e+01
2.289000000000000000e+03,2.338097009807828996e+01
2.290000000000000000e+03,2.729090167224323338e+01
2.291000000000000000e+03,9.399379595120745989e+01
2.292000000000000000e+03,9.497157372898527683e+01
2.293000000000000000e+03,9.744271645943321403e+01
2.294000000000000000e+03,9.666046261787415972e+01
2.295000000000000000e+03,9.809523809523818727e+01
2.296000000000000000e+03,2.348410243757395932e+01
2.297000000000000000e+03,2.168888888888890776e+01
2.298000000000000000e+03,2.517618364676333087e+01
2.299000000000000000e+03,2.506985898696718351e+01
2.300000000000000000e+03,5.155802766291468942e+01
2.301000000000000000e+03,2.114779190382137486e+01
2.302000000000000000e+03,2.588155299724988012e+01
2.303000000000000000e+03,9.784426561129751576e+01
2.304000000000000000e+03,9.272124261825106828e+01
2.305000000000000000e+03,9.809523809523820148e+01
2.306000000000000000e+03,9.820478645131505857e+01
2.307000000000000000e+03,9.630002454655321742e+01
2.308000000000000000e+03,9.831111111111124501e+01
2.309000000000000000e+03,9.820478645131508699e+01
2.310000000000000000e+03,6.844238054849790842e+01
2.311000000000000000e+03,7.333597429328730755e+01
2.312000000000000000e+03,4.160780329505612229e+01
2.313000000000000000e+03,2.604763676474496137e+01
2.314000000000000000e+03,2.728185193232264538e+01
2.315000000000000000e+03,2.781081340840931659e+01
2.316000000000000000e+03,9.719302763541550405e+01
2.317000000000000000e+03,9.761280338841947923e+01
2.318000000000000000e+03,8.659636148446628567e+01
2.319000000000000000e+03,8.111843701482926861e+01
2.320000000000000000e+03,2.179521354868504446e+01
2.321000000000000000e+03,2.477849955253893910e+01
2.322000000000000000e+03,2.834195223835488164e+01
2.323000000000000000e+03,9.564750291074821575e+01
2.324000000000000000e+03,9.630002454655307531e+01
2.325000000000000000e+03,3.865341097049795138e+01
2.326000000000000000e+03,9.831111111111113132e+01
2.327000000000000000e+03,9.486524906918907618e+01
2.328000000000000000e+03,9.651589756242609042e+01
2.329000000000000000e+03,9.820478645131498752e+01
2.330000000000000000e+03,9.543202219974450884e+01
2.331000000000000000e+03,9.733678410450639262e+01
2.332000000000000000e+03,9.809523809523820148e+01
2.333000000000000000e+03,9.760821867299239329e+01
2.334000000000000000e+03,9.809523809523813043e+01
2.335000000000000000e+03,2.192450094861879606e+01
2.336000000000000000e+03,9.130957074960109310e+01
2.337000000000000000e+03,9.397623741626763660e+01
2.338000000000000000e+03,9.820478645131497331e+01
2.339000000000000000e+03,6.684731766552015131e+01
2.340000000000000000e+03,4.354989092815503682e+01
2.341000000000000000e+03,9.744271645943321403e+01
2.342000000000000000e+03,2.339780220141016898e+01
2.343000000000000000e+03,2.218399272023475532e+01
2.344000000000000000e+03,2.218399272023475177e+01
2.345000000000000000e+03,3.087768350541599105e+01
2.346000000000000000e+03,9.473814217817243843e+01
2.347000000000000000e+03,9.484769053424923868e+01
2.348000000000000000e+03,5.111099058915917226e+01
2.349000000000000000e+03,9.664290408293419432e+01
2.350000000000000000e+03,9.760821867299245014e+01
2.351000000000000000e+03,9.733678410450632157e+01
2.352000000000000000e+03,2.519301575009519922e+01
2.353000000000000000e+03,2.339780220141015477e+01
2.354000000000000000e+03,3.331877234281214584e+01
2.355000000000000000e+03,2.190476190476192286e+01
2.356000000000000000e+03,2.239197767864225241e+01
2.357000000000000000e+03,2.998018034985559055e+01
2.358000000000000000e+03,2.369997545344696732e+01
2.359000000000000000e+03,6.222528726663663434e+01
