node,x_in,y_in,z_in,s1_psi,seqv_psi,ux_in,uy_in,uz_in,u_in
1,-0.0590551181102,0.186850393701,-0.181472072811,849.363692862,1479.43047742,0.000417706823592,9.68217435603e-05,-0.00012936016037,0.000447869949418
2,-0.0590551181102,0.186850393701,-0.236220472441,1191.9154187,1538.03105958,0.00047819690439,6.26507035427e-05,-0.000129918834774,0.000499476019096
3,-0.0590551181102,-3.89251656568e-16,-8.5370249802e-18,120.524464692,157.538829421,-3.08983839774e-07,0,-5.16646647436e-05,5.16655886841e-05
4,-0.0295275590553,-1.87861253094e-13,0,395.662733069,505.037785616,0,0,-2.64939187775e-05,2.64939187775e-05
5,-0.0590551181103,-1.54336796283e-09,-0.120610191597,3292.04083563,3310.4733618,9.36598686133e-05,0,-6.73631224713e-05,0.000115368805393
6,0.0590551181103,-1.54336710719e-09,-0.0812401128571,-350.738913672,2502.32364979,5.7933728671e-05,0,4.84703418626e-05,7.55360242401e-05
7,0.0590551181102,3.30292827798e-16,5.35698317508e-16,-122.177922571,7268.3149843,8.23136299604e-06,0,0,8.23136299604e-06
8,0.0295275590553,-1.87861253094e-13,0,1967.5902736,6332.63995149,0,0,0,0
9,-0.0590551181102,0.0906692913386,0,123.929744006,135.993843286,-1.37901364269e-07,0,-5.11248289502e-05,5.11250149338e-05
10,-0.0295275590553,0.0906692913388,0,384.315473388,416.09026664,0,0,-2.59878709732e-05,2.59878709732e-05
11,-0.0590551181102,0.0906692913386,-0.0610236220472,63.1621282427,399.485214153,4.83371422175e-05,0,-5.17322014694e-05,7.08004236331e-05
12,-0.0590551181102,0.10968503937,-0.236220472441,1227.11104121,1182.85007911,0.000313102845994,5.32397651702e-05,-7.85273396058e-05,0.000327161134352
13,-0.0590551181102,0.196850393701,-0.236220472441,235.882123526,1370.11463132,0.000504768967546,6.30929655011e-05,-0.000138775897791,0.000527286622911
14,-0.0590551181102,0.196850393701,-0.181472072811,50.9542428173,1195.85701938,0.000440630587031,9.74085449488e-05,-0.000135199040268,0.000471086530635
15,-0.0590551181103,0.111722609311,-0.181472079864,3816.48902525,4210.11983797,0.000268443135288,7.55491978003e-05,-8.20664916121e-05,0.000290696245619
16,-0.0590551181103,0.07098424558,-0.140549303096,3537.11602734,4081.79644,0.000147344957809,2.69536638313e-05,-6.65644619625e-05,0.000163914197622
17,-0.0590551181103,0.070984245576,-0.08070226343,2239.53120042,2243.89014434,6.8753151023e-05,4.07040619666e-06,-5.85238415008e-05,9.03803297527e-05
18,0.0590551181102,0.10968503937,-0.196850393701,103.128101347,2974.27072289,0.000279058827926,-0.00011936521162,1.92102625493e-05,0.000304123194406
19,0.0590551181103,0.07098424558,-0.129311906736,1354.88809129,3965.97198213,0.000132290391635,-4.09432826539e-05,3.81181937428e-05,0.000143631809874
20,0.0590551181103,0.070984245576,-0.08070226343,690.470085174,2569.58726838,6.43271650116e-05,-6.43117950349e-06,3.32895408339e-05,7.27154574844e-05
21,0.0590551181103,0.11172260931,-0.170234683504,-433.301161786,3595.31203666,0.000258881674496,-0.000106089685878,2.03346705399e-05,0.000280514245032
22,0.0590551181102,0.157480314961,-0.17023467645,77.6490183135,1129.5847825,0.000342252884747,-0.00011373123172,-5.87091626895e-07,0.000360655202184
23,0.0590551181102,0.157480314961,-0.196850393701,43.5843512415,1405.5497929,0.000365371906685,-0.000127025775819,-1.27649430512e-06,0.000386825293065
24,0.0590551181102,0.0906692913386,5.35698317508e-16,338.112477374,5813.63049353,7.97031307448e-06,0,0,7.97031307448e-06
25,0.0590551181102,0.0906692913385,-0.0610236220474,147.732960537,992.41219302,3.86139314278e-05,0,2.36958830552e-05,4.53048625875e-05
26,0.0295275590553,0.0906692913388,0,1892.25107345,5391.35673648,0,0,0,0
27,-0.00393700787402,0.196850393701,-0.217847769029,152.232182235,2410.37945343,0.000467367682204,-3.53637847045e-05,-8.03305551927e-05,0.000475537743755
28,-0.00393700787402,0.196850393701,-0.176227954509,261.381143824,1743.04868423,0.000424510830366,-9.44836607043e-06,-7.84752830195e-05,0.000431806770169
29,-0.0389501158944,-5.87587422465e-17,0,268.246342907,288.213587882,-2.09548061442e-07,0,-3.48264086278e-05,3.48270390401e-05
30,-0.0590551181102,-7.12841585847e-16,-0.097631676229,2549.73482044,2469.89875054,7.38464566522e-05,0,-6.33680956699e-05,9.73078347766e-05
31,-0.0590551181102,-7.12841585847e-16,-0.074724471375,2318.65776452,2033.34432863,5.57143784349e-05,0,-5.84519088566e-05,8.07509604486e-05
32,-0.0590551181102,-7.12841585847e-16,-0.0466311616872,1501.70163364,1455.82189563,3.51857887129e-05,0,-5.38292572552e-05,6.43088536983e-05
33,-0.0590551181102,-7.12841585847e-16,-0.022532307895,699.962859287,737.501887066,1.78575491418e-05,0,-5.1752746409e-05,5.47470439588e-05
34,0.0263144351547,0,-0.0921457714682,-583.685110179,1571.85858718,6.35379302018e-05,0,2.14571238227e-05,6.70632293963e-05
35,-0.00214208260036,0,-0.101631277386,233.35936175,1434.7774372,7.11020901812e-05,0,-6.894810531e-06,7.14356048507e-05
36,-0.0305986003554,0,-0.111116783305,1598.98060644,2176.06408092,8.18699777487e-05,0,-3.79885657036e-05,9.02542208475e-05
37,0.0590551181102,7.14042104985e-16,-0.0226475886369,167.31763247,5681.00233613,1.36058076747e-05,0,1.75152818654e-05,2.217888864e-05
38,0.0590551181102,7.14042104985e-16,-0.0467684577404,-240.090832289,4004.87060508,3.01682068031e-05,0,3.29435728553e-05,4.46698969574e-05
39,0.0390011250693,-5.87587422465e-17,0,1949.49821416,5949.18274263,3.28746244063e-06,0,0,3.28746244063e-06
40,-0.0286882912288,-3.75663765627e-13,-0.0069898991514,606.155167988,860.625341064,6.20911330675e-06,0,-2.54837499577e-05,2.62292699091e-05
41,-0.0262181971121,-3.75663720993e-13,-0.0135824476428,1606.09985677,1651.21730122,1.18489326705e-05,0,-2.28719923816e-05,2.57589836937e-05
42,-0.0221964088222,-3.75663648319e-13,-0.0194729602058,1994.43030908,2733.75040794,1.62852229264e-05,0,-1.85628410891e-05,2.46938768739e-05
43,-0.016879487793,-3.75663552242e-13,-0.0242272498568,2958.62481314,3703.26223266,1.89760022058e-05,0,-1.32208649139e-05,2.31274713012e-05
44,-0.0105776697262,-3.75663438368e-13,-0.0275679097311,2875.11775672,3857.25550802,1.97438903408e-05,0,-7.57563243536e-06,2.11473736569e-05
45,-0.00365865784113,-3.75663313341e-13,-0.0293000164945,2494.20505119,3752.74862029,1.89051248297e-05,0,-2.36066021358e-06,1.90519411471e-05
46,0.00347383215137,-3.75663184456e-13,-0.0293225038829,2001.41477344,3313.38419863,1.70392167652e-05,0,2.01863317231e-06,1.7158373695e-05
47,0.0104036283643,-3.75663059235e-13,-0.0276340597929,1733.67237313,3252.98473973,1.42273620827e-05,0,5.35629541304e-06,1.52022278757e-05
48,0.0167263858599,-3.75662944982e-13,-0.0243332028274,1467.91071784,3654.69993044,1.07554533288e-05,0,7.39318468482e-06,1.30513967104e-05
49,0.0220731796554,-3.75662848366e-13,-0.0196125338414,1639.17705222,4373.68683838,7.10679067361e-06,0,7.99842940134e-06,1.06995956263e-05
50,0.0261320309961,-3.75662775022e-13,-0.0137474979467,2078.64853592,5117.38975582,3.50303029376e-06,0,6.65876025914e-06,7.52398228518e-06
51,0.0286661109362,-3.75662729231e-13,-0.00708031267467,1584.32393907,5720.14904163,9.64070843147e-07,0,3.90324012953e-06,4.02053679245e-06
52,-0.0590551181102,0.0681369834436,0,73.0601756582,96.7975356903,-2.36841809976e-07,-2.46221619545e-07,-5.14593686335e-05,5.14605027112e-05
53,-0.0590551181102,0.0453346456693,0,-0.831572539942,70.5406649553,-3.23815301275e-07,-1.36216019852e-07,-5.17857391445e-05,5.17869306862e-05
54,-0.0590551181102,0.022532307895,0,107.746147955,138.31095159,-3.55723088826e-07,-1.46162812299e-08,-5.18278070161e-05,5.18290298255e-05
55,-0.0389501158944,0.0906692913386,0,231.421688829,239.161263397,-1.68864423073e-07,0,-3.42004430654e-05,3.42008599463e-05
56,-0.0295275590551,0.0105601556057,0,328.181444209,268.920667359,0,-3.31025162424e-08,-2.6409180696e-05,2.64092014421e-05
57,-0.0295275590551,0.0240560002158,0,411.364106415,507.712453895,0,-5.38360621028e-08,-2.64289001317e-05,2.6428954964e-05
58,-0.0295275590551,0.0426744073624,0,543.008092247,742.149212441,0,-2.28147294447e-07,-2.67460308593e-05,2.67470039053e-05
59,-0.0295275590551,0.0666132911227,0,461.473991759,520.538450436,0,-3.24672415659e-07,-2.6208779788e-05,2.62107907197e-05
60,-0.0295275590551,0.0801091357329,0,398.865625904,409.084972988,0,-1.67379685745e-07,-2.59863355265e-05,2.59868745726e-05
61,-0.0590551181102,0.0906692913386,-0.0165791912729,257.846178636,259.063495537,1.35811595108e-05,0,-5.09515176659e-05,5.27304944612e-05
62,-0.0590551181102,0.0906692913386,-0.031204683352,367.457299106,415.01885643,2.50381969832e-05,0,-5.11263217282e-05,5.69281308461e-05
63,-0.0590551181102,0.0906692913386,-0.0446863304982,420.003673518,467.5395788,3.54341936743e-05,0,-5.14305237851e-05,6.24554309741e-05
64,-0.0590551181102,0.0906692913386,-0.0539188037634,394.732487823,462.553710023,4.26897267275e-05,0,-5.16631859174e-05,6.70186358202e-05
65,-0.0590551181102,0.0826732287635,-0.23265783037,648.596208592,795.257057392,0.000266766470676,5.34094659416e-05,-6.97395472777e-05,0.000280856770229
66,-0.0590551181102,0.0573319798395,-0.222202038943,1559.45019105,1280.39197802,0.000221361912166,5.35264352391e-05,-6.5556345907e-05,0.000236989050202
67,-0.0590551181102,0.0350251523735,-0.205301131452,1908.0399206,1783.92039064,0.00018221400936,5.10107206645e-05,-6.6840113891e-05,0.000200677950096
68,-0.0590551181102,0.017003621368,-0.182435215256,2115.56329456,2370.30062516,0.000146843219242,4.09758825072e-05,-6.91905044306e-05,0.000167419472846
69,-0.0590551181102,0.0049859623363,-0.155057906988,2434.46658364,2940.83482712,0.000118568644167,2.99131000482e-05,-7.07218132049e-05,0.000141261784631
70,-0.0590551181102,0.184350393701,-0.236220472441,1649.67885546,1901.49143013,0.000471283363249,6.23199171809e-05,-0.000127779063854,0.000492259352082
71,-0.0590551181102,0.180600393701,-0.236220472441,1137.07495726,1424.3075103,0.00046126766666,6.17211369333e-05,-0.000124590427989,0.000481767717678
72,-0.0590551181102,0.174975393701,-0.236220472441,1457.71295802,1455.32891928,0.000447230792084,6.12061580139e-05,-0.000120105446663,0.000467104799253
73,-0.0590551181102,0.166537893701,-0.236220472441,1733.33219247,1369.24755214,0.00042692162355,5.99985170214e-05,-0.00011364822675,0.000445845056206
74,-0.0590551181102,0.153881643701,-0.236220472441,903.333891905,1070.95747636,0.000398736076704,5.78730498156e-05,-0.000104779063176,0.000416315266163
75,-0.0590551181102,0.136751348616,-0.236220472441,1265.46500966,1450.70012997,0.000363914967138,5.63357807631e-05,-9.34671231277e-05,0.000379926212056
76,-0.0590551181102,0.12703683139,-0.181472072811,3370.42864028,3340.48565079,0.000296087869192,8.21018152244e-05,-9.02097375666e-05,0.000320228872992
77,-0.0590551181102,0.153881643701,-0.181472072811,2214.51303935,2148.95435849,0.000347052605043,9.01313343618e-05,-0.000107049050979,0.000374204045164
78,-0.0590551181102,0.166537893701,-0.181472072811,2105.55235138,1987.14952347,0.000373171967657,9.30889537003e-05,-0.000115198566865,0.000401489203534
79,-0.0590551181102,0.174975393701,-0.181472072811,1893.29810599,1857.71547705,0.00039112823351,9.46481209772e-05,-0.00012120396455,0.000420273676164
80,-0.0590551181102,0.180600393701,-0.181472072811,2072.75780784,2319.42289289,0.000403456899484,9.58624953311e-05,-0.000125172610366,0.000433168870232
81,-0.0590551181102,0.184350393701,-0.181472072811,1324.60637656,1566.83599041,0.000411996195998,9.65179297901e-05,-0.000127801466608,0.000442029174552
82,-0.0590551181102,0.0730011012259,-0.153259915834,4866.3566655,5526.08322706,0.000168856837966,3.8423332957e-05,-6.86166795066e-05,0.000186271932802
83,-0.0590551181102,0.0773761358581,-0.162544216421,5607.03625825,5864.69318357,0.000188939784552,4.74570983489e-05,-6.96042755016e-05,0.000206869943535
84,-0.0590551181102,0.0838680169631,-0.170404895042,6242.59057604,6448.25329798,0.000209652247285,5.61739234438e-05,-7.11968585975e-05,0.000228426283822
85,-0.0590551181102,0.0921256925062,-0.176388406125,6402.52431529,5842.7055405,0.000229957235553,6.31386199426e-05,-7.32579185609e-05,0.000249466507057
86,-0.0590551181102,0.101604124848,-0.180161304082,6470.4290073,5734.20845347,0.000249537921352,6.97216272683e-05,-7.67587206014e-05,0.000270226165813
87,-0.0590551181102,0.0709842519685,-0.0878084647403,2138.66293041,2281.75653141,7.68335810876e-05,5.4230294054e-06,-5.98763197952e-05,9.75601460787e-05
88,-0.0590551181102,0.0709842519685,-0.0975116335521,1974.12140207,2134.85498634,8.78962754551e-05,7.8807529738e-06,-6.20413228242e-05,0.000107874868455
89,-0.0590551181102,0.0709842519685,-0.11206638677,2131.55102746,2266.24320474,0.000106556540472,1.17497188385e-05,-6.33043619362e-05,0.000124498170469
90,-0.0590551181102,0.0709842519685,-0.128439625932,2656.15532948,3548.59064417,0.000128655627253,2.0248626639e-05,-6.54856683572e-05,0.000145776027058
91,-0.0590551181102,0.0857422708207,-0.0616616318242,119.252545575,525.583109398,4.90001964223e-05,2.78046753075e-07,-5.20377322032e-05,7.14774239342e-05
92,-0.0590551181102,0.0809415568043,-0.0636090764007,530.463651331,861.068823344,5.08751362077e-05,6.03881370978e-07,-5.27540008509e-05,7.32913962389e-05
93,-0.0590551181102,0.0776135452231,-0.0659776596499,1048.81534272,1324.87615433,5.3201555778e-05,9.88895123683e-07,-5.36408332769e-05,7.55560880763e-05
94,-0.0590551181102,0.0748853455263,-0.068955669837,1724.06344895,1784.56894994,5.62421228394e-05,1.55601801084e-06,-5.47592860018e-05,7.85122727792e-05
95,-0.0590551181102,0.0731371912194,-0.0717906287097,2163.22087934,2152.92965496,5.91754719654e-05,2.1111823771e-06,-5.57741692122e-05,8.13446465643e-05
96,-0.0590551181102,0.0716210597448,-0.0757903740963,2281.29526622,2278.13419254,6.35001919547e-05,2.91352068218e-06,-5.71443514587e-05,8.54765458163e-05
97,0.0349272295542,0.10968503937,-0.204893023219,362.426026388,2500.84498115,0.000284688467511,-8.44700252491e-05,-1.40236748096e-06,0.00029695904656
98,0.00760940500771,0.10968503937,-0.213998964735,386.502608315,1803.83823431,0.00029179257352,-4.69359162099e-05,-2.27972927581e-05,0.000296421326407
99,-0.0305986003552,0.10968503937,-0.226734966523,536.541957363,1040.04598763,0.00030374453808,9.72237900332e-06,-5.38874032651e-05,0.000308640764154
100,0.0590551181102,0.00649894505313,-0.12043758218,31.4733996313,3920.51309026,9.01675360869e-05,-3.23140004013e-05,5.72035065879e-05,0.000111564422429
101,0.0590551181102,0.0196004066462,-0.147190143486,411.355957712,3254.82282811,0.000119875501045,-5.25765828504e-05,5.81017696896e-05,0.000143213995322
102,0.0590551181102,0.038408467094,-0.16911304691,160.672074512,3596.34879696,0.000153912557601,-7.55265245634e-05,5.41641022921e-05,0.000179797333899
103,0.0590551181102,0.0610675453815,-0.184869578687,334.170821708,3363.44697392,0.000194130518941,-9.59690451527e-05,4.40964751061e-05,0.000221000486716
104,0.0590551181102,0.0845034143552,-0.193762540452,76.4029258356,3470.43220457,0.000235180504956,-0.00011060747796,3.16009481542e-05,0.000261806233723
105,0.0590551181102,0.0709842519685,-0.112077528982,917.777850307,2909.96099555,0.00010698842146,-2.70565967682e-05,3.67653778222e-05,0.000116319709256
106,0.0590551181102,0.0709842519685,-0.0975190996999,849.439500596,2445.47295486,8.62160040802e-05,-1.59008116256e-05,3.46061737054e-05,9.42529703958e-05
107,0.0590551181102,0.0709842519685,-0.0878134801783,391.971686248,1841.52876904,7.35773657216e-05,-1.06265575727e-05,3.46040225952e-05,8.19999442204e-05
108,0.0590551181102,0.0999245974616,-0.168479169955,153.545599105,4893.79382601,0.000235506194042,-9.95217011612e-05,2.55379188147e-05,0.000256943421265
109,0.0590551181102,0.0904537761903,-0.164207152288,37.5305746906,5291.9519765,0.000213635703903,-9.00800137791e-05,3.01753236204e-05,0.000233805844709
110,0.0590551181102,0.0823839830525,-0.157698053613,760.963813724,6537.5722052,0.0001915856221,-7.81407754518e-05,3.47131925068e-05,0.000209799993131
111,0.0590551181102,0.0762046747928,-0.149340022868,935.920371363,5706.34621093,0.000170693791221,-6.60555736805e-05,3.77253099598e-05,0.000186876719222
112,0.0590551181102,0.0723162663736,-0.13967311033,1311.23768185,5246.89644336,0.000149346217661,-5.3315523896e-05,3.89034226107e-05,0.00016327986437
113,0.0590551181102,0.128127658882,-0.17023467645,141.359089407,2014.85554629,0.00028893366019,-0.000110767339657,1.32783416084e-05,0.000309723066435
114,0.0590551181102,0.133039657586,-0.196850393701,72.0129336271,1897.23215291,0.000321316117796,-0.000124254317713,9.82408043216e-06,0.000344644302988
115,0.0590551181102,0.0680217027017,7.12841585847e-16,-20.2807171517,6197.898481,8.63355068703e-06,1.00901699043e-06,0,8.69231342926e-06
116,0.0590551181102,0.0453346456693,7.12841585847e-16,664.932783825,5808.48429127,7.8349235627e-06,1.43912347755e-06,0,7.96599671209e-06
117,0.0590551181102,0.0226475886369,7.12841585847e-16,478.700021757,6454.24712395,7.72993683432e-06,9.82853114626e-07,0,7.79217066725e-06
118,0.0590551181102,0.0906692913386,-0.0539238192011,79.5964910134,1717.0341349,3.36309589433e-05,0,2.30849799289e-05,4.0791637596e-05
119,0.0590551181102,0.0906692913386,-0.0444665493091,132.343947476,2223.45089381,2.71895840309e-05,0,2.15411549699e-05,3.46885404307e-05
120,0.0590551181102,0.0906692913386,-0.0306506155644,252.530722628,3502.1562688,1.7817588918e-05,0,1.75163409854e-05,2.49857694771e-05
121,0.0590551181102,0.0906692913386,-0.0162114913765,-10.9262529424,5153.76430086,1.08866361058e-05,0,1.05086615205e-05,1.51311206674e-05
122,0.0590551181102,0.07162386412,-0.0757754505391,381.660046888,2691.52303474,5.77529944537e-05,-3.72380939574e-06,3.23596451874e-05,6.63055183332e-05
123,0.0590551181102,0.0735728689104,-0.0709753697302,335.929118381,2746.82305297,5.11842085698e-05,-1.59652182785e-06,3.04177354937e-05,5.95618226839e-05
124,0.0590551181102,0.0759425336969,-0.0676481281562,458.433914555,2399.13993981,4.68916988971e-05,-4.98695248148e-07,2.85862349157e-05,5.49204237881e-05
125,0.0590551181102,0.0789214304395,-0.0649208965094,713.351091193,2456.74271903,4.36850618107e-05,-2.08469286301e-08,2.67719999945e-05,5.12359741169e-05
126,0.0590551181102,0.0817569573434,-0.0631736637064,217.467722207,1692.33436647,4.13844482866e-05,2.26098677893e-07,2.55140176425e-05,4.86177825169e-05
127,0.0590551181102,0.0857571952883,-0.0616588322995,224.477642373,1199.97998651,3.95088549228e-05,1.77319519833e-07,2.44068703801e-05,4.64400299448e-05
128,0.0390011250693,0.0906692913386,0,1232.86960343,4804.53246343,2.63023112949e-06,0,0,2.63023112949e-06
129,0.0295275590551,0.0799705030441,0,2236.08167815,5360.21771102,0,4.14399502225e-07,0,4.14399502225e-07
130,0.0295275590551,0.066391350556,0,2168.66506488,5258.82352619,0,8.3998129623e-07,0,8.3998129623e-07
131,0.0295275590551,0.0477286006534,0,1086.27157685,4956.9041461,0,1.15203095055e-06,0,1.15203095055e-06
132,0.0295275590551,0.0242779407826,0,2486.93932764,5466.12522753,0,8.87682588963e-07,0,8.87682588963e-07
133,0.0295275590551,0.0106987882945,0,945.62237003,5864.45300675,0,5.4404737723e-07,0,5.4404737723e-07
134,-0.0286882912288,0.090669291339,-0.0069898991514,472.507168431,629.843432235,6.09984172058e-06,0,-2.50352721088e-05,2.57676719666e-05
135,-0.0262181971121,0.090669291339,-0.0135824476428,745.86002904,936.423619939,1.16772131249e-05,0,-2.25405221769e-05,2.53856740382e-05
136,-0.0221964088222,0.090669291339,-0.0194729602058,1224.49909425,1571.57858898,1.62706279327e-05,0,-1.85462048693e-05,2.46717459531e-05
137,-0.016879487793,0.090669291339,-0.0242272498568,1634.01476697,2256.66257689,1.94172830395e-05,0,-1.35283118793e-05,2.36652932148e-05
138,-0.0105776697262,0.090669291339,-0.0275679097311,1959.73891796,2892.03616888,2.07925383514e-05,0,-7.97799345669e-06,2.22705642203e-05
139,-0.00365865784113,0.090669291339,-0.0293000164945,2319.76421562,3526.4166682,2.03490842396e-05,0,-2.54096568945e-06,2.05071142784e-05
140,0.00347383215137,0.090669291339,-0.0293225038829,2770.58740215,4298.13362276,1.82222400801e-05,0,2.15878574739e-06,1.8349670009e-05
141,0.0104036283643,0.090669291339,-0.0276340597929,3127.46057667,5053.76075914,1.47874683588e-05,0,5.56716336313e-06,1.58007129072e-05
142,0.0167263858599,0.090669291339,-0.0243332028274,3143.29874493,5475.3462068,1.06472081644e-05,0,7.31877810542e-06,1.29200446846e-05
143,0.0220731796554,0.090669291339,-0.0196125338414,2959.26243323,5538.0242514,6.41664448452e-06,0,7.22169545439e-06,9.66054924301e-06
144,0.0261320309961,0.090669291339,-0.0137474979467,2358.45382391,5251.32021595,3.01174325572e-06,0,5.72489376916e-06,6.46877160723e-06
145,0.0286661109362,0.090669291339,-0.00708031267467,2119.50591513,5467.52881123,8.00833010821e-07,0,3.24233801604e-06,3.33977384286e-06
146,0.0519553152639,0.0906692913386,-0.0610236220472,555.323861904,1081.04686413,3.82032212721e-05,0,1.90793313078e-05,4.2702540893e-05
147,0.0427511289876,0.0906692913386,-0.0610236220472,878.184834399,1465.55034005,3.78361625579e-05,0,1.39877479671e-05,4.03389673925e-05
148,0.0302227786005,0.0906692913386,-0.0610236220472,966.295725753,1940.59735941,3.77340077015e-05,0,8.18024320511e-06,3.86105130257e-05
149,0.0155104516168,0.0906692913386,-0.0610236220472,647.932248169,2213.18370405,3.89724596166e-05,0,2.21954578037e-06,3.90356118441e-05
150,0.000614912739583,0.0906692913386,-0.0610236220472,473.185175652,2206.63570577,4.18226723799e-05,0,-5.31612658811e-06,4.21591879297e-05
151,-0.0158503261024,0.0906692913386,-0.0610236220472,374.66318886,1711.29403842,4.51603851337e-05,0,-1.64308774288e-05,4.80565720637e-05
152,-0.0305292326359,0.0906692913386,-0.0610236220472,247.397171363,1072.81529111,4.71980407139e-05,0,-2.82059147442e-05,5.49838946764e-05
153,-0.0429718146888,0.0906692913386,-0.0610236220472,-92.7908936146,666.888927451,4.81521848391e-05,0,-3.86781777918e-05,6.17627261547e-05
154,-0.0519502998264,0.0906692913386,-0.0610236220472,204.418874376,632.232694806,4.83488567124e-05,0,-4.6042202202e-05,6.67644840391e-05
155,0.0157669317002,0.184535431467,-0.211279789171,111.546036567,2066.42094425,0.000433025407084,-6.53356967563e-05,-5.39808566858e-05,0.000441241078482
156,0.0373360412518,0.171054737997,-0.204090085987,-68.3415294582,1735.61174562,0.000397830284993,-9.59895604824e-05,-2.70545722258e-05,0.000410140075166
157,-0.0566834098651,0.196850393701,-0.235429903026,-195.310955009,1613.54487926,0.000503817649238,5.77869047384e-05,-0.00013672264502,0.000525228171088
158,-0.0531258474974,0.196850393701,-0.234244048903,465.595431747,2860.35034124,0.000501971160864,5.00250738158e-05,-0.000133325432184,0.000521778904534
159,-0.0477895039459,0.196850393701,-0.23246526772,271.411875889,3942.54263952,0.000498385265175,3.87602259306e-05,-0.000127604674198,0.000515919742338
160,-0.0397849886186,0.196850393701,-0.229797095944,568.467055457,3986.41987788,0.000491903704959,2.38323835647e-05,-0.000118230595909,0.000506473801166
161,-0.0278510268995,0.196850393701,-0.225819108704,-90.2498094537,3549.99411582,0.00048220071785,2.95989526465e-06,-0.000104874630877,0.000493482503719
162,-0.00393700787402,0.196850393701,-0.196685458676,177.071978012,2017.30595851,0.000444900033624,-2.16936609782e-05,-7.92675668019e-05,0.000452426791859
163,-0.0565663571703,0.196850393701,-0.181235283909,357.684562552,1399.66241188,0.000440087147151,9.18224863162e-05,-0.000131679221813,0.00046845222119
164,-0.0528332157605,0.196850393701,-0.180880100556,491.698141959,2269.1963676,0.000439060191785,8.36885014708e-05,-0.000126996891771,0.000464656677353
165,-0.0472335036457,0.196850393701,-0.180347325527,387.476134195,2676.37032641,0.000437269935987,7.1664532744e-05,-0.000120605354348,0.000459223751203
166,-0.0388339354735,0.196850393701,-0.179548162983,18.3309193716,2717.49715684,0.000434286767777,5.4533091754e-05,-0.000111911894308,0.000451777740543
167,-0.0272165838281,0.196850393701,-0.178442849936,309.847309655,2329.02956708,0.00043034219692,3.23438678729e-05,-0.000100566827147,0.000443118741379
168,0.0427334501367,0.111732283465,-0.171787573627,181.83886449,3254.95601463,0.000259204295575,-7.93664919505e-05,5.65019805508e-06,0.000271141718714
169,0.0221874142802,0.111732283465,-0.173742391058,816.443902924,2958.07622796,0.000260183759586,-4.94446310265e-05,-1.16035095767e-05,0.000265094326088
170,-0.00149516062212,0.111732283465,-0.17599562913,1991.09461703,2624.8921706,0.000261342847289,-1.530003638e-05,-3.11905893213e-05,0.000263641855184
171,-0.0245325860334,0.111732283465,-0.178187485558,2575.04234247,2372.69972907,0.00026264296788,1.88209322991e-05,-5.06464824486e-05,0.000268142913861
172,-0.0438193736789,0.111732283465,-0.180022493973,3831.18725022,3630.75688684,0.000265643156249,4.90931958987e-05,-6.80246962704e-05,0.000278574563893
173,0.039472552184,0.169719418665,-0.172097826183,324.160750306,1103.97164959,0.000365574334283,-8.15038799291e-05,-2.364909244e-05,0.000375295558065
174,0.0184531403171,0.182856551081,-0.174097682165,231.241285268,1599.29254137,0.000393124419446,-4.74823273008e-05,-4.91870634199e-05,0.000399024745822
175,-0.0429929409993,0.0709842519681,-0.139011817861,3120.44303239,4102.28381301,0.000144075413212,1.62233150275e-05,-4.89198850597e-05,0.000153016586672
176,-0.0219742551901,0.0709842519681,-0.137012030958,3661.65924811,4956.18338351,0.000139998887398,3.67936664619e-06,-3.12387052462e-05,0.000143488964443
177,0.00155519162926,0.0709842519681,-0.134773361995,2642.91744562,3949.70560178,0.000136334290563,-9.92593570048e-06,-1.35923091835e-05,0.000137369260942
178,0.024122868197,0.0709842519681,-0.132626199017,2396.9948609,4144.20074304,0.000135552709706,-2.23119332388e-05,3.62580018743e-06,0.000137424546208
179,0.0434671250674,0.0709842519681,-0.130785722792,1487.30457328,3330.20103222,0.00013354704273,-3.36109606182e-05,2.07665700055e-05,0.000139268660242
180,0.0519502993496,0.0709842519689,-0.0807086614177,1023.76391249,2841.22536994,6.39957424858e-05,-6.13123939821e-06,2.59457048024e-05,6.93269554399e-05
181,0.0429699952254,0.0709842519689,-0.0807086614177,1611.18134976,3367.37319544,6.37525842111e-05,-4.9137624563e-06,1.80700250438e-05,6.64459393804e-05
182,0.0305258725636,0.0709842519689,-0.0807086614177,2911.23999606,4328.2273245,6.34861542366e-05,-3.96017760321e-06,8.74617097299e-06,6.42080235881e-05
183,0.0158465573884,0.0709842519689,-0.0807086614177,2861.25704895,4299.59577098,6.39046450217e-05,-2.44065860046e-06,-7.34763110847e-07,6.39554559563e-05
184,-0.000611234780151,0.0709842519689,-0.0807086614177,2696.10227955,3743.96099361,6.48001098831e-05,-1.34506807783e-06,-1.11686612651e-05,6.5769312323e-05
185,-0.0155067875774,0.0709842519689,-0.0807086614177,2354.73917271,3207.53243083,6.6028561128e-05,-1.63332150654e-07,-2.14149888954e-05,6.94146908904e-05
186,-0.0302194835778,0.0709842519689,-0.0807086614177,1937.82882022,2449.85995724,6.72590232871e-05,8.73755797326e-07,-3.2667597313e-05,7.47777478728e-05
187,-0.0427493123507,0.0709842519689,-0.0807086614177,2118.97410867,2303.61742923,6.77816199957e-05,2.1443446765e-06,-4.31597088459e-05,8.03847416553e-05
188,-0.0519553147876,0.0709842519689,-0.0807086614177,2006.1201701,2092.69937228,6.83591314375e-05,3.09566398631e-06,-5.14469409105e-05,8.56115746582e-05
189,-0.0590551181102,0.186850393701,-0.18396063643,1165.97778232,1469.97813845,0.000421083237255,9.5400352312e-05,-0.000129294806421,0.000450698864971
190,-0.0590551181102,0.186850393701,-0.18644920005,1247.24422294,2127.18403365,0.000424411440506,9.40255519058e-05,-0.000129269294694,0.000453515629052
191,-0.0590551181102,0.186850393701,-0.188937763669,1278.17055025,3128.44316674,0.000427612360303,9.26955536619e-05,-0.000129237008097,0.00045623130166
192,-0.0590551181102,0.186850393701,-0.191426327289,1160.33268249,4919.91552014,0.000430841731702,9.17280482691e-05,-0.000129322118331,0.000459089144835
193,-0.0590551181102,0.186850393701,-0.193914890908,2140.20857499,5492.17905119,0.000434516693982,9.06240871305e-05,-0.000129440047609,0.000462355067499
194,-0.0590551181102,0.186850393701,-0.196403454528,2134.5767747,5120.37066353,0.000437604657748,8.96641608864e-05,-0.000129546854676,0.000465102016537
195,-0.0590551181102,0.186850393701,-0.198892018148,1797.30747338,6284.95693962,0.000440898597322,8.85282206121e-05,-0.000129583569742,0.00046799649626
196,-0.0590551181102,0.186850393701,-0.201380581767,1656.96453113,5994.24645541,0.000444062166399,8.72689069134e-05,-0.000129608951948,0.000470749986899
197,-0.0590551181102,0.186850393701,-0.203869145387,1819.89656765,6617.2901101,0.000447319474555,8.56870178631e-05,-0.000129538894122,0.000473515894598
198,-0.0590551181102,0.186850393701,-0.206357709006,1633.16380429,6582.81919088,0.000450083814321,8.45886793397e-05,-0.000129545025257,0.000475933396763
199,-0.0590551181102,0.186850393701,-0.208846272626,2368.14073474,6091.28991444,0.000453264762914,8.27730232188e-05,-0.000129439215922,0.000478596729294
200,-0.0590551181102,0.186850393701,-0.211334836245,834.702004333,6278.04534173,0.000456040204273,8.12585851542e-05,-0.000129456471837,0.00048097256021
201,-0.0590551181102,0.186850393701,-0.213823399865,996.510895348,5619.46070854,0.000458204273691,7.96614303947e-05,-0.00012949878057,0.000482770166944
202,-0.0590551181102,0.186850393701,-0.216311963484,2324.23460047,4822.13774095,0.000460315168406,7.78492240579e-05,-0.000129516399842,0.000484484317371
203,-0.0590551181102,0.186850393701,-0.218800527104,1235.93541881,5912.59994226,0.000462922265346,7.66921238347e-05,-0.000129544597341,0.00048678589576
204,-0.0590551181102,0.186850393701,-0.221289090724,1462.25421973,4452.52289404,0.000465177511103,7.50201276285e-05,-0.000129599061211,0.000488686047531
205,-0.0590551181102,0.186850393701,-0.223777654343,1526.17452377,4848.40712046,0.000467588252366,7.30810116938e-05,-0.000129621106118,0.000490694649626
206,-0.0590551181102,0.186850393701,-0.226266217963,1778.18454824,4295.71533639,0.000469432606681,7.09098490048e-05,-0.000129792696651,0.000492180173316
207,-0.0590551181102,0.186850393701,-0.228754781582,1360.8682455,3425.29323929,0.000471666022294,6.88151358729e-05,-0.000129906680996,0.000494044638954
208,-0.0590551181102,0.186850393701,-0.231243345202,1144.38754148,2615.57632206,0.000473824576379,6.69105926746e-05,-0.000129912115986,0.000495846664275
209,-0.0590551181102,0.186850393701,-0.233731908821,1122.674291,1887.33228449,0.00047595410848,6.47413234557e-05,-0.000129954935999,0.000497606307971
210,-0.0590551181102,0.183858531168,-0.232487627012,2016.24156768,2085.92748499,0.000466382790136,6.53573372476e-05,-0.000127425258111,0.000487874661027
211,-0.0590551181102,0.181555624234,-0.228577027038,1573.1108561,2115.19727906,0.000456422777109,6.79312144317e-05,-0.00012547502433,0.000478205377519
212,-0.0590551181102,0.182801238039,-0.224072400399,2008.18413163,3431.39515341,0.000455413861617,7.17168144964e-05,-0.000126409545243,0.000478042320263
213,-0.0590551181102,0.181527359277,-0.218872120574,1672.12140741,3057.00451512,0.000446991530361,7.52871336788e-05,-0.000125461007413,0.000470329719552
214,-0.0590551181102,0.182543453138,-0.212768372537,2252.35090598,3326.1502332,0.000443729151131,7.97374597054e-05,-0.000126293030657,0.000468191789373
215,-0.0590551181102,0.181006087245,-0.208184082086,3122.65608637,3694.15663121,0.000434635745902,8.18438439442e-05,-0.00012531492618,0.000459685193508
216,-0.0590551181102,0.182812357928,-0.203728057289,2396.88633639,4121.58180543,0.000434632168233,8.45355992848e-05,-0.000126519102736,0.000460498070101
217,-0.0590551181102,0.181963262405,-0.198567019708,2647.42930929,3725.52984883,0.000425947036167,8.69858225315e-05,-0.000125832625833,0.000452582877123
218,-0.0590551181102,0.18300130601,-0.193474704734,1879.41362963,3400.85795898,0.000423161656954,8.99100309468e-05,-0.000126704219026,0.000450781056279
219,-0.0590551181102,0.18273526061,-0.186573628231,1820.15070669,2065.3282929,0.000414354928971,9.33609548743e-05,-0.000126532206019,0.000443189208147
220,-0.0590551181102,0.0692210098226,-0.0667216373956,1690.38306371,1782.55791854,5.41901601043e-05,1.45136256128e-06,-5.58366589704e-05,7.78229554206e-05
221,-0.0590551181102,0.0729863949455,-0.0634284311564,1350.7793902,1437.21705631,5.11075875064e-05,8.38387154667e-07,-5.44672888452e-05,7.46952069941e-05
222,-0.0590551181102,0.0757742399156,-0.0593714707011,991.874902624,1096.73610656,4.74857179909e-05,3.43265311849e-07,-5.34436433195e-05,7.14928965384e-05
223,-0.0590551181102,0.0676894082186,-0.0716862783029,1969.59992623,1997.36433894,5.90314088538e-05,2.35147689352e-06,-5.70908226379e-05,8.21559413817e-05
224,-0.0590551181102,0.0644982879093,-0.0767467241754,2047.95749615,1990.73042234,6.39073782662e-05,3.48763019359e-06,-5.85325109002e-05,8.67316055052e-05
225,-0.0590551181102,0.0828437470741,-0.0567682987636,372.380678704,521.585610268,4.50937197571e-05,4.03886829875e-08,-5.21525938145e-05,6.89444576043e-05
226,-0.0590551181102,0.173390025269,-0.225755532703,1532.28355967,1709.14435042,0.000432889677237,6.80492263471e-05,-0.000119143996351,0.000454113930343
227,-0.0590551181102,0.171719251244,-0.212757102841,2287.91560098,2276.80198716,0.000415808750662,7.67937299019e-05,-0.000117978840639,0.000438991117129
228,-0.0590551181102,0.174298013404,-0.202419119266,2258.36428293,2265.33136907,0.000411530932131,8.3212258487e-05,-0.000120180862397,0.000436721224295
229,-0.0590551181102,0.17402147971,-0.191853347279,2704.72687505,2684.13520586,0.000400109682225,8.8472601879e-05,-0.000120074523866,0.000427004742802
230,-0.0590551181102,0.0599694923969,-0.0673820271377,2019.9631122,1924.79769053,5.45401118031e-05,2.10454775237e-06,-5.70022019723e-05,7.89196043226e-05
231,-0.0590551181102,0.066617987441,-0.0572043709946,1490.6276135,1533.44538951,4.5664176783e-05,5.95631678332e-07,-5.43491941499e-05,7.09887788535e-05
232,-0.0590551181102,0.0736422080058,-0.049240987241,969.847802415,986.747182089,3.91204738933e-05,2.15508741455e-08,-5.26179264449e-05,6.55672031235e-05
233,-0.0590551181102,0.0637755860495,-0.0860432630818,1950.43841265,2008.93558909,7.35420851457e-05,5.29420698243e-06,-6.05369312557e-05,9.5400141305e-05
234,-0.0590551181102,0.0521035171552,-0.079218557384,2228.61055937,2003.82972546,6.48558545719e-05,4.18963578698e-06,-5.98272341144e-05,8.83353432215e-05
235,-0.0590551181102,0.104223650895,-0.199601754089,3517.13256624,3324.53799563,0.000271739310468,6.59929524274e-05,-7.69008126725e-05,0.000290019064224
236,-0.0590551181102,0.0911471807981,-0.191437043052,4044.69157854,3939.56396645,0.000242910619859,6.34081271001e-05,-7.23055449627e-05,0.000261255146657
237,-0.0590551181102,0.0788701711211,-0.184967053564,4322.43647921,4190.34531564,0.000217404167178,5.88327870133e-05,-6.99206803625e-05,0.000235827840334
238,-0.0590551181102,0.0688484170285,-0.176046865631,4628.2517511,4527.45751546,0.000193791928248,5.25319702521e-05,-6.96278167477e-05,0.000212515769339
239,-0.0590551181102,0.0617269852576,-0.164024304225,4433.91175754,4770.41838452,0.000171942166171,4.43380690718e-05,-7.05158470739e-05,0.00019105616338
240,-0.0590551181102,0.0562656370276,-0.0408246779608,1033.0409619,943.111160157,3.22710541055e-05,2.59719023411e-07,-5.3131943255e-05,6.21650366452e-05
241,-0.0590551181102,0.0824589885354,-0.0483380644236,619.046241802,644.763689502,3.83507201747e-05,-7.74155728385e-08,-5.18808993253e-05,6.45167532187e-05
242,-0.0590551181102,0.154936600133,-0.222057122529,1210.63913906,1339.48253966,0.000387770537128,6.70951476616e-05,-0.000105692326515,0.000407478362847
243,-0.0590551181102,0.155468498906,-0.19833390967,2052.70096489,2042.54684093,0.000366616639402,8.08074023309e-05,-0.000107066867943,0.00039038559242
244,-0.0590551181102,0.0778433755044,-0.0325597847848,434.54151433,457.841950463,2.60749240547e-05,-9.02144688954e-08,-5.12515118697e-05,5.75032805329e-05
245,-0.0590551181102,0.057994040796,-0.135006960197,2793.11574287,3430.08787093,0.000130961083705,2.34976248428e-05,-6.8431573342e-05,0.000149618929446
246,-0.0590551181102,0.0582244730523,-0.150032991192,4013.7769398,4735.76052532,0.000150185662098,3.39600271434e-05,-7.00734011848e-05,0.000169172391651
247,-0.0590551181102,0.0522020060971,-0.0940228357394,2155.04088118,1990.43030971,8.01302009722e-05,7.28030507754e-06,-6.27133512316e-05,0.000102013804814
248,-0.0590551181102,0.0519648522478,-0.0565719858102,1615.1041211,1534.36681206,4.46822870803e-05,1.17297891342e-06,-5.53283249714e-05,7.11273941769e-05
249,-0.0590551181102,0.0567816754543,-0.120022144885,2822.08236929,3197.56999131,0.000111127220275,1.57133508928e-05,-6.70399014757e-05,0.000130730703632
250,-0.0590551181102,0.0480091823413,-0.180733806162,3132.70049038,3318.62530875,0.000174318245236,4.61579458153e-05,-6.72939500179e-05,0.000192473069008
251,-0.0590551181102,0.0408848984739,-0.0663066045973,2122.76000134,1858.86507123,5.18711207485e-05,2.20256841914e-06,-5.71855117115e-05,7.72376024036e-05
252,-0.0590551181102,0.0873509024599,-0.213873459425,1724.01554991,1426.94679897,0.000256727231555,5.82512370413e-05,-7.06211649682e-05,0.000272560868395
253,-0.0590551181102,0.0606411600925,-0.195050929662,2415.85053213,2524.42464302,0.000201891670145,5.26232902521e-05,-6.68003665218e-05,0.000219070185371
254,-0.0590551181102,0.0426912993784,-0.144665065024,4331.19822326,4919.8158235,0.000132102149075,2.74915583601e-05,-6.80921177551e-05,0.000151140001561
255,-0.0590551181102,0.0299615213812,-0.0463831258921,1401.5174952,1362.14068637,3.5720935653e-05,7.38743885688e-07,-5.38617242174e-05,6.46344824542e-05
256,-0.0590551181102,0.0577690329501,-0.106617274175,1901.05481783,2036.76393806,9.53455588681e-05,1.0433991353e-05,-6.4645905085e-05,0.000115666489597
257,-0.0590551181102,0.0371754614055,-0.110095732028,2965.24219765,2604.24675333,9.20819639534e-05,1.02561717561e-05,-6.47704930009e-05,0.000113046423686
258,-0.0590551181102,0.127950444114,-0.207881137217,2508.14883977,2448.90788715,0.000321542393908,6.94840843127e-05,-8.88261505266e-05,0.000340745702937
259,-0.0590551181102,0.0308825572905,-0.0845128807349,2175.07678355,2125.55909942,6.65506270353e-05,4.08742094003e-06,-6.08442656137e-05,9.02647086452e-05
260,-0.0590551181102,0.0426370011036,-0.162860911615,3148.75553291,3618.92295246,0.000151617128252,3.89540118635e-05,-6.81965418998e-05,0.000170751096473
261,-0.0590551181102,0.0450548586155,-0.128355387826,3449.25619458,3676.52643333,0.000115546116774,1.89115429034e-05,-6.70006276103e-05,0.000134898612508
262,-0.0590551181102,0.0596427494177,-0.0167847595438,340.789886862,332.278591401,1.36096853487e-05,-8.01280970738e-08,-5.16827682922e-05,5.3444723726e-05
263,-0.0590551181102,0.0255928440596,-0.13563668509,4238.68507547,4217.33926637,0.000113178402245,1.84822894887e-05,-6.59510706806e-05,0.000132289415614
264,-0.0590551181102,0.0753796502406,-0.201264739402,2548.28592862,2224.75434439,0.000227359871601,5.71039030452e-05,-6.82482468994e-05,0.000244154029584
265,-0.0590551181102,0.020427450372,-0.0637710506248,1978.37928516,1728.5229152,4.82966726071e-05,1.0324012101e-06,-5.65771573324e-05,7.43949539216e-05
266,-0.0590551181102,0.0266445786437,-0.156097454226,2878.24168817,3215.89956168,0.000132411665914,3.22782327964e-05,-6.77615364486e-05,0.000152204991392
267,-0.0590551181102,0.0308727174703,-0.0190344988806,454.114884275,505.225866223,1.52742726462e-05,6.42531785947e-08,-5.19177283237e-05,5.41180011422e-05
268,-0.0590551181102,0.185600393701,-0.18271635462,1135.92512074,1304.95382394,0.000416491762101,9.5964720105e-05,-0.000128554317837,0.000446319199719
269,-0.0590551181102,0.0773923382086,-0.0131847471203,143.084373832,185.159001229,1.07816200069e-05,-8.43726194933e-08,-5.12182893731e-05,5.2340840794e-05
270,0.0492638351471,0.163599866813,-0.184474109942,200.505601488,1294.54865997,0.000365741980263,-0.000104470643662,-1.22864052084e-05,0.000380568347694
271,0.00347991907868,0.192214814355,-0.204507855786,269.250671825,2141.60645254,0.000443125658869,-3.97478465662e-05,-6.97211435189e-05,0.000450334629701
272,0.0059651950696,0.190661516861,-0.192559748061,265.074474319,1738.18820649,0.000427553070997,-3.69922171379e-05,-6.59274421435e-05,0.000434184845746
273,0.0555084449681,0.0801976564828,-0.0640399590553,778.670961213,2068.49434897,4.23645821836e-05,-3.43026290066e-07,2.34152230828e-05,4.8406075679e-05
274,-0.0555149237327,0.0740098855739,-0.0702222428413,1835.22343992,1889.8675036,5.74088558836e-05,1.75634273904e-06,-5.19031171503e-05,7.74131451602e-05
275,0.0562500441593,0.077545611529,-0.066036585789,591.71964788,2266.20366703,4.48747285527e-05,-5.78059641376e-07,2.52056197527e-05,5.14723098641e-05
276,0.0554102288885,0.0749795714999,-0.0688202861554,471.383862581,2366.6079428,4.83129957804e-05,-1.34478778159e-06,2.58097195348e-05,5.47913828801e-05
277,-0.0562571082865,0.076001036073,-0.0675807117507,1426.04451098,1454.00988442,5.47827424148e-05,1.32718711059e-06,-5.17174210185e-05,7.53498634964e-05
278,-0.0554621853898,0.0787829679681,-0.0650173870357,920.074562671,1057.23186588,5.21859205589e-05,8.73166791361e-07,-5.02136146865e-05,7.24260990577e-05
279,0.0552394100743,0.0837703281952,-0.0622721464936,430.098807131,1270.60586259,4.01420499278e-05,-1.26894469566e-07,2.21782056964e-05,4.58614553032e-05
280,-0.0551168200502,0.0721981309182,-0.0739030014412,2122.55821693,2145.51417055,6.12093378757e-05,2.3474573913e-06,-5.26659155445e-05,8.07823759215e-05
281,0.0552117401728,0.0725835451028,-0.0729364958194,681.736905222,2561.44934593,5.36882228054e-05,-2.81739573163e-06,2.72261567533e-05,6.02629786707e-05
282,-0.0552580833422,0.0827974731929,-0.0626660658705,415.1539685,733.467276273,4.99548814394e-05,5.24259897977e-07,-4.92533936245e-05,7.0154556599e-05
283,0.0521918943885,0.0776392252716,-0.0659533859785,1096.66049621,2391.67315666,4.44504833672e-05,-8.10832650045e-07,2.19034839403e-05,4.95607256796e-05
284,-0.0522445428822,0.0759273289759,-0.0676635350981,1202.66945148,1356.88717951,5.46540771007e-05,1.2607070873e-06,-4.82359251675e-05,7.29065292196e-05
285,0.051376891375,0.0816662894681,-0.0632030413967,948.030679285,1870.5355095,4.09107039236e-05,-3.83615760072e-07,1.99202307067e-05,4.55043783386e-05
286,-0.0513390338452,0.0729904818568,-0.0720506899289,1835.91967585,1886.54724733,5.90612172668e-05,1.83046979704e-06,-4.8709777293e-05,7.65781979982e-05
287,0.051405871278,0.0740090104749,-0.070223633209,1197.92139453,2952.42728438,4.99556858709e-05,-2.08357743207e-06,2.29267941108e-05,5.50049973543e-05
288,-0.0514461090054,0.0801709567072,-0.0640567622778,687.260997719,893.392961632,5.11716536579e-05,7.41571875415e-07,-4.6507470793e-05,6.91522444067e-05
289,0.0472792982501,0.0794187605341,-0.0645554471365,1380.6286276,2424.84042866,4.23262183019e-05,-6.91373201858e-07,1.78850508513e-05,4.59549975149e-05
290,-0.0474148038774,0.0741450226947,-0.0700105624847,1455.88845172,1573.45115183,5.67833660589e-05,1.42604512095e-06,-4.4748264136e-05,7.23103824416e-05
291,0.0512863005276,0.0856386701728,-0.0616772761374,1045.12746365,1372.88712981,3.90197043966e-05,-2.90950264832e-07,1.91093335788e-05,4.34486894288e-05
292,-0.0505765437492,0.0714373972432,-0.0765092537819,2212.03370536,2266.65486973,6.36788478081e-05,2.42409074004e-06,-4.91858744173e-05,8.04992056873e-05
293,0.0512744441439,0.0719047946632,-0.0747593388083,1078.57338602,2978.93317074,5.5884470163e-05,-3.48211314809e-06,2.4184760821e-05,6.09926370421e-05
294,-0.0513182060393,0.0846831601521,-0.0619558747336,99.6140152727,538.445181509,4.92006082304e-05,3.69643935086e-07,-4.57715934255e-05,6.72002622881e-05
295,0.0474780571915,0.0757836721597,-0.0678277019559,1662.64048751,3177.85366547,4.65958667297e-05,-1.47032310233e-06,1.90339664756e-05,5.03550248348e-05
296,-0.0474423347081,0.0777971528119,-0.0658154137952,806.721424771,1072.75289849,5.27263069735e-05,9.57157523556e-07,-4.36208385457e-05,6.843798034e-05
297,0.0470149360035,0.0871449742388,-0.0613416801356,1151.54328529,1286.92537449,3.83612344533e-05,-2.17815231952e-07,1.64402668173e-05,4.17362447433e-05
298,0.0469579136555,0.073039271412,-0.0719517685679,1663.61016034,3481.49999617,5.21536125896e-05,-2.59943387874e-06,1.99425531286e-05,5.5896885315e-05
299,-0.0470775154974,0.0816866811952,-0.063192569102,421.804090207,821.230794482,5.02553317792e-05,5.22726632758e-07,-4.25868187303e-05,6.58749477794e-05
300,0.0432312547846,0.0774387485745,-0.0661328762531,1689.58530344,2884.06643745,4.42144553789e-05,-1.03588855619e-06,1.5906988191e-05,4.70002489659e-05
301,-0.04328346341,0.0758458195893,-0.0677562307464,1196.54550446,1346.12119652,5.44353787426e-05,9.39392681929e-07,-4.07882575563e-05,6.80277507488e-05
302,0.0469833178198,0.0832973327399,-0.0624561273082,989.050327372,1665.17438847,3.97833468315e-05,-3.4715102326e-07,1.69065599133e-05,4.32280807699e-05
303,0.0468371670047,0.0714973445121,-0.0762435488916,1779.0826895,3788.8139008,5.79061952895e-05,-3.83468966336e-06,2.07521562067e-05,6.1631844731e-05
304,-0.0469801901695,0.0860310248511,-0.0615778679425,129.193976462,521.045641388,4.87467403646e-05,2.03322150698e-07,-4.21171473495e-05,6.44215812979e-05
305,0.0437331725325,0.0745781674364,-0.0693695033115,1819.01589949,3613.35542522,4.84805882533e-05,-1.75209327582e-06,1.70242382258e-05,5.14126633759e-05
306,0.0427523351717,0.0811708837586,-0.0634668219438,1370.01808947,2477.04564875,4.0841781434e-05,-5.90031919284e-07,1.48085715165e-05,4.34475895618e-05
307,-0.0437600734682,0.0791089808728,-0.0647756768595,767.693466008,1075.56065208,5.16068713171e-05,6.82955345286e-07,-4.02798781085e-05,6.54691085596e-05
308,-0.0429319587307,0.0728084029447,-0.0724328266699,1737.82670436,1922.09547822,5.90192133669e-05,1.42776168053e-06,-4.16257719971e-05,7.22358009869e-05
309,0.0394613441077,0.0754698461648,-0.0681995590756,2279.34158231,3851.76881489,4.68523126058e-05,-1.45353625684e-06,1.40360201854e-05,4.8931194823e-05
310,0.0389409213299,0.0789132795603,-0.0649195207803,1827.31580744,2928.81543649,4.26179443651e-05,-7.87487319324e-07,1.30657531576e-05,4.45827682379e-05
311,-0.0394139389295,0.0780869592032,-0.0655697812401,882.905513875,1338.94777568,5.21299824906e-05,6.49103182088e-07,-3.68833537335e-05,6.38618680594e-05
312,-0.0388141333089,0.0745362152642,-0.0694292717456,1369.3591543,1636.75620961,5.57250739967e-05,9.01159862757e-07,-3.74268591246e-05,6.7133194062e-05
313,-0.0470023305106,0.0720883523504,-0.0742087013172,2003.18032346,2020.34433723,6.10287722788e-05,1.87963220959e-06,-4.54604000676e-05,7.61228746002e-05
314,0.040980771553,0.0723613402553,-0.0734754254805,1930.79465551,3712.07294679,5.3757335887e-05,-2.62376658328e-06,1.58777185866e-05,5.61145013367e-05
315,0.0390453924526,0.0822094565383,-0.0629341861751,1680.91330909,2533.76518853,3.99578112432e-05,-4.65216700637e-07,1.27026787967e-05,4.19309092977e-05
316,0.0425061481406,0.0849020068334,-0.0618874179828,1151.6556362,1701.54230014,3.88478746449e-05,-3.02864646105e-07,1.41876546731e-05,4.13586585438e-05
317,-0.0416017012413,0.0828265535247,-0.0626534062663,270.885883363,734.537173741,4.94639900944e-05,2.7064958099e-07,-3.78613529528e-05,6.22915854243e-05
318,-0.0385465225166,0.072249678445,-0.0737646974315,1908.06619236,2079.56078049,6.01898205618e-05,1.23258436004e-06,-3.82383986385e-05,7.13197650999e-05
319,0.0348727795434,0.0768960760357,-0.0666445469693,2146.51343364,3646.69480006,4.47217622494e-05,-1.00368360589e-06,1.1096767774e-05,4.60888452285e-05
320,0.0350136428793,0.0807183025084,-0.0637240037438,1882.24194133,2849.50001281,4.08900546975e-05,-5.86568418058e-07,1.08233062715e-05,4.23023001068e-05
321,-0.0346849684648,0.0765119146762,-0.0670313275753,1182.41901012,1606.81252082,5.31296099249e-05,6.36678660974e-07,-3.33067494495e-05,6.27096513256e-05
322,-0.034397126963,0.0734424898007,-0.0711830074365,1827.7700702,2076.36619859,5.71796931376e-05,8.40164474176e-07,-3.41898753364e-05,6.6627102287e-05
323,0.0352991974639,0.0738665326668,-0.0704535126615,2271.14935818,3923.11129188,4.99677110098e-05,-1.78714613319e-06,1.18221595651e-05,5.13782978663e-05
324,0.0366686232195,0.0852821196123,-0.061775115638,1090.629278,1882.81692746,3.84701821016e-05,-2.72890150161e-07,1.12268468007e-05,4.00758215019e-05
325,-0.0353710587625,0.0805645243493,-0.0638150395712,426.835929023,1068.51500476,5.01828012015e-05,3.86663587711e-07,-3.30044061651e-05,6.00645808399e-05
326,-0.0345726747733,0.0715946300084,-0.0758447051957,1884.2639498,2218.93745488,6.20522465134e-05,1.08743171951e-06,-3.54150182153e-05,7.14554918834e-05
327,0.0305362240679,0.0749673850293,-0.0688363864356,2387.4347926,3832.05205686,4.75905421895e-05,-1.22191218612e-06,8.94132712641e-06,4.84386220496e-05
328,0.0304249009058,0.0785152920858,-0.0652237953491,1905.64009153,3279.9749734,4.28126256665e-05,-6.73341294127e-07,8.68911033406e-06,4.36906734139e-05
329,0.0306523455051,0.0831140583874,-0.0625312240281,1450.49988028,2409.74672784,3.93071200441e-05,-3.36282760668e-07,8.61994262628e-06,4.02425916553e-05
330,-0.0303747933147,0.0788391486145,-0.064974987399,704.442957441,1397.33936642,5.07914110973e-05,3.66109902432e-07,-2.92282710038e-05,5.86019906112e-05
331,-0.0300519116055,0.075120268974,-0.0686368480286,1463.63433929,1930.87442745,5.42786374748e-05,5.32214200699e-07,-3.00109593111e-05,6.20250869959e-05
332,-0.0300363813344,0.0724210833662,-0.0733260005974,2024.87895453,2408.77935132,5.90264381651e-05,6.85724657427e-07,-3.11647246324e-05,6.67520088251e-05
333,0.0307501849406,0.0723812587257,-0.0734252118131,3024.13418328,4458.74231276,5.37580747628e-05,-2.12883107118e-06,9.21008772346e-06,5.45828566475e-05
334,-0.0306716617906,0.0835876936892,-0.0623415236512,246.880321491,1086.46439229,4.83949361225e-05,1.55883808517e-07,-2.8735709512e-05,5.62835246162e-05
335,0.0351640958599,0.0718572531604,-0.0749114211626,2443.48493673,4042.53088223,5.57297976319e-05,-2.70509483193e-06,1.21377548328e-05,5.71003763081e-05
336,0.0262869191587,0.0734487431314,-0.0711717072689,2843.32662714,4339.23783843,5.08212364097e-05,-1.47562223419e-06,6.57023952142e-06,5.1265422836e-05
337,0.025998593656,0.0763397411483,-0.0672118185891,2133.8809772,3531.23380647,4.55688292745e-05,-8.77634777496e-07,6.50234338751e-06,4.60387761976e-05
338,0.02590063407,0.0801794461533,-0.0640514130559,1705.94989185,3041.97466735,4.15172874383e-05,-4.78950923138e-07,6.52673851257e-06,4.20299044233e-05
339,-0.0356373171734,0.0850260091333,-0.0618498666272,273.691975804,819.156274778,4.84028302823e-05,1.29809616114e-07,-3.26813131878e-05,5.84030740763e-05
340,-0.0259696915235,0.0814024035392,-0.0633412907039,425.287459509,1417.48110109,4.88080372163e-05,1.86303012838e-07,-2.52077826134e-05,5.49335190025e-05
341,-0.0257083376588,0.0772341458393,-0.0663212488494,1108.54807307,1758.23404111,5.15780143719e-05,3.08494496686e-07,-2.5891145564e-05,5.77125476306e-05
342,-0.0255550946829,0.0740075621415,-0.0702259349041,1794.65585709,2345.29245794,5.54408690565e-05,3.55315255594e-07,-2.67972408502e-05,6.15784729257e-05
343,0.0265355986667,0.0717712962808,-0.075198075443,3058.20543943,4646.93196216,5.61369367334e-05,-2.22434261749e-06,6.5611667034e-06,5.65628170656e-05
344,0.0258593465761,0.0843496304568,-0.0620656289031,1118.54567114,2185.98381814,3.90391120297e-05,-2.14738360087e-07,6.50030084156e-06,3.95771688181e-05
345,-0.0259513535848,0.0860244430923,-0.0615794648907,200.899947844,1310.37014012,4.72071789964e-05,8.57090085651e-08,-2.46596051256e-05,5.32599401031e-05
346,-0.0255870419043,0.0720279562982,-0.0743839951891,2063.57405377,2487.43680845,5.97127937354e-05,4.80860168347e-07,-2.78196634526e-05,6.58770266239e-05
347,0.0221810232496,0.0723932282729,-0.0733952289944,3078.47985441,4593.93657129,5.38706099424e-05,-1.65372443828e-06,4.08164623494e-06,5.40503215168e-05
348,0.0217029592449,0.0745448443029,-0.0694169395477,2479.55339076,3980.12618492,4.86521160615e-05,-1.02256847381e-06,4.20296266098e-06,4.88440266427e-05
349,0.0213900497333,0.077821316266,-0.0657945636732,1996.91688673,3404.32889835,4.42059234266e-05,-6.39768564481e-07,4.28601577362e-06,4.44178218852e-05
350,0.0213328627307,0.0818738845255,-0.0630978240159,1500.19436847,2893.02004927,4.06748046504e-05,-3.28893059199e-07,4.46790448619e-06,4.09207780289e-05
351,-0.0218130939953,0.0840813279027,-0.0621587419363,314.423973985,1577.57178598,4.71478193394e-05,9.63583669543e-08,-2.15269519733e-05,5.18298737666e-05
352,-0.0214490843421,0.0796361723413,-0.0644061750984,820.221398661,1717.95054929,4.92146865008e-05,1.72184096123e-07,-2.19538732727e-05,5.38895868087e-05
353,-0.0211319679305,0.0758340172014,-0.0677697504793,1480.41017513,2280.73454749,5.239267408e-05,2.4037879735e-07,-2.27336111228e-05,5.71127582411e-05
354,-0.0210995970406,0.0730856447877,-0.0718590202405,2271.23954329,2799.09130059,5.6633851258e-05,2.38180000212e-07,-2.37696473633e-05,6.14202407501e-05
355,0.0227007090327,0.071303690246,-0.077176768255,3056.04199343,4528.46076054,5.89423332038e-05,-2.33467620056e-06,4.07877952292e-06,5.91293987697e-05
356,0.0218339970916,0.0862405560652,-0.0615282787604,912.571422676,2100.90264525,3.87388464507e-05,-1.45840496774e-07,4.8033269805e-06,3.90357713368e-05
357,-0.021696897685,0.0714965376628,-0.076247014695,2209.58678189,2807.69472265,6.13994449048e-05,3.11257480778e-07,-2.52425332167e-05,6.63865513416e-05
358,0.0183036563301,0.0716716804051,-0.0755519615225,3214.61059007,4579.84823149,5.68492697467e-05,-1.81573389451e-06,1.62171188366e-06,5.69013735313e-05
359,0.0174908180914,0.0731168614432,-0.0717972653565,2864.70718463,4212.82368768,5.22334596444e-05,-1.23421312732e-06,1.50817673193e-06,5.22698018508e-05
360,0.0169789842389,0.0757513119203,-0.06786519362,2326.35277198,3901.63773345,4.71983960784e-05,-7.48091557218e-07,1.780610915e-06,4.7237895895e-05
361,0.0166979086782,0.0794083150618,-0.0645627273074,1794.88592214,3424.23967176,4.29803547946e-05,-4.1248015337e-07,2.18113201938e-06,4.30376390504e-05
362,0.0164893671729,0.0838925010325,-0.0622268896372,1052.35981781,2510.93457816,4.0147172935e-05,-1.97225775223e-07,2.43375705603e-06,4.0221357089e-05
363,-0.0173693130729,0.0824024507177,-0.062843608349,646.099431996,1853.93964706,4.70722144104e-05,5.64002928721e-08,-1.83045732671e-05,5.05059793785e-05
364,-0.0168047118685,0.0780025102376,-0.0656403691609,1204.06942572,2146.09884666,4.98260438514e-05,6.39003599204e-08,-1.8844873336e-05,5.3270704709e-05
365,-0.0165106842193,0.0745920058067,-0.0693498910212,2023.22398596,2696.64699214,5.34434590555e-05,7.52176316848e-08,-1.96882924333e-05,5.69546998276e-05
366,-0.0163485069764,0.0722125807057,-0.0738639110492,2240.01062565,2866.1793046,5.83316407763e-05,1.2551277752e-08,-2.07716896341e-05,6.19196540966e-05
367,0.0133112872783,0.0719560571394,-0.074600008473,3092.25842125,4535.1243163,5.60311399385e-05,-1.4044714974e-06,-1.30739698305e-06,5.60639854975e-05
368,0.0125328564118,0.0739830171424,-0.0702650495691,2657.58577245,4090.89925795,5.05614614641e-05,-8.19221990724e-07,-1.03671862146e-06,5.05787237438e-05
369,0.012144845613,0.0770567081908,-0.0664890146203,2203.48020647,3686.83400811,4.6147031143e-05,-5.12414955343e-07,-5.8451770466e-07,4.61535774707e-05
370,0.0118724138158,0.0809145053405,-0.0636105642975,1402.83882462,3069.69127591,4.25329708928e-05,-2.84322782031e-07,-8.71844070455e-08,4.25340105508e-05
371,-0.0123238078865,0.0803353239597,-0.0639542621981,947.278150582,2290.37743051,4.73422304233e-05,3.42091738313e-09,-1.49461407227e-05,4.96454823288e-05
372,-0.0120161481761,0.0765193516147,-0.0670236338033,1578.1907466,2622.65250561,5.0470896305e-05,-3.61005611797e-08,-1.57455544368e-05,5.28699835597e-05
373,-0.0117588225483,0.0736123111226,-0.0708821563979,2440.92012626,3426.13871668,5.45392038244e-05,-1.49137784202e-07,-1.6647656378e-05,5.70236043999e-05
374,0.0116352533381,0.0849260800702,-0.0618800581947,686.755581763,2414.6839598,4.05585746606e-05,-1.33808355275e-07,1.82073597375e-07,4.05592040598e-05
375,-0.0122784239319,0.0845014068231,-0.062014866308,364.690810226,1935.2523435,4.54556961151e-05,-3.7217331711e-08,-1.42346770402e-05,4.76324230422e-05
376,-0.011541123735,0.0718648499244,-0.0748868268192,2529.35916134,3122.23245859,5.89989235164e-05,-2.42499711037e-07,-1.74703012969e-05,6.15316439697e-05
377,0.00698650240266,0.0824046637388,-0.0628425844662,989.554742737,2578.92890179,4.24726993453e-05,-2.13185768088e-07,-2.45766380612e-06,4.2544279865e-05
378,-0.00767194046875,0.082671392083,-0.0627215998873,587.212995006,2289.6268589,4.52201889917e-05,-4.05800952653e-08,-1.12619709875e-05,4.66014927842e-05
379,-0.00743722912324,0.0787163036035,-0.0650681096626,1280.43728323,2707.45669409,4.76230516192e-05,-1.02282764332e-07,-1.19207214212e-05,4.90924546799e-05
380,-0.00716452094687,0.0752783769482,-0.06843590585,1983.98269212,3099.60050757,5.11707846339e-05,-1.81778454149e-07,-1.27734311685e-05,5.27412816233e-05
381,-0.00699031953789,0.0728130043705,-0.0724229031117,2828.23104089,3790.83662296,5.56582951175e-05,-3.77333002842e-07,-1.37495680697e-05,5.73327028639e-05
382,0.0071699746764,0.0783590158016,-0.0653477405078,1877.29626277,3318.83855925,4.536508962e-05,-3.29988165266e-07,-3.00443825636e-06,4.54656672408e-05
383,0.0073145831014,0.0865781390131,-0.061453447899,473.949157511,2240.57702857,4.08796083204e-05,-8.17329095408e-08,-1.85752282509e-06,4.09218700421e-05
384,-0.00775394692224,0.0867167061377,-0.0614245268706,239.382466505,2086.14441383,4.39444773114e-05,-5.94185586748e-08,-1.09117682722e-05,4.52789940653e-05
385,-0.00730567855513,0.0714201324376,-0.0765891157395,2486.34413167,3449.7316985,6.04960584743e-05,-5.29297012557e-07,-1.49838551909e-05,6.23263119608e-05
386,0.0021199431288,0.0799108492453,-0.0642236167188,1321.54007699,2928.96811657,4.48984450675e-05,-1.7863511179e-07,-5.56163232903e-06,4.52419499375e-05
387,0.00181866518208,0.0841960386193,-0.0621184012196,576.472191489,2413.74273965,4.26755364581e-05,-8.96390935843e-08,-5.07237920472e-06,4.2976022128e-05
388,-0.00322258784766,0.0850632198525,-0.0618387717123,429.261034597,2184.478526,4.34258575755e-05,-6.26666148158e-08,-8.09935241587e-06,4.41747500596e-05
389,-0.00282217420261,0.0811861060796,-0.0634584448294,905.077588337,2499.98376943,4.50335641527e-05,-1.24530769804e-07,-8.3658161029e-06,4.58041950838e-05
390,-0.00253989608686,0.0773426335946,-0.0662207019903,1732.93546322,3042.7580171,4.79546518344e-05,-2.09508707395e-07,-9.03804682249e-06,4.87993731191e-05
391,-0.00226877725287,0.0741485992512,-0.0700050401638,2445.4894464,3512.73549679,5.22069887076e-05,-3.81195744281e-07,-9.94670033418e-06,5.31474536327e-05
392,-0.00187175260641,0.0720653797813,-0.0742747473867,2862.87688597,3947.25955787,5.71425126612e-05,-6.43250458339e-07,-1.07687639107e-05,5.81519286056e-05
393,0.00747943749039,0.0749910096435,-0.0688052056974,2386.72929199,3685.97320793,4.93634478244e-05,-5.18575089716e-07,-3.62272952168e-06,4.94989198915e-05
394,0.00245532215652,0.0760910520255,-0.0674808228366,2090.75408365,3488.04138102,4.86183346624e-05,-3.49651728892e-07,-6.28917323503e-06,4.90246715609e-05
395,0.00280020168035,0.0733712430169,-0.071313008207,2586.71734017,3708.24331589,5.31418925002e-05,-6.04799910326e-07,-7.12796536563e-06,5.36212123296e-05
396,0.00318942434869,0.0717757644539,-0.0751827753487,3135.04346812,4347.19227962,5.76895144957e-05,-9.95241831814e-07,-7.6194532337e-06,5.81990262516e-05
397,0.00786682197294,0.072671556129,-0.0727348102579,2933.55291939,4086.74146999,5.43379722608e-05,-9.101847087e-07,-4.41047981227e-06,5.45242698052e-05
398,0.00788772462811,0.0713652700166,-0.0768543734433,3193.56624605,4296.69726701,5.94277996232e-05,-1.37412829916e-06,-5.03317792921e-06,5.96563867219e-05
399,0.0374232865745,0.0712628819142,-0.0774083510924,2337.79748483,3931.55517898,5.90996380642e-05,-3.48440121179e-06,1.37649426862e-05,6.07814274123e-05
400,-0.0551517829615,0.0712490957986,-0.0774904662441,2185.44782803,2187.1797704,6.50124060578e-05,2.96358816681e-06,-5.37164409926e-05,8.43851398598e-05
401,-0.0553273650857,0.0868599735435,-0.0613957156834,118.324412399,459.224480879,4.87380623808e-05,2.67580326216e-07,-4.89070785216e-05,6.90461632054e-05
402,0.0553182524173,0.0872646696728,-0.0613202801982,693.973460917,1010.80195285,3.88376069951e-05,-1.30158494523e-07,2.14821737329e-05,4.43831099251e-05
403,0.0553093439774,0.0713513184185,-0.0769249202469,575.23495692,2704.26758677,5.899148927e-05,-4.4167996854e-06,2.85768265947e-05,6.56973282864e-05
404,-0.0471642907977,0.0709842519685,-0.0928745936358,1803.73689859,2002.85955901,8.17427968874e-05,4.12849884101e-06,-4.87858115969e-05,9.52837066807e-05
405,-0.0256312740592,0.0709842519685,-0.0977922691929,2074.1546274,2891.95980102,8.64715083777e-05,1.4688664711e-06,-3.1154700517e-05,9.1924396621e-05
406,-0.00563258864405,0.0709842519685,-0.0970516453391,2424.08889328,3723.45336903,8.49544481466e-05,-2.13075691458e-06,-1.65567990895e-05,8.65790158238e-05
407,0.0300265086667,0.0709842519685,-0.0946269617771,1966.35096247,3344.49082131,8.15582551975e-05,-8.39042824415e-06,7.72642107256e-06,8.23519633013e-05
408,-0.0135264479731,0.0709842519685,-0.116718084657,2545.97320548,3740.17193789,0.000112017976099,-1.84312763062e-06,-2.34764941974e-05,0.000114466457395
409,0.0102373590787,0.0709842519685,-0.093296300557,2664.01216593,3890.81884451,7.98538524787e-05,-4.32291632495e-06,-5.45915027744e-06,8.01568941701e-05
410,0.0409056298606,0.0709842519685,-0.115761855977,1754.01634453,3061.65001474,0.000111597810183,-2.25259377875e-05,1.69999580722e-05,0.000115110762683
411,0.0115575527627,0.0709842519685,-0.113385572833,2637.07558037,4225.63109681,0.000106819462067,-9.32554614524e-06,-5.91605285623e-06,0.000107388840056
412,-0.0410333143374,0.0709842519685,-0.120293627621,2155.064338,2840.3962349,0.000116206095658,8.00081823145e-06,-4.53741373598e-05,0.000125006728226
413,0.0544171297812,0.0709842519685,-0.0854904332287,814.39840552,2349.70333484,7.05066790438e-05,-8.80105276228e-06,2.89847595444e-05,7.67382994688e-05
414,0.0494789886791,0.0738757454809,-0.145357777325,1393.66825473,4974.82179447,0.000159626087604,-5.11480148141e-05,2.6525740404e-05,0.000169706282049
415,0.049562440547,0.0787146045331,-0.154193225628,663.71937166,5184.81490506,0.000179665962985,-6.14155060063e-05,2.53026479399e-05,0.000191551420319
416,0.0496580058443,0.085680884632,-0.16167071545,685.296363744,5256.40064995,0.000201001157266,-7.16987098803e-05,2.24523796133e-05,0.000214583968579
417,0.0497506881378,0.0942414375974,-0.16715724149,213.176651831,4830.02398576,0.000222336164059,-8.03386373591e-05,1.88962850226e-05,0.000237159726954
418,-0.0507834957279,0.0995592696257,-0.178815919369,5070.28555774,4671.45104958,0.000243563586491,5.53660836962e-05,-6.8099241889e-05,0.000258894052914
419,-0.049094100884,0.0885868068008,-0.173280133043,7174.60183397,6984.26947209,0.000219239020766,4.53029250003e-05,-6.25829541236e-05,0.000232453714504
420,-0.0498702967923,0.0807092363154,-0.166204630513,6109.50486926,5878.25243786,0.000197808289454,3.98912049163e-05,-6.04391393124e-05,0.000210647376359
421,-0.0499981504746,0.0751663699561,-0.157741067078,5666.51080174,5529.22299001,0.000177483312198,3.29088426605e-05,-5.84926546586e-05,0.000189749067674
422,0.0502366427786,0.103105395172,-0.170145842631,-281.149882286,4063.0986682,0.000242176064629,-8.76292322476e-05,1.59208654169e-05,0.00025803411127
423,0.039547869628,0.0757338812225,-0.150337164299,1371.02594831,4541.86281473,0.000168670762497,-4.72729353469e-05,1.59021004814e-05,0.000175890401493
424,0.0402934199353,0.0815142292601,-0.158547391005,1291.5420977,5561.49299275,0.000189266902823,-5.57390940025e-05,1.47614667692e-05,0.000197855270351
425,0.0399401370004,0.0891963222562,-0.165223572468,630.643884482,4525.96739443,0.000210340248824,-6.34827512912e-05,1.16477820102e-05,0.000220019887312
426,0.0401963240344,0.0984012134632,-0.169776450505,121.193497808,4193.58090573,0.000232184828914,-7.02528605665e-05,8.57027720084e-06,0.00024273176316
427,-0.0351803680238,0.0942495289657,-0.175241723253,4510.99053056,4258.22111753,0.000229833800076,3.03203640582e-05,-5.21956491466e-05,0.00023762846194
428,-0.041402848461,0.0842599376464,-0.169090824872,6587.8855302,6584.39801586,0.000206281884849,3.22636629661e-05,-5.41022116739e-05,0.000215685440568
429,-0.0407957546234,0.0779774402742,-0.161731550626,5321.27666938,5575.10651409,0.000186640552335,2.69991924222e-05,-5.07788463384e-05,0.00019530013672
430,0.0391299195764,0.0720682962077,-0.140577039228,2254.62074324,4782.05080573,0.000149308964437,-3.80766323822e-05,1.59775566178e-05,0.000154913779601
431,-0.0411518210463,0.0732511271462,-0.152298760665,4498.09927203,5206.98817761,0.000166364388608,2.12964545736e-05,-4.88112567213e-05,0.000174680243751
432,0.0305887653334,0.0783090673179,-0.155424869175,1455.41290401,4682.05120809,0.000179283556743,-4.28102079685e-05,7.24552908172e-06,0.000184466271487
433,0.0278855695852,0.073517963936,-0.146476613315,2610.90361341,5023.77386903,0.00015926060862,-3.37338665822e-05,5.95772230122e-06,0.000162903068319
434,-0.0323770418305,0.0823704712253,-0.166383335481,5240.34621188,5288.10796641,0.000199137065534,2.07762298278e-05,-4.52639494866e-05,0.000205270669406
435,-0.0311366941672,0.0758425992065,-0.157266837245,4479.21016949,5049.97025374,0.000176993611176,1.56650605181e-05,-4.16995614188e-05,0.000182512974719
436,0.0326800172976,0.0841524245428,-0.161943393523,1352.59175563,4886.89210432,0.000197256064271,-5.07196327657e-05,7.02659172864e-06,0.000203793545116
437,0.0252496471408,0.0825052272554,-0.161040546935,1593.25686797,4920.47382866,0.000193010029,-4.12044414756e-05,1.38799293118e-06,0.000197364140148
438,-0.0221857245617,0.0792262074776,-0.161714582905,5007.5796639,4953.51294424,0.000188177490507,8.12096109648e-06,-3.5618830651e-05,0.000191690946681
439,0.0271884599298,0.0912798227599,-0.16773710904,997.459675548,4167.73349162,0.000216458191726,-4.93374829121e-05,3.73514126158e-08,0.000222009768661
440,-0.0212921351346,0.0736939641126,-0.151624355,3597.53956316,4629.26103147,0.000165480832524,5.29322754524e-06,-3.28883233039e-05,0.000168800373224
441,-0.023921916055,0.0866547337284,-0.169459639804,5235.57720246,5508.88346924,0.000209701485102,1.22074469522e-05,-3.98870279296e-05,0.000213809984828
442,-0.0316335013095,0.0721433034443,-0.147624217766,3794.36151221,4684.6365347,0.00015778962383,1.21540832757e-05,-4.06685747796e-05,0.000163398959921
443,-0.0108762581432,0.0768217254453,-0.157066625543,3574.82670723,4575.527826,0.000177991322401,-3.24900243948e-06,-2.60099631505e-05,0.000179911047604
444,-0.0131673826616,0.0846434353715,-0.166751626791,3326.96606763,3907.49282909,0.000202843263245,-3.61507795396e-07,-2.99770266367e-05,0.000205046683119
445,-0.0101516838298,0.0724434767208,-0.146743018853,3276.8694077,4834.11403473,0.000156602799638,-3.54983722026e-06,-2.39773894444e-05,0.000158467515293
446,-0.0168613586765,0.0961569605339,-0.17434945138,3227.95211406,3204.95364669,0.00023125450548,5.82348226871e-06,-3.7521888276e-05,0.000234351128332
447,-0.00337264575611,0.0922253912249,-0.171179227597,2349.37071382,3168.12107896,0.000220921358461,-1.24169140686e-05,-2.48030691999e-05,0.000222655829973
448,-0.00138243867825,0.0817913324318,-0.162817167778,3477.98641757,4665.33874149,0.000193577364167,-1.3843198671e-05,-1.99580692858e-05,0.000195095244937
449,0.00685501316417,0.0874972285866,-0.167174709133,2051.18043464,3735.04287194,0.00020816485022,-2.4027789372e-05,-1.50164771264e-05,0.000210084349999
450,0.00888454647696,0.0803474199014,-0.160181697313,2232.09088712,4572.08171329,0.00018842946757,-2.3372115813e-05,-1.12472312088e-05,0.000190206257142
451,0.00591775214871,0.0969611100665,-0.172506292105,2217.81589015,3440.31611714,0.000230966154262,-2.50287084207e-05,-1.92360596266e-05,0.000233113334346
452,0.016952714483,0.0846839730296,-0.163922090856,1621.20224583,4248.71420702,0.000200203898455,-3.39442841526e-05,-6.23678156279e-06,0.000203156867537
453,0.0145697105892,0.0928631342518,-0.169814101317,1876.85491145,3835.56181027,0.000220864322291,-3.47347336945e-05,-1.07703749597e-05,0.000223838226322
454,0.0125751732682,0.102395733823,-0.173567979254,1353.52566121,3046.80580629,0.000241910959265,-3.46085942553e-05,-1.58746392071e-05,0.000244889099755
455,0.0215732278548,0.0998522916585,-0.172022587806,910.74613451,3596.78974478,0.000236263795352,-4.5961782028e-05,-7.56241602401e-06,0.000240811661964
456,0.0308688319227,0.102437963794,-0.171837422024,574.097610607,3678.38492606,0.000241306541136,-5.93468140864e-05,-7.56315936502e-07,0.000248498416798
457,0.0186401507776,0.0767445238574,-0.154128974066,2491.66192031,5021.70249838,0.000174557508524,-3.04302059671e-05,-2.43340795698e-06,0.000177206779474
458,0.0151093865758,0.072334060965,-0.143931805855,2810.98981764,4842.11707974,0.000152852225457,-2.16362498085e-05,-4.33378063929e-06,0.000154436756595
459,0.00315796627087,0.0747783071888,-0.151868313826,3144.25838505,4858.97414844,0.000167492434658,-1.53675164114e-05,-1.40610355326e-05,0.000168782667797
460,-0.0505056533085,0.072002955802,-0.148821915147,3941.61560494,4451.85041973,0.00016061349405,2.71878354488e-05,-5.79150409133e-05,0.000172887318307
461,0.0500446635799,0.0715947879565,-0.137218990355,1408.62612454,4210.43753646,0.000144538162318,-4.35619826468e-05,2.78559734105e-05,0.000153508572898
462,-0.0590551181102,0.189350393701,-0.181472072811,664.30188813,1425.70668927,0.000423628271387,9.70642746886e-05,-0.000130944731113,0.000453904073947
463,-0.0590551181102,0.191850393701,-0.181472072811,289.870409942,1469.87482317,0.000429231372431,9.7247193163e-05,-0.00013250194625,0.000459623055793
464,-0.0590551181102,0.194350393701,-0.181472072811,133.71440654,1213.06967562,0.000434920938487,9.73355269143e-05,-0.000133996155581,0.000465387362575
465,-0.0550609017801,0.193491018701,-0.181092049931,325.435847019,1629.49951019,0.000432020197082,8.82478691e-05,-0.000127894989065,0.00045911465378
466,-0.055214280102,0.188894664534,-0.181106642849,777.868782885,1618.3444865,0.000421682726053,8.81701789784e-05,-0.000125560819141,0.000448726889339
467,-0.0517155674163,0.183614716617,-0.180773763817,889.903066876,1710.46567653,0.000408835105211,7.98203139848e-05,-0.000118312099898,0.00043303022846
468,-0.0422426320512,0.173296464248,-0.179872477588,924.173388543,1327.31527356,0.000385157299637,5.9552313002e-05,-0.000102277743574,0.000402930962173
469,-0.0410728676588,0.128538042674,-0.179761182356,2475.37788031,2411.18492454,0.000295783062308,4.99035507407e-05,-7.42304752112e-05,0.000309011565762
470,0.0402931141192,0.129365713993,-0.172019755222,266.579742785,2150.41181318,0.000291757412397,-7.94356682198e-05,-3.68616310358e-06,0.000302400398268
471,0.0125577058806,0.132012331012,-0.174658593188,776.336620304,1957.47101744,0.000297851033652,-3.64389513328e-05,-2.81936901235e-05,0.000301393297179
472,-0.013688775712,0.131828627722,-0.177155769777,1605.39910089,1650.18520871,0.000299264126615,4.91049025477e-06,-5.08758616661e-05,0.000303597568655
473,-0.0131784103874,0.176035871037,-0.177107211941,426.906954568,1545.57637581,0.000385530977769,5.88793418724e-06,-7.4936513001e-05,0.000392790381208
474,0.0276813633124,0.153433911021,-0.173219678676,332.910549722,1522.69551482,0.000336967239038,-6.17694838309e-05,-2.56621941131e-05,0.000343541755139
475,0.000541258629666,0.154552986229,-0.175801877504,722.67264056,1469.15269447,0.00034199750954,-1.77556295654e-05,-5.0417272403e-05,0.000346149476772
476,-0.0281310044679,0.152403839486,-0.178529850924,1081.88765881,1280.95566533,0.000340039913942,3.11137118629e-05,-7.55581286178e-05,0.000349720226667
477,-0.0590551181102,0.196850393701,-0.18396063643,354.613478274,2184.23358181,0.000444439366537,9.6249300377e-05,-0.000135277394926,0.000474436773373
478,-0.0590551181102,0.196850393701,-0.18644920005,817.53302623,3378.90522783,0.000448578187365,9.52191915501e-05,-0.000135427224052,0.000478152295439
479,-0.0590551181102,0.196850393701,-0.188937763669,518.191795489,3592.14501544,0.000452874163071,9.43133318669e-05,-0.000135432657967,0.000482008316307
480,-0.0590551181102,0.196850393701,-0.191426327289,369.050878768,4983.80050818,0.000456937080225,9.33392925688e-05,-0.000135434563771,0.000485640031181
481,-0.0590551181102,0.196850393701,-0.193914890908,115.363273223,6245.55781218,0.000461342370056,9.26120346655e-05,-0.000135639646453,0.000489705916918
482,-0.0590551181102,0.196850393701,-0.196403454528,110.958176053,7245.22498529,0.000465466802554,9.16222601026e-05,-0.00013585159236,0.000493466957326
483,-0.0590551181102,0.196850393701,-0.198892018148,-359.539929023,7375.94204095,0.000469640375806,9.07372842157e-05,-0.000135955129555,0.000497271690916
484,-0.0590551181102,0.196850393701,-0.201380581767,-54.6871474105,8392.23546783,0.000473551540453,8.9737712701e-05,-0.000135971306366,0.000500791488247
485,-0.0590551181102,0.196850393701,-0.203869145387,74.2315282305,8680.87773476,0.000477125436951,8.86759418763e-05,-0.000136040152659,0.000504003004345
486,-0.0590551181102,0.196850393701,-0.206357709006,-96.2205271803,8678.78713849,0.000480328081967,8.73131090147e-05,-0.00013620617993,0.000506843929413
487,-0.0590551181102,0.196850393701,-0.208846272626,-186.139433083,8684.66354385,0.000483304970287,8.59125353371e-05,-0.000136301315573,0.000509453341003
488,-0.0590551181102,0.196850393701,-0.211334836245,-25.644238504,8880.10681108,0.000486069875597,8.4309577136e-05,-0.000136457825128,0.00051185229002
489,-0.0590551181102,0.196850393701,-0.213823399865,-435.52707243,8636.23619031,0.000488423972711,8.25658879978e-05,-0.000136532567281,0.000513825111208
490,-0.0590551181102,0.196850393701,-0.216311963484,-416.795993323,8489.95455042,0.000490685030527,8.08128463735e-05,-0.000136739672598,0.000515752123975
491,-0.0590551181102,0.196850393701,-0.218800527104,-23.602557394,7810.72633279,0.000492621306018,7.88420232797e-05,-0.000137001179526,0.000517359777109
492,-0.0590551181102,0.196850393701,-0.221289090724,36.0155315819,7170.9132344,0.000494258159522,7.67288436379e-05,-0.000137199202007,0.00051865408967
493,-0.0590551181102,0.196850393701,-0.223777654343,4.43129451733,6370.01479604,0.000495856303122,7.45276412885e-05,-0.000137593906799,0.000519961465736
494,-0.0590551181102,0.196850393701,-0.226266217963,410.301267113,5189.64439214,0.000497599029262,7.23140537427e-05,-0.000137890453273,0.000521390346473
495,-0.0590551181102,0.196850393701,-0.228754781582,160.666109051,3871.09333245,0.000499192176523,6.99859692284e-05,-0.000138246011977,0.000522688076024
496,-0.0590551181102,0.196850393701,-0.231243345202,354.603886672,2801.5340622,0.000500990374365,6.77205578476e-05,-0.000138392469723,0.000524146835188
497,-0.0590551181102,0.196850393701,-0.233731908821,259.626522713,2156.46609326,0.000502666284308,6.53741368791e-05,-0.000138649931548,0.000525519718632
498,-0.0566039012737,0.196850393701,-0.232467739202,110.558562297,2443.90674061,0.00050117287062,6.02440656649e-05,-0.000136558348366,0.000522926167066
499,-0.054236035383,0.196850393701,-0.227510499772,2.37345097943,4872.15535136,0.000495994488179,5.85641628207e-05,-0.000133973715571,0.000517096944426
500,-0.0547693284108,0.196850393701,-0.221600214301,-84.0761927327,6686.49767591,0.000491325348694,6.48345799945e-05,-0.000133581050755,0.000513271875474
501,-0.053499786633,0.196850393701,-0.217055076232,341.692826658,8140.20937687,0.000486504819836,6.48488475685e-05,-0.000131500205189,0.000508118703375
502,-0.055513899851,0.196850393701,-0.212648025042,-107.303617128,8757.92700932,0.000484120301083,7.34002188469e-05,-0.000132943920782,0.000507379684379
503,-0.0556612117422,0.196850393701,-0.20784275772,-177.44065945,8695.07127592,0.000479064609068,7.70087464802e-05,-0.000132427309543,0.000502961468712
504,-0.0543328896179,0.196850393701,-0.2031338815,-311.571395563,8370.95278275,0.000471959162576,7.6086770955e-05,-0.000130260318933,0.000495481986093
505,-0.0554674664164,0.196850393701,-0.197905531758,287.806347149,7541.17080839,0.000465317955694,8.16332876851e-05,-0.000130873542866,0.000490216970098
506,-0.053843738942,0.196850393701,-0.19296900066,159.242375446,5551.85414141,0.000456774929132,7.98881043909e-05,-0.000128512920189,0.000481187090187
507,-0.0549498191969,0.196850393701,-0.185868725218,397.140634568,2900.392435,0.000446477731241,8.57802630384e-05,-0.000129517489144,0.00047273184578
508,-0.0451460728001,0.196850393701,-0.220438919349,255.731312662,5425.79734931,0.000483688178039,4.24872628762e-05,-0.000123310179218,0.000500963892292
509,-0.0495326039467,0.196850393701,-0.208649266554,760.893531761,7705.55798951,0.000474241691215,6.06562806392e-05,-0.000125916274495,0.000494408003829
510,-0.0489325210705,0.196850393701,-0.198794287435,496.468494842,6225.75168964,0.000461381098688,6.5069773725e-05,-0.000123619060985,0.000482066661281
511,-0.0461894861677,0.196850393701,-0.189690183444,273.159903647,4201.11531406,0.000448485561035,6.41146348578e-05,-0.000119867522681,0.000468634407458
512,-0.0342289413323,0.196850393701,-0.200417860695,15.9243375995,3994.75856988,0.000456189091511,3.30885960475e-05,-0.000109153868801,0.00047023176145
513,-0.0578107376403,0.196850393701,-0.18259796017,-133.496450392,1434.4707733,0.000442196475186,9.40044246619e-05,-0.000133440878059,0.000471360819818
514,-0.0171061559662,0.196850393701,-0.205666870282,292.718304669,2544.61562917,0.000456948504563,-3.5816392917e-06,-9.26413329693e-05,0.000466258705588
515,-0.0172851393749,0.196850393701,-0.19148819882,288.781329988,2155.23761064,0.000442066044794,5.88307723954e-06,-9.18880404446e-05,0.000451553330775
516,-0.0590551181102,0.194350393701,-0.236220472441,43.1394815561,889.206419279,0.000498310977789,6.30378959527e-05,-0.000136512236619,0.000520502831556
517,-0.0590551181102,0.191850393701,-0.236220472441,373.500891121,1303.6990596,0.000491936649255,6.29374975322e-05,-0.000134356631959,0.000513823413273
518,-0.0590551181102,0.189350393701,-0.236220472441,603.447938743,1487.60033674,0.000485192308458,6.27665984125e-05,-0.000132154786987,0.000506770273187
519,-0.054708367339,0.185488786558,-0.234771555517,893.581744233,1797.20670513,0.000472774913767,5.23040706924e-05,-0.000124838333497,0.000491768689943
520,-0.0544623248425,0.190600393701,-0.234689541352,485.636075882,2089.19158415,0.000486676946666,5.21646012874e-05,-0.000129179359562,0.000506224162778
521,-0.0569061560893,0.194558727034,-0.235504151767,223.262582829,1617.84962165,0.000498083647767,5.81526690993e-05,-0.000134902913503,0.000519295531627
522,-0.0458107627434,0.187861288323,-0.231805687319,474.662060482,3108.92615313,0.000474774481363,3.39256064252e-05,-0.000117996497064,0.000490392626621
523,-0.0495578024731,0.176641222042,-0.233054700562,1011.97393882,1792.08895859,0.000447867997302,4.11855835416e-05,-0.000112571222088,0.000463631615985
524,-0.0285615892411,0.180736540235,-0.226055962818,402.156734184,2603.52699508,0.000447851142232,3.26150270333e-06,-9.46037050985e-05,0.000457745719824
525,-0.0421157398124,0.162102064238,-0.230574013008,653.937496583,1288.94715568,0.000411084058788,2.66793802732e-05,-9.48481298506e-05,0.000422726933679
526,-0.0180256412338,0.157703530159,-0.222543980149,407.120356156,2067.53576155,0.000392883295622,-1.32584960566e-05,-6.96288486137e-05,0.000399225811109
527,0.0105190662736,0.157955471372,-0.213029077646,395.701325595,2123.11498391,0.000382424340439,-5.60004665835e-05,-4.38933336101e-05,0.00038898721464
528,-0.00459925461304,0.17521411515,-0.218068517942,197.63965032,2296.78884126,0.00042404187551,-3.45940009042e-05,-6.76216805446e-05,0.000430791073218
529,0.0331435822873,0.134410270815,-0.205487572308,287.049201592,2003.99773343,0.000330356084681,-8.59876853648e-05,-1.30465601328e-05,0.000341612700952
530,-0.0384391697057,0.137111555587,-0.229348489639,826.316312842,1116.46655095,0.000357238150155,2.09628326896e-05,-7.51739317329e-05,0.000365663310017
531,-0.00596522628769,0.134425151112,-0.218523841833,451.192849586,1791.7963363,0.000341849852154,-3.01283259369e-05,-4.57846152002e-05,0.000346215638628
532,0.0353971972137,0.0906692913386,-0.0101643705633,1662.06642143,4976.27003285,3.84497603381e-06,0,4.06068767572e-06,5.59222899212e-06
533,0.0319286984253,0.0906692913386,-0.0209775025162,2160.52616388,4694.68264744,8.48001765728e-06,0,7.06842188859e-06,1.103962352e-05
534,0.0251149456607,0.0906692913386,-0.0284460605113,2603.75747423,4730.19627672,1.34118010507e-05,0,7.39030028923e-06,1.53131625012e-05
535,0.017973098122,0.0906692913386,-0.0339274054348,2784.02419201,4672.13384802,1.85846087278e-05,0,5.6272367084e-06,1.94178648296e-05
536,0.00947431816173,0.0906692913386,-0.0377695540003,2422.40751134,3853.20025576,2.30747897892e-05,0,2.37606041095e-06,2.31968012211e-05
537,2.94745649289e-05,0.0906692913386,-0.0388236310527,2092.60875491,3144.90921929,2.59784117981e-05,0,-2.73584328012e-06,2.61220733864e-05
538,-0.00941882320119,0.0906692913386,-0.0378632492825,1805.15854634,2687.25496729,2.72418231802e-05,0,-9.23942135944e-06,2.87660187937e-05
539,-0.0182448380471,0.0906692913386,-0.0345426002815,1479.0520862,2063.40924332,2.6156795772e-05,0,-1.6072999981e-05,3.07004770883e-05
540,-0.0262064239256,0.0906692913386,-0.0290874349597,1341.66679328,1732.63456746,2.30250197628e-05,0,-2.27834401307e-05,3.2391923056e-05
541,-0.0324364034046,0.0906692913386,-0.0208511209868,939.179206864,1136.39200841,1.70377908413e-05,0,-2.82695318594e-05,3.30068591099e-05
542,-0.0355506155748,0.0906692913386,-0.0101512250615,453.309442364,492.422447116,8.50826559397e-06,0,-3.11096473955e-05,3.22521432542e-05
543,0.0505011901856,0.0906692913386,-0.049221534707,324.116674845,1650.18863235,2.9818418367e-05,0,1.75078332679e-05,3.4578350158e-05
544,0.0450515082536,0.0906692913386,-0.019966654772,590.02984898,3935.80326975,9.78833262716e-06,0,8.4291443345e-06,1.29175047835e-05
545,0.0270142187865,0.0906692913386,-0.0383079770175,1546.37135583,3604.42992847,2.11826095153e-05,0,7.54172148679e-06,2.24851174972e-05
546,0.0191050918986,0.0906692913386,-0.0470735784592,1421.61441351,2928.07999106,2.89052830946e-05,0,4.50784517671e-06,2.9254675847e-05
547,0.00644518635708,0.0906692913386,-0.0491654090971,1198.14491357,2718.47254976,3.24217856389e-05,0,-1.04216950047e-06,3.24385311209e-05
548,-0.00606313083916,0.0906692913386,-0.0492784469759,933.490924268,2240.87803018,3.47901230584e-05,0,-8.50496126602e-06,3.58146203185e-05
549,-0.0182378770086,0.0906692913386,-0.0476389032444,719.98881189,1553.67260004,3.54632747967e-05,0,-1.74275113614e-05,3.95140735885e-05
550,-0.0300713594056,0.0906692913386,-0.0423499386728,688.899285231,1172.15664334,3.26589911996e-05,0,-2.70164277652e-05,4.23851044044e-05
551,-0.0397218705967,0.0906692913386,-0.0323410096134,703.515466248,952.874342099,2.56539087841e-05,0,-3.49887782548e-05,4.33859152222e-05
552,-0.0455251255301,0.0906692913386,-0.0201253210828,449.003412807,516.114421823,1.63683356277e-05,0,-3.97212784302e-05,4.2961638369e-05
553,0.0345985108643,0.0906692913386,-0.048337936381,1030.20726799,2378.90341551,2.87505496625e-05,0,9.97468406357e-06,3.0431701038e-05
554,0.0379966567272,0.0906692913386,-0.0333772840078,860.256226821,3200.70375999,1.73850245063e-05,0,9.84931464483e-06,1.99811930589e-05
555,-0.0474879142199,0.0906692913386,-0.0494660618906,367.591500544,588.873876924,3.89295202599e-05,0,-4.20268282435e-05,5.72866637175e-05
556,-0.047508616798,0.0906692913386,-0.00950978656652,180.72946654,211.368412842,7.78507858026e-06,0,-4.14296359752e-05,4.21547409616e-05
557,-0.0555027089683,0.0906692913386,-0.0574712129053,89.8328129515,376.384312833,4.55081291209e-05,0,-4.88147800988e-05,6.67373401641e-05
558,0.0474733477604,0.0906692913386,-0.00937862603335,471.212184863,5132.84185112,6.37616320903e-06,0,4.62739359194e-06,7.87833921096e-06
559,0.0275388080042,0.0842652148184,-0.0106532059721,2204.02624865,5368.39762783,1.81721136965e-06,2.01492303523e-07,4.69753754319e-06,5.04080502301e-06
560,0.0243984698736,0.0841539656514,-0.0166310375985,2595.74461309,5173.57610547,4.52141030266e-06,2.18115524956e-07,6.63310947049e-06,8.03049604662e-06
561,0.0197476408292,0.0837390736553,-0.0219523899714,2773.82048513,5194.0512724,8.29702503047e-06,1.90410383579e-07,7.46372811642e-06,1.11617255775e-05
562,0.0137578394867,0.0835911868245,-0.0261265879218,3106.13448891,5164.67006081,1.25682331432e-05,1.51854479347e-07,6.61822870763e-06,1.42050869533e-05
563,0.00694787688751,0.083568720375,-0.0286984973567,3207.35658355,4925.13600755,1.66680154251e-05,3.7095273376e-08,4.03530950394e-06,1.71495725038e-05
564,-0.000221969010152,0.0836468327057,-0.0295267247343,2576.4154789,3844.86890013,1.9607706587e-05,-9.48510887737e-08,-1.47402167414e-07,1.9608490042e-05
565,-0.00726922825224,0.0838082296168,-0.0286187886605,2264.49841727,3337.8068113,2.07893861773e-05,-1.416450983e-07,-5.28054471976e-06,2.14500068415e-05
566,-0.0139124764001,0.0838452615208,-0.0260445722598,2022.39939489,2695.98247678,2.03874127185e-05,-1.39967756828e-07,-1.08905377856e-05,2.3114281334e-05
567,-0.0199487080489,0.0838670412752,-0.0217698367232,1515.61530234,1932.94919311,1.79259032699e-05,-1.02249354224e-07,-1.64263340782e-05,2.43140476725e-05
568,-0.0250454852665,0.084168346772,-0.0156397062486,978.755224244,1239.70479157,1.33351422446e-05,-1.14145638526e-07,-2.13549476182e-05,2.51768313273e-05
569,-0.0284516949263,0.085577966762,-0.00789796173695,547.234297602,625.077283155,6.88691092569e-06,-9.26744459018e-08,-2.48094752351e-05,2.57477803334e-05
570,0.0274394175241,0.00609101498526,-0.0109066543777,1664.658547,5307.03257714,2.26428154319e-06,1.52070030212e-07,5.69657426579e-06,6.13196987653e-06
571,0.0242136626441,0.00608871657211,-0.0168989729018,1619.92549321,4682.46056031,5.29721863647e-06,1.270536668e-07,7.59011010437e-06,9.25669699802e-06
572,0.0196123461879,0.00658017081108,-0.0220733463884,1282.91793468,3745.70400556,8.85914466673e-06,2.33603423355e-07,7.87142144538e-06,1.18531974739e-05
573,0.0136636569913,0.00680221608868,-0.0261759664846,1519.62357155,3327.57220179,1.2614282407e-05,1.99746824296e-07,6.58456023398e-06,1.42308275554e-05
574,0.00690333177664,0.00688266520671,-0.0287092450991,1955.09112374,3342.82310816,1.58516073186e-05,1.60104841885e-07,3.81162598096e-06,1.63042197226e-05
575,-0.000209053095662,0.00680082865025,-0.0295268190054,2375.09383475,3474.86666896,1.82263365609e-05,7.22037297789e-08,-1.29044448708e-07,1.82269363932e-05
576,-0.00726284883947,0.00665782103769,-0.028620408287,2831.29727106,3799.11930618,1.96426034919e-05,6.61916515495e-08,-4.98459905062e-06,2.02653023903e-05
577,-0.013794634365,0.00643978606259,-0.026107179214,2696.88605066,3835.47371962,1.95263575402e-05,2.73988134541e-08,-1.03174288015e-05,2.2084581195e-05
578,-0.0195024372887,0.00649590623234,-0.022170513832,2908.17382011,3390.36047583,1.79025318907e-05,3.44545736783e-10,-1.57480790997e-05,2.38432934711e-05
579,-0.0242111799,0.0065291327197,-0.0169025297404,1762.53931005,2143.74662847,1.44483283099e-05,-3.02792997784e-08,-2.06957823019e-05,2.52402558004e-05
580,-0.0274928062817,0.00657246447359,-0.0107713669762,936.810388077,1126.83590071,9.48211893441e-06,4.1185927363e-09,-2.42021332641e-05,2.59933424357e-05
581,0.0263735572977,0.0777888533376,-0.0132782611528,2470.47253999,5246.03997915,2.82575030197e-06,4.66056445026e-07,5.61256343014e-06,6.30102703028e-06
582,0.0229529701556,0.076184549895,-0.0185751959563,2826.23595924,5468.89838094,5.83413716668e-06,4.51603727928e-07,7.20911782489e-06,9.28506770141e-06
583,0.0172427642595,0.07571814389,-0.0239700610026,2902.51622691,5064.43743509,1.01690702426e-05,3.48462136523e-07,7.31507862693e-06,1.25316316088e-05
584,0.0104742729458,0.0757532808139,-0.0276073604322,3052.61766411,4991.32047047,1.46402218904e-05,1.74757862548e-07,5.55452160825e-06,1.56594810772e-05
585,0.00314295967575,0.0760151350716,-0.0293598117885,2967.12125882,4589.82182028,1.83541312627e-05,3.51863874899e-09,1.96480464036e-06,1.8458997916e-05
586,-0.00404981788023,0.0764670726834,-0.029248516525,2600.05232843,3664.17364905,2.05018533084e-05,-1.38274801731e-07,-2.83873447172e-06,2.06979110637e-05
587,-0.0107240383867,0.0769426216869,-0.0275113021222,2255.65123392,3172.37613753,2.08977549225e-05,-1.98439852146e-07,-8.14604575925e-06,2.24301939512e-05
588,-0.0171550896474,0.0765486660742,-0.0240328866965,1778.5170851,2348.28091929,1.94209328917e-05,-2.08473531549e-07,-1.38629973582e-05,2.38620785212e-05
589,-0.0230560755657,0.0765466164118,-0.0184470627279,1230.69513368,1509.84944464,1.56037024771e-05,-2.02638300273e-07,-1.95022995651e-05,2.49771151577e-05
590,-0.0278859288956,0.0770175851948,-0.00970833216398,590.296669321,664.731720811,8.47961301133e-06,-1.75646238431e-07,-2.43565919854e-05,2.57910500284e-05
591,0.0261112565721,0.0115853880077,-0.0137869149559,1428.40455337,5041.85135145,3.62177986659e-06,3.10937714242e-07,6.85934601522e-06,7.76302772252e-06
592,0.0226117532157,0.0133323379411,-0.0189890852937,1497.25856289,4414.61462481,6.69715327395e-06,3.94034173975e-07,7.97481156864e-06,1.04213600101e-05
593,0.0169742861306,0.0141049436953,-0.0241609261853,1616.16315632,3580.75459157,1.05990273581e-05,3.71993025777e-07,7.44635870739e-06,1.29586271552e-05
594,0.0102514921057,0.0143372106645,-0.027690858661,1907.5895022,3404.74501155,1.44433207056e-05,2.80978479812e-07,5.34709269965e-06,1.54038911399e-05
595,0.00304945737775,0.0142325480325,-0.0293696706396,1996.70033144,3382.92359099,1.73770167384e-05,2.20085312427e-07,1.80425829579e-06,1.74718200617e-05
596,-0.00401731774936,0.0137928405974,-0.029252998169,2507.21079544,3631.58713149,1.90930134577e-05,1.32929890683e-07,-2.62204582959e-06,1.92726738566e-05
597,-0.0110284925112,0.013740388501,-0.0273906753606,2614.06089186,3790.6949082,1.97927550047e-05,1.01248134206e-07,-7.9692905513e-06,2.13371271204e-05
598,-0.0165565097458,0.0123140073044,-0.0244491048673,2714.99901004,3523.16301101,1.91080319704e-05,1.09978388917e-08,-1.29396278209e-05,2.30770659937e-05
599,-0.0219902463009,0.0141216749402,-0.0197054766855,2064.32356722,2756.607972,1.64586067616e-05,3.9452069725e-08,-1.83668999826e-05,2.46623256805e-05
600,-0.0261085154891,0.0130754286443,-0.013792105087,1424.76289731,1632.49226212,1.20199507876e-05,4.24896074373e-09,-2.27538188588e-05,2.57335482911e-05
601,0.0286833044301,0.0766446604018,-0.00701033456742,2022.0293078,5289.91833844,7.7964438624e-07,5.38083375682e-07,3.18997274831e-06,3.32765761808e-06
602,0.0285249827408,0.0129630048508,-0.00762903030617,1954.79622605,5996.61064562,1.09440564427e-06,5.85736402519e-07,4.0919881371e-06,4.2761171361e-06
603,-0.0286108638626,0.014107274184,-0.0073003570333,783.553987905,772.48158988,6.49440887094e-06,-1.2191069255e-08,-2.54522678028e-05,2.62677641133e-05
604,0.0268289257894,0.0669482606005,-0.0123322943835,1687.16306258,4788.2539468,2.46635038941e-06,8.30689866989e-07,5.36554387273e-06,5.9633875397e-06
605,0.0207594276817,0.0681690677877,-0.0209981643509,2559.52636354,5207.51751513,7.68114563255e-06,6.65538218785e-07,7.593815497e-06,1.08216899397e-05
606,0.0140381298568,0.0663785181176,-0.0259770601474,2663.77748538,4760.09179074,1.25634062073e-05,4.04377454699e-07,6.7893227058e-06,1.4286273113e-05
607,0.00660346202153,0.0680403892112,-0.0287796982803,3081.37640495,4583.15166373,1.6737729533e-05,1.90878500677e-07,3.84044892413e-06,1.71737320481e-05
608,-0.0012755184615,0.0674906627927,-0.0294999965497,2756.3596102,4155.09509749,1.97414007477e-05,-9.05887024361e-08,-8.53577086598e-07,1.97600532296e-05
609,-0.00767349591354,0.0706601606135,-0.0285130532255,2592.35513466,3677.08161452,2.08644764978e-05,-1.97307112565e-07,-5.61509403702e-06,2.16077437662e-05
610,-0.0135896917859,0.0700841334345,-0.0262144429836,2224.79374215,2753.76983853,2.05425464219e-05,-2.2899375777e-07,-1.06493514556e-05,2.31399511249e-05
611,-0.0199723097152,0.0680063221159,-0.0217481858649,1632.29703733,2095.90615294,1.80431436009e-05,-2.66594273529e-07,-1.65698074043e-05,2.44986656968e-05
612,-0.0261575460233,0.0690837019962,-0.0136988879044,1035.24884548,1215.51209274,1.18586829594e-05,-2.40838044447e-07,-2.26437383725e-05,2.55621840221e-05
613,0.0262802750326,0.0196082874732,-0.0134619422071,1346.91433425,4996.80422587,3.31250145107e-06,5.92334984701e-07,6.46663338377e-06,7.28977872898e-06
614,0.0203150487223,0.0225338030121,-0.0214283816278,1255.52975624,3993.86715267,8.25466691621e-06,6.42068877839e-07,7.8257874393e-06,1.13927488951e-05
615,0.0136753491643,0.0214346879892,-0.0261698599349,1864.33608409,3612.48452446,1.26547307049e-05,5.02951577208e-07,6.61286758759e-06,1.42872386147e-05
616,0.0061399476069,0.0229161611977,-0.0288821361253,2235.28947123,3873.90204172,1.63727060953e-05,4.46515079123e-07,3.48061366279e-06,1.67445379772e-05
617,-0.00116969544388,0.0209347283506,-0.0295043819855,2245.07320189,3601.52979539,1.86796956321e-05,2.671875979e-07,-7.40552873964e-07,1.86962786853e-05
618,-0.0073004307491,0.0207330014921,-0.0286108450531,2592.40119693,3616.97096964,1.98607539366e-05,1.58659552405e-07,-5.06773073181e-06,2.04977221796e-05
619,-0.0162014665958,0.0225048745117,-0.0246858101735,2284.10571804,2999.93821638,1.9334213504e-05,1.19793615857e-07,-1.26891769822e-05,2.31266377758e-05
620,-0.0263806721493,0.0241713140009,-0.0132641200511,1169.64295383,1429.97862182,1.16703313912e-05,2.08246645873e-08,-2.32108248475e-05,2.59795969666e-05
621,0.0213446263966,0.0531430971319,-0.0204030308475,1653.92633759,4087.75477301,7.19995557803e-06,9.39468770724e-07,7.53223131471e-06,1.04621446403e-05
622,0.00604808809769,0.0545643492605,-0.0289015116238,2105.3641153,3579.12314622,1.68055091529e-05,3.57096535845e-07,3.51680830714e-06,1.71732523563e-05
623,-0.0116403145452,0.057781896891,-0.0271363192247,2145.48028716,2918.01335964,2.08092788465e-05,-1.638692426e-07,-8.92628617679e-06,2.2643575781e-05
624,-0.0252418574006,0.0572889420229,-0.0153207499407,1056.20835905,1248.6945026,1.33449982327e-05,-2.68050741142e-07,-2.19866874806e-05,2.57211052524e-05
625,0.0255276986909,0.033578516115,-0.0148395870334,684.634145017,4419.53809776,3.40733329109e-06,1.03055771416e-06,5.86144187432e-06,6.85773068915e-06
626,0.0137055233777,0.0345703905601,-0.0261540699074,1499.8911652,3575.1776457,1.25983207901e-05,6.6116419392e-07,6.60189927798e-06,1.42386761638e-05
627,-0.00424780952626,0.0341974293641,-0.0292204185118,2206.87509875,3343.45630493,1.9790746282e-05,2.85637582541e-07,-2.87700563233e-06,2.00008096995e-05
628,-0.0211879707348,0.0397698106922,-0.0205656665323,1767.90355739,2177.8713184,1.72638376952e-05,-1.01166307557e-07,-1.77862298465e-05,2.47870994418e-05
629,0.0290693953921,0.005950561626,-0.00518140862283,1930.95058956,6008.23801227,5.13983843211e-07,3.23841144159e-07,2.88361266698e-06,2.94690931162e-06
630,-0.0290891863508,0.00620828216362,-0.0050691203599,676.558981033,785.713159417,4.51239185599e-06,2.83960459755e-08,-2.58943360687e-05,2.62845796435e-05
631,0.0291000862227,0.0845037800542,-0.00500616875537,2294.5809777,5349.15484732,4.02692844752e-07,2.11276417912e-07,2.340784856e-06,2.38454880304e-06
632,0.0409165284617,0.0184036083949,0,1501.3311713,5761.89796402,3.27836159622e-06,6.67099391271e-07,0,3.34554574821e-06
633,0.0437439025499,0.0358495754894,0,698.861788187,5704.99118972,3.96098675577e-06,1.14793806844e-06,0,4.12397598057e-06
634,0.0438666709498,0.0566995985063,0,702.826331122,5320.75643224,4.53183126594e-06,1.17330762998e-06,0,4.68125468411e-06
635,0.0470337730744,0.00974457301559,0,375.309965432,6289.93370712,4.63369836885e-06,4.46717717359e-07,0,4.65518176793e-06
636,0.0371409756207,0.00767166804613,0,1673.43330339,6014.56998045,2.35116564685e-06,3.3391242467e-07,0,2.37475838903e-06
637,0.0422907688183,0.0768717159679,0,1080.40030342,5334.43909184,4.04937403954e-06,4.85505105044e-07,0,4.07837532838e-06
638,0.0342643420622,0.0853198971913,0,1946.35966588,5111.62059864,1.37799312411e-06,2.09490553101e-07,0,1.39382615198e-06
639,0.0590551181102,0.0787224066021,-0.0586151735496,101.356977025,1872.3207956,3.82286550377e-05,9.69664081988e-07,2.59865149182e-05,4.62349356225e-05
640,0.0590551181102,0.0683145257013,-0.0647229128162,154.483274134,2491.14920816,4.54631634916e-05,-2.51703801424e-07,3.0712190568e-05,5.48653008645e-05
641,0.0590551181102,0.066861491707,-0.0710460334161,361.326010871,2563.48758827,5.23501787537e-05,-2.11139349218e-06,3.27676630583e-05,6.1795784163e-05
642,0.0590551181102,0.0639376662126,-0.0784740951476,554.619936265,2461.01115046,6.12917942922e-05,-5.48228569884e-06,3.57131854412e-05,7.11489361719e-05
643,0.0590551181102,0.05583344428,-0.0651833097543,59.6275469623,2662.78592423,4.66300200765e-05,-1.12910159848e-06,3.42146601683e-05,5.78470104084e-05
644,0.0590551181102,0.0576633811624,-0.0908287821581,356.604356158,2325.45607182,7.5427872196e-05,-1.25739606494e-05,3.97565108957e-05,8.61861273584e-05
645,0.0590551181102,0.0505166206352,-0.140159689561,875.037221045,3856.62788665,0.00013395660447,-5.12292443226e-05,4.84457269821e-05,0.000151379641359
646,0.0590551181102,0.0615950023384,-0.15305600666,776.45374845,4162.95879435,0.000158968010188,-6.66313418184e-05,4.47355065504e-05,0.000178078155656
647,0.0590551181102,0.0706595518864,-0.167435200211,511.006570212,4665.65180655,0.00018755701274,-8.44057581568e-05,4.04780833891e-05,0.000209619751629
648,0.0590551181102,0.0676075761297,-0.0442521347861,-73.0107618063,3235.30202105,2.76987102537e-05,1.49309668013e-06,2.47042661909e-05,3.7144968104e-05
649,0.0590551181102,0.0599938050194,-0.104663584641,722.847329199,2675.99192603,9.24129984161e-05,-2.17407298435e-05,4.14144470216e-05,0.000103575952964
650,0.0590551181102,0.0449914083325,-0.103156947858,509.683752033,3119.05026011,8.65902103673e-05,-1.97765314496e-05,4.42115002799e-05,9.92150819414e-05
651,0.0590551181102,0.0551198726378,-0.118415586594,867.157200896,2996.30751813,0.000108787519614,-3.14821916452e-05,4.4391934257e-05,0.00012164085104
652,0.0590551181102,0.0705854967618,-0.0176519386841,229.768716953,4948.74484768,1.11180442517e-05,1.03295263113e-06,1.13191181297e-05,1.5899696046e-05
653,0.0590551181102,0.0509888156592,-0.07682314851,110.17958992,2716.97542597,5.8912852518e-05,-5.47517620363e-06,3.8080146732e-05,7.03619166979e-05
654,0.0590551181102,0.0379828286286,-0.0659529800981,-95.1851781671,3116.53433967,4.70542045521e-05,-1.41489337275e-06,3.66250655626e-05,5.96447442509e-05
655,0.0590551181102,0.0332489042913,-0.121123861783,755.733130926,3703.6909756,0.000101332429742,-3.429750118e-05,5.02847670107e-05,0.000118208027214
656,0.0590551181102,0.0449320148555,-0.0486764124837,20.2123417989,4131.06986159,3.22076888864e-05,5.73211257835e-07,2.91688566279e-05,4.34567139983e-05
657,0.0590551181102,0.0395267580122,-0.0836765753919,281.209179785,2986.65686525,6.47126245451e-05,-8.51076822961e-06,4.17283798564e-05,7.74687978273e-05
658,0.0590551181102,0.0221793201765,-0.0420899506877,-109.467166834,4624.4245525,2.68258283608e-05,5.11986222676e-07,2.90884127358e-05,3.95730078794e-05
659,0.0590551181102,0.04113413816,-0.0240501661273,189.73809634,4969.36065641,1.46531284724e-05,1.3098392711e-06,1.65716082467e-05,2.21596040765e-05
660,0.0590551181102,0.0200307088462,-0.0690786500404,-554.254335327,2823.58090044,4.91466410738e-05,-1.28553467334e-06,4.11271734758e-05,6.40974985966e-05
661,0.0590551181102,0.024049453832,-0.0964522883517,-254.347537883,3349.67879842,7.52108614087e-05,-1.37975644522e-05,4.59131041775e-05,8.91911407812e-05
662,0.0590551181102,0.0171922093947,-0.0177575410904,117.661068792,6447.58820698,1.19124936823e-05,6.3357749626e-07,1.39103663105e-05,1.83250434396e-05
663,0.0590551181102,0.144031986597,-0.183542535076,286.88245333,1427.70178354,0.000329445249546,-0.000118991317838,5.352521665e-06,0.000350316650557
664,0.0590551181102,0.0864545461419,-0.0588053617744,407.601512154,1258.3789229,3.7336700865e-05,3.91209744847e-07,2.41825201646e-05,4.44856893625e-05
665,0.0401790464063,0.0714833877531,-0.195903412762,302.610237692,2350.74212983,0.000216699238387,-8.05377640903e-05,1.97495613531e-05,0.000232023568923
666,0.0363952825465,0.0458742956643,-0.182824469393,311.520471167,2619.51972899,0.000172837873764,-6.26752987317e-05,2.72229774428e-05,0.000185855358221
667,0.0292580502446,0.0204283175169,-0.158362825886,345.182751225,2294.58180761,0.000128374368512,-3.79768998361e-05,2.66793782136e-05,0.000136506456382
668,0.0336300329733,0.00388402392672,-0.120202283865,-29.2379919292,2792.37768816,8.70452471675e-05,-2.15943131904e-05,3.28820781322e-05,9.55218324725e-05
669,-0.00901438418063,0.076597595787,-0.214154268839,249.03980716,785.367627151,0.000238742817479,-1.75189610958e-05,-2.42433029602e-05,0.000240609194825
670,0.0230065696717,0.0870996920909,-0.206388964415,370.441920701,1727.01486073,0.000247944737348,-6.34342969713e-05,-1.69764453946e-06,0.000255936290526
671,-0.0327594103211,0.0143476769845,-0.169007317465,1432.32223669,1881.62152239,0.000134006124282,1.51030309534e-05,-4.39769865741e-05,0.000141843992602
672,-0.0345982205772,0.030330080888,-0.192266435203,1191.31033099,1536.79162668,0.000165504777262,2.06271706651e-05,-4.43790877039e-05,0.00017258857115
673,-0.0349054630336,0.0529230382962,-0.211484946286,506.283883784,965.957197409,0.000206012004371,2.15054663194e-05,-4.3992769245e-05,0.000211751729089
674,-0.0411058911994,0.0806746259375,-0.226120104335,515.441381089,713.431546453,0.000257181250703,2.73126881966e-05,-5.33060366243e-05,0.000264063841126
675,0.000529944539017,0.00454198074209,-0.133667204966,453.718240719,1108.12074655,9.79993590735e-05,-8.58895126212e-06,-5.00176159874e-06,9.8502091763e-05
676,-0.0306459238759,0.00412506768488,-0.142542043983,1963.20348682,2119.21676852,0.000106860119725,8.60581010824e-06,-4.11082876136e-05,0.00011481740489
677,0.0156522824168,0.0588199101326,-0.198134335278,332.097074732,1375.4208177,0.000201208967404,-4.60211905639e-05,1.48578045662e-06,0.00020641028581
678,0.00994137193441,0.0333613730605,-0.180639634876,476.0500957,1835.3616808,0.0001580651264,-3.0421764143e-05,2.55015633414e-06,0.000160986245421
679,-0.0059531527905,0.0153417406426,-0.16187573245,990.630645626,2145.21983385,0.000128107895971,-8.13238005668e-06,-1.30953875681e-05,0.000129032002972
680,-0.0144515825842,0.0265546877985,-0.181160290702,698.857720083,1315.35279876,0.000152699638599,-2.24404705783e-06,-2.34209054646e-05,0.000154501631669
681,-0.0106768192483,0.0451497629207,-0.197964192131,417.538388155,962.664259111,0.00018472528121,-9.60625243234e-06,-2.05482988809e-05,0.000186112713673
682,0.0435512012074,0.0924458831807,-0.200581419593,341.675953035,2339.64639484,0.000252546419499,-9.23852987833e-05,1.31287552197e-05,0.00026923428765
683,-0.0590551181102,0.193162034547,-0.1834367078,587.743034856,1408.75158183,0.00043520174956,9.62634462605e-05,-0.000133331887988,0.000465236075837
684,-0.0590551181102,0.190650153615,-0.183438467126,878.415084443,1739.12883193,0.0004294370583,9.6092807542e-05,-0.000131671684789,0.000459333699262
685,-0.0590551181102,0.194767164741,-0.232547487794,307.924912465,2382.12777463,0.000496450099637,6.63799493486e-05,-0.000136725859174,0.000519194529702
686,-0.0590551181102,0.194481576668,-0.230132706099,380.366254106,3330.46924298,0.000494035105041,6.85592662904e-05,-0.00013624431896,0.000517043105027
687,-0.0590551181102,0.194474114719,-0.227558384943,-263.014234365,4375.09286111,0.000492199218548,7.07976605809e-05,-0.000136043406994,0.00051553873576
688,-0.0590551181102,0.194475468407,-0.225037853174,-105.730690312,5689.93859365,0.000490514064298,7.30485600916e-05,-0.000135806820058,0.000514182488792
689,-0.0590551181102,0.194480432504,-0.222537878274,-330.66073445,6670.10105089,0.000488754735899,7.51552443425e-05,-0.000135465000439,0.000512718508501
690,-0.0590551181102,0.194482482174,-0.220045984402,-416.446441278,6920.26228938,0.000487041422139,7.72500621054e-05,-0.000135207690473,0.000511329676958
691,-0.0590551181102,0.194483127377,-0.217556536324,-467.913985032,7698.27646594,0.000485193902939,7.92247949322e-05,-0.000135119020796,0.000509849822362
692,-0.0590551181102,0.194483307787,-0.215067751024,-496.238251667,8107.26943696,0.000483050230992,8.100413489e-05,-0.000134974193683,0.000508052387546
693,-0.0590551181102,0.19448335482,-0.212579134089,-400.075251977,8181.6128059,0.000480663829688,8.27326390127e-05,-0.000134869636642,0.000506035794798
694,-0.0590551181102,0.194483366502,-0.210090558052,-269.398249828,8483.60772423,0.000478110689007,8.43988658846e-05,-0.000134769208924,0.000503860833147
695,-0.0590551181102,0.194483369299,-0.207601991614,-230.703150996,8572.17545301,0.000475257624387,8.58995130399e-05,-0.000134766540358,0.000501408572203
696,-0.0590551181102,0.194483369949,-0.20511342737,-350.069606753,8443.72300898,0.000472285237535,8.72448031973e-05,-0.000134717985959,0.000498812526927
697,-0.0590551181102,0.194483370096,-0.202624863614,-536.065737757,7910.36854857,0.000468942639783,8.85054042371e-05,-0.000134714941639,0.000495871476782
698,-0.0590551181102,0.194483370129,-0.200136299965,-202.937650366,7633.17793928,0.000465390931595,8.96260120366e-05,-0.000134630356137,0.000492693488934
699,-0.0590551181102,0.194483370136,-0.197647736339,201.160006341,7161.98473721,0.000461405344492,9.05795935759e-05,-0.000134693521997,0.000489123603566
700,-0.0590551181102,0.194483370138,-0.195159172719,-27.9450158829,6502.29864552,0.000457334835157,9.15764678215e-05,-0.000134507125757,0.000485421021162
701,-0.0590551181102,0.194477490235,-0.192663919046,347.420193442,5804.49161311,0.000453221640323,9.25727551478e-05,-0.00013443821334,0.00048171900882
702,-0.0590551181102,0.194482397104,-0.190140951419,483.968101316,4571.90030578,0.000449089914559,9.35107975791e-05,-0.000134187836826,0.000477946018055
703,-0.0590551181102,0.19450375185,-0.187557900111,614.985215173,3442.16049878,0.000444914480695,9.45543618354e-05,-0.000134227393883,0.000474242992297
704,-0.0590551181102,0.194837651801,-0.185125741504,285.05280998,2244.8961623,0.00044157359313,9.55693788878e-05,-0.000134266770723,0.000471326118576
705,-0.0590551181102,0.190640266554,-0.234242251825,422.498797479,1732.47860664,0.00048697640479,6.46651959834e-05,-0.00013324402022,0.000509000565146
706,-0.0590551181102,0.193123898089,-0.234240703201,211.286892545,1612.91619085,0.000493575366883,6.4766103316e-05,-0.000135437979372,0.00051590186779
707,-0.0590551181102,0.189026601079,-0.232542056671,607.424001743,2546.80740418,0.000481146039571,6.60337911307e-05,-0.000131752977266,0.000503210512593
708,-0.0590551181102,0.189367502379,-0.230077176273,538.936372344,3178.66923726,0.000480347793157,6.8213810829e-05,-0.000131839052821,0.000502761038891
709,-0.0590551181102,0.189445267253,-0.227552898891,217.677488535,4107.30436175,0.000478680569593,7.03040339334e-05,-0.000131836460664,0.000501456475932
710,-0.0590551181102,0.189469963043,-0.225036620285,247.107304806,4841.36828258,0.000477030702736,7.2556800367e-05,-0.000131666943963,0.000500158939503
711,-0.0590551181102,0.189478689751,-0.222537598541,-470.468171653,5499.41163798,0.000475041601562,7.44197664924e-05,-0.000131661108342,0.000498535327043
712,-0.0590551181102,0.189481322752,-0.220045921498,-137.670966267,6629.97410248,0.000473045667239,7.64038258894e-05,-0.000131476099592,0.00049688601577
713,-0.0590551181102,0.189482053397,-0.217556522412,405.238039659,7521.45631453,0.000470867882057,7.80680990207e-05,-0.000131435491925,0.00049506209608
714,-0.0590551181102,0.189482245214,-0.215067748005,1128.08440466,8075.14792702,0.000468591418174,7.99283302117e-05,-0.000131397027338,0.000493185192347
715,-0.0590551181102,0.189482293511,-0.212579133446,558.400999516,8601.04388583,0.000466041703138,8.14114678676e-05,-0.000131412642959,0.000491011180009
716,-0.0590551181102,0.189482305266,-0.210090557917,253.366780698,9153.46012399,0.000463390649392,8.3073262588e-05,-0.00013132018664,0.000488750501094
717,-0.0590551181102,0.189482308046,-0.207601991587,795.517362762,8033.27823885,0.000460924857414,8.45232146294e-05,-0.000131278745694,0.000486651833516
718,-0.0590551181102,0.189482308688,-0.205113427364,149.348810104,7633.27448083,0.000458080492511,8.60596126411e-05,-0.000131425486338,0.000484269194774
719,-0.0590551181102,0.189482308833,-0.202624863613,849.42577694,7486.60269091,0.000454889821397,8.75246265539e-05,-0.000131556228461,0.000481552023265
720,-0.0590551181102,0.189482308865,-0.200136299965,-15.3558131911,7332.5202951,0.000451516000612,8.86562365715e-05,-0.000131538685419,0.000478569799354
721,-0.0590551181102,0.189482308872,-0.197647736339,320.579853468,6966.4033686,0.000447957504409,8.97236671836e-05,-0.000131516341041,0.000475408045967
722,-0.0590551181102,0.189482308873,-0.195159172719,452.525539921,5791.96572016,0.000444043047837,9.05835277829e-05,-0.00013126837893,0.000471816692313
723,-0.0590551181102,0.189472563315,-0.192661889028,1317.37133269,5579.45539892,0.000440310142956,9.18106288482e-05,-0.000131286864507,0.000468549308346
724,-0.0590551181102,0.189460825727,-0.190141163566,1682.65223206,5275.02275254,0.000436458947085,9.28292117457e-05,-0.000131096786914,0.000465080683949
725,-0.0590551181102,0.189516343654,-0.1876204012,1216.34058684,4103.19099542,0.000432853080079,9.38944733889e-05,-0.000130990263465,0.000461883546134
726,-0.0590551181102,0.189018748556,-0.18520491824,801.671644747,2417.51766649,0.0004280309571,9.49871258947e-05,-0.000130658539574,0.000457498315063
727,-0.0590551181102,0.191985286511,-0.18589566377,397.948616215,2630.72953397,0.000436220501258,9.49978909109e-05,-0.000132615037934,0.000465724890124
728,-0.0590551181102,0.191940299388,-0.231800066023,267.071290289,2830.93718842,0.000488430269336,6.6848852212e-05,-0.00013428863154,0.000510946507579
729,-0.0590551181102,0.191960108629,-0.228904028792,-443.826639389,3907.45385673,0.000486443036835,6.94004337128e-05,-0.000134012848003,0.000509315905617
730,-0.0590551181102,0.191983035921,-0.226312676984,-660.16271489,4596.26235734,0.000484845827794,7.16468333953e-05,-0.000133823293581,0.000508052575399
731,-0.0590551181102,0.191994407294,-0.22379228469,-534.699716447,5325.65873996,0.000482993544509,7.37346963598e-05,-0.000133648853335,0.000506538829195
732,-0.0590551181102,0.191999597049,-0.221293440633,-597.762284085,6457.20640803,0.000481146037563,7.58423063052e-05,-0.000133437706533,0.000505033846799
733,-0.0590551181102,0.192001528045,-0.218801744652,-671.284101318,6862.0242218,0.00047923912142,7.77824345571e-05,-0.000133249770111,0.000503463746321
734,-0.0590551181102,0.192002154442,-0.216312287285,-919.692554284,7586.29803566,0.000477180063722,7.96027316298e-05,-0.000133219417357,0.000501781646992
735,-0.0590551181102,0.192002339786,-0.213823482439,-422.956838739,7858.47758931,0.000474888626574,8.12835031861e-05,-0.000133204485193,0.000499869633419
736,-0.0590551181102,0.192002391143,-0.211334856586,-749.233345812,7933.42210521,0.000472375306735,8.30293287477e-05,-0.000133131852683,0.000497751333543
737,-0.0590551181102,0.192002404685,-0.208846277493,-129.934348538,8074.96902558,0.000469742983404,8.44797348991e-05,-0.000133106751026,0.000495492384638
738,-0.0590551181102,0.192002408118,-0.206357710142,-1032.02416242,7666.86796039,0.000466976297231,8.58778640927e-05,-0.000133111964871,0.00049311323741
739,-0.0590551181102,0.19200240896,-0.203869145646,-174.374481701,7764.75664195,0.000463879352333,8.72725543973e-05,-0.000133161401257,0.000490441139237
740,-0.0590551181102,0.192002409162,-0.201380581825,-911.670507275,7283.86962004,0.000460480306943,8.86059043841e-05,-0.000133231579809,0.000487487203148
741,-0.0590551181102,0.192002409209,-0.19889201816,-232.111679289,7071.76923814,0.000456802767416,8.96527041224e-05,-0.000133199913563,0.000484198918471
742,-0.0590551181102,0.192002409219,-0.196403454531,129.583014011,6733.0983393,0.000452840575482,9.05734756482e-05,-0.000133137191878,0.000480617990878
743,-0.0590551181102,0.191996168915,-0.193908354667,-60.5613031234,5479.97914677,0.000448955870202,9.15922561545e-05,-0.000132925857586,0.000477095167017
744,-0.0590551181102,0.191984305596,-0.19138572633,351.991097418,5116.1251958,0.000444952795034,9.26628443087e-05,-0.000132787432511,0.000473499624875
745,-0.0590551181102,0.192016388279,-0.188798080254,388.417576366,3961.0168762,0.00044095898662,9.37133506572e-05,-0.000132625896752,0.000469911319784
746,-0.0590551181102,0.18854511951,-0.234572213365,506.674900484,1596.1298069,0.000481469120844,6.41808282109e-05,-0.000131427177929,0.000503194590725
747,-0.0590551181102,0.188534064672,-0.183149367322,864.129675977,1513.39610549,0.000424019826035,9.60479821708e-05,-0.000130405281736,0.000453898188203
748,-0.0590551181102,0.19516672273,-0.234543177929,231.547772129,1362.1927004,0.000499076392076,6.45570047482e-05,-0.00013719790923,0.000521601493755
749,-0.0590551181102,0.19516672273,-0.183149367322,100.340828064,1499.14006522,0.00043934617164,9.65344048403e-05,-0.00013439570772,0.0004694743402
750,-0.0441680013505,0.0338210051906,0,320.070917586,345.872706768,-3.28119967038e-07,-1.52861145626e-07,-3.94434821138e-05,3.94451430534e-05
751,-0.0439341842547,0.0555307948875,0,271.311681577,329.511678226,-2.87588639196e-07,-2.5884700214e-07,-3.90587352055e-05,3.90606516183e-05
752,-0.0422947125411,0.0136848207584,0,241.693849547,280.443789235,-2.28108387791e-07,-1.84229337306e-08,-3.77852488984e-05,3.7785941925e-05
753,-0.0342388374747,0.00528007780285,0,524.307709114,442.352762047,-3.14872504413e-08,-6.72434166727e-09,-3.06870598085e-05,3.06870766994e-05
754,-0.0420412131364,0.0767311430571,0,167.080800257,202.770636866,-2.33164186548e-07,-2.28368867225e-07,-3.70025197495e-05,3.70039590542e-05
755,-0.0342388374747,0.0853892135357,0,339.975858158,355.35666405,-1.00283509941e-07,-9.31369389742e-08,-3.0141608236e-05,3.01419189555e-05
756,0.0382894618271,0,-0.0105130311548,1296.1249243,5650.55217677,4.70912678846e-06,0,5.63323777035e-06,7.34229139214e-06
757,0.0300572761809,0,-0.0247063971869,989.11836371,4161.93598125,1.07326134585e-05,0,9.58042594204e-06,1.43865754397e-05
758,0.0189923341918,0,-0.0339040876661,1086.80773658,2712.12351699,1.76371581844e-05,0,7.81491375676e-06,1.9290988203e-05
759,0.00949595508104,0,-0.0358924373797,1317.05525386,2709.7760776,2.02997327447e-05,0,3.54546575761e-06,2.06070249417e-05
760,0.00199025398012,0,-0.0390759178679,1672.74445992,2735.56946302,2.37916854422e-05,0,-1.226674631e-06,2.38232874899e-05
761,-0.00704106326119,0,-0.0363653792098,2447.01669398,3452.38710178,2.38799885814e-05,0,-7.0449071253e-06,2.4897481219e-05
762,-0.0164665622976,0,-0.0363655394892,2552.87148237,3366.86746336,2.54246875618e-05,0,-1.50513830023e-05,2.95458773418e-05
763,-0.0304054973798,0,-0.0255060237299,1849.68341511,2267.49214336,1.97950456765e-05,0,-2.72468024024e-05,3.36783621112e-05
764,-0.038842842413,0,-0.00980152548844,652.91583573,645.848723872,7.96304402166e-06,0,-3.47198299013e-05,3.56212950139e-05
765,0.0343067187482,0,-0.0413655744562,-246.960005731,2891.46078081,2.27052765906e-05,0,1.5480923107e-05,2.74806944108e-05
766,0.0126197267176,0,-0.0495256176886,170.293631186,1262.09488051,2.99551862109e-05,0,4.5882506389e-06,3.0304541324e-05
767,-0.00649268042119,0,-0.0495175124664,1149.45434795,2003.12190772,3.23236474838e-05,0,-8.90739365514e-06,3.35284930825e-05
768,-0.0318030480952,0,-0.0472921709335,1657.52064697,2001.12951759,3.37530504561e-05,0,-3.07316285591e-05,4.56475783474e-05
769,0.033330971711,0,-0.0636908565534,-607.38062944,2046.71809981,4.07860803299e-05,0,2.01243153594e-05,4.5480681804e-05
770,-0.0361807727158,0,-0.089113416462,1858.53545542,1827.67916462,6.4969662091e-05,0,-4.04387380752e-05,7.65267830849e-05
771,0.00863471342519,0,-0.07109960511,-242.652045822,762.647329883,4.71075583341e-05,0,2.61738075961e-06,4.71802154959e-05
772,-0.0125765488554,0,-0.0712590704399,698.419580635,1556.2727423,4.88585202488e-05,0,-1.6354794869e-05,5.15231434999e-05
773,-0.00222696596757,0.0681355297565,-0.0695987045765,2148.87727257,3146.55242525,5.24657558726e-05,-4.1913182012e-07,-1.04122362421e-05,5.34906148247e-05
774,-0.000932861818001,0.0656804963946,-0.0738541036844,2300.01032275,3303.86913504,5.67932269457e-05,-6.1184899512e-07,-1.0197730388e-05,5.77047544935e-05
775,0.000361809710739,0.0665840655565,-0.0693076997995,1873.56187073,2850.2575059,5.19715033083e-05,-4.83859627994e-07,-8.67220069438e-06,5.26922986891e-05
776,0.0126458965242,0.0672452300787,-0.0701905488968,2160.84618562,3542.40596412,5.16163425078e-05,-8.78108308156e-07,-9.41929410649e-07,5.16324037702e-05
777,0.0133033581078,0.0655505359173,-0.0741814300418,2417.54061445,3684.6771415,5.59610640235e-05,-1.280659264e-06,-7.95190785529e-07,5.59813638917e-05
778,0.00366637925617,0.0654735341668,-0.0748207941651,2295.60380615,3402.01379077,5.73990907361e-05,-8.86764331789e-07,-7.14837136192e-06,5.78492971559e-05
779,-0.00447137467563,0.0579651966691,-0.0661372989416,1551.96624075,2275.97325727,4.92454185864e-05,-2.15095212668e-07,-1.15001380795e-05,5.05708482581e-05
780,1.28881738419e-05,0.0573538355529,-0.0735409930348,1598.76740309,2487.37985487,5.60436170174e-05,-6.06429608474e-07,-9.12621501408e-06,5.67850558312e-05
781,0.0112653840333,0.0878044217825,-0.0320961810648,2926.10544558,4497.63921002,1.8220945487e-05,1.53948620514e-08,4.45411777457e-06,1.87574586923e-05
782,0.0117986826226,0.0768073052168,-0.0349729768932,2818.55643402,4348.05144545,2.04348343534e-05,1.12189564727e-07,3.82682178749e-06,2.07903729294e-05
783,0.00463745743036,0.0840463638306,-0.0414906293154,1942.31505549,3275.08510625,2.70214189673e-05,-6.71466519781e-08,-8.60733122943e-07,2.70352076594e-05
784,0.011694890447,0.0837752223015,-0.0429786108434,1908.05105159,3475.84415372,2.67988331279e-05,-3.23698028802e-10,2.16507075854e-06,2.68861486366e-05
785,0.00198993110098,0.0775288790464,-0.0372930578887,2523.81608132,3688.7783488,2.44767390114e-05,-1.00676778872e-07,-1.33652044385e-06,2.45134080728e-05
786,0.0186148695648,0.0789845213294,-0.0342725366354,2702.7041535,4440.68679284,1.86592751509e-05,2.07713894783e-07,5.96158028988e-06,1.95895924861e-05
787,-0.0350085347891,0.0711623728275,-0.0665780976415,1285.48446255,1575.70648117,5.28631596696e-05,5.64312890099e-07,-3.45337595552e-05,6.31459630404e-05
788,-0.0406166687608,0.0684874132276,-0.05876358971,1058.29038119,1225.36265336,4.62327491798e-05,2.75100321391e-07,-3.86823954387e-05,6.02815933249e-05
789,-0.0389163121581,0.0657503381371,-0.0649925991893,1363.15350464,1412.26907736,5.15577484929e-05,6.92846319666e-07,-3.83101140743e-05,6.42366430168e-05
790,-0.000791405560449,0.0159714780748,-0.0460019409657,1027.44098141,2121.60494664,2.95008797226e-05,2.4917646361e-07,-4.36657350753e-06,2.98233290817e-05
791,0.00557030458003,0.0207809936255,-0.0370787233114,1634.14119872,2857.69809856,2.2117196962e-05,2.90234209433e-07,1.14344694075e-06,2.21486367133e-05
792,0.0105327442288,0.011987763457,-0.0442968159914,765.709720036,1859.66114716,2.6389010391e-05,2.03548521557e-07,3.4672288462e-06,2.66165921427e-05
793,0.00252514122985,0.0288269910961,-0.0463684238493,1173.97211558,2087.28489241,2.97659170242e-05,3.49191365837e-07,-2.39487404583e-06,2.98641452681e-05
794,0.00241238833405,0.00999972969294,-0.0609198436141,396.108018637,950.697430674,3.9858212987e-05,2.32978422836e-07,-2.96502743384e-06,3.99690231198e-05
795,0.00974517688155,0.0242065284401,-0.0581442415714,522.303573641,1398.14468834,3.79556030707e-05,1.97788204974e-07,1.49011695145e-06,3.7985357352e-05
796,0.00380401243456,0.0105502624065,-0.0380650945008,1702.21661198,2763.02958761,2.2910257492e-05,1.45364497769e-07,3.21954427874e-07,2.29129806844e-05
797,-0.0373768098652,0.0831584855914,-0.0249386616051,758.613196022,917.068927489,2.01066796113e-05,-9.39654203754e-08,-3.2780926655e-05,3.84561639644e-05
798,-0.00593735603616,0.0220426302403,-0.0548945702612,1158.86100769,1934.86416747,3.70097873812e-05,3.08387767789e-07,-9.61476402741e-06,3.82395495831e-05
799,-0.0396880619228,0.049477506429,-0.0187199898064,613.703872255,660.631044748,1.50708179872e-05,-1.32232964151e-07,-3.55964122643e-05,3.86555507845e-05
800,-0.0517481230199,0.192124649882,-0.185369297862,338.369211351,3009.55655058,0.000433988677696,7.81859215588e-05,-0.000123229318251,0.000457869714629
801,0.0126507654786,0.0792521461844,-0.173840194941,1214.86471109,3116.27843031,0.000203649877076,-3.34108068999e-05,-7.49479949843e-06,0.000206508417432
802,0.0213369466364,0.0872119292617,-0.176707550883,820.256939827,3136.0043924,0.000219254494145,-4.64005439964e-05,-3.00929464431e-06,0.000224130764377
803,-0.00383462733589,0.0721334517002,-0.172081544995,1687.24855008,2682.76133505,0.000190977318122,-1.29516683699e-05,-1.89631607782e-05,0.000192353017178
804,0.00915641244501,0.0684173554182,-0.165375754237,1747.2350635,3180.68893195,0.000178708128209,-2.54759113919e-05,-7.15043794096e-06,0.000180656430585
805,0.00836119893938,0.0899492949247,-0.186838880181,1014.87053313,2325.88439278,0.000233935983122,-3.38062995517e-05,-1.44954427697e-05,0.000236810109475
806,0.0198076888919,0.0690749362111,-0.182075247169,562.142434206,1961.83232118,0.000198543730518,-4.51468210347e-05,2.27085521267e-06,0.000203624667369
807,0.00388047518209,0.0693731382489,-0.185309633613,594.513315694,1264.58442604,0.000202124967186,-2.62780691164e-05,-1.16259661922e-05,0.000204157298097
808,0.0178196541965,0.076002471149,-0.163043648005,1599.07820523,3721.65084963,0.000185951680689,-3.42916592474e-05,-2.41873718972e-06,0.000189102606367
809,0.0290826335549,0.0796803385019,-0.169986471534,905.634782929,3592.77716224,0.000200073766561,-5.15694646641e-05,6.39515174539e-06,0.000206711924469
810,-0.0482748411596,0.169937103987,-0.20770560205,1173.40871494,1446.38039194,0.000406114610091,5.53720714896e-05,-0.000106029169127,0.000423364296482
811,-0.0419207774103,0.180855989456,-0.218226894736,625.976883176,3027.75748083,0.000442310154378,3.53794843066e-05,-0.000107936954584,0.000456662202005
812,-0.0521363206208,0.182087615132,-0.221101388335,1843.98505309,2651.79681222,0.000449767496804,5.62058218151e-05,-0.000119166175321,0.000468668830762
813,-0.0414314158261,0.188769906759,-0.189935624599,312.295907849,3025.8889797,0.000429239192933,5.30704546438e-05,-0.000110436583657,0.00044638436007
814,-0.0513553097844,0.190828040242,-0.192898914218,1054.92774265,4550.81249002,0.000440778896732,7.29386988404e-05,-0.00012236408021,0.000463226788645
815,-0.0559746511281,0.187087714672,-0.221828281879,1329.95280006,4053.96393945,0.000465504849298,6.59017156181e-05,-0.000126899193302,0.000486971463334
816,-0.0517323389649,0.187429055572,-0.226074770093,725.154651495,3622.57299538,0.000469017252963,5.20097649406e-05,-0.00012335502974,0.000487748564927
817,-0.0520078130066,0.181251481175,-0.212104037404,1564.84284297,3217.75073632,0.000438624114337,6.15005280347e-05,-0.000118130922385,0.000458397582291
818,0.0194483138621,0.0336955711246,-0.103540241718,224.737696909,1533.68518,8.1201293263e-05,-7.88491274348e-06,8.53024427916e-06,8.20279644025e-05
819,0.0242272429168,0.0500127449632,-0.0991818606853,934.849070834,2317.25854328,8.19932288518e-05,-8.5502569894e-06,9.23448578587e-06,8.29534339244e-05
820,0.0345114991069,0.0382221713662,-0.0947087854147,121.003061634,2076.24378144,7.4185486926e-05,-9.11945466866e-06,2.07108475751e-05,7.75602355024e-05
821,0.0444927103817,0.0350152403116,-0.107070438564,358.554531426,2761.88368199,8.70226002317e-05,-1.7489127405e-05,3.21364906028e-05,9.44010410787e-05
822,0.00107097288128,0.0192959848791,-0.0852428302169,-284.146996405,834.613840147,6.05596863245e-05,-3.98522641532e-07,-5.70550821418e-06,6.08291644855e-05
823,-0.00322670280002,0.0275540035218,-0.0995568856597,246.64024734,1062.67304578,7.61621621679e-05,-2.00623199898e-06,-1.09975075807e-05,7.6978211761e-05
824,0.0138130011037,0.0144422212616,-0.108678549528,92.0747008522,1388.73860898,7.99722214484e-05,-8.28223717675e-06,7.27786947158e-06,8.07286754511e-05
825,0.0246528368443,0.0412975028157,-0.083132751286,529.760747148,1865.33881121,6.27121624526e-05,-3.49445691279e-06,1.0909499321e-05,6.37498527373e-05
826,0.00542490556836,0.0400820560753,-0.123690269887,705.298190909,1383.33412238,0.000105691430329,-9.70748457338e-06,-4.42253875489e-06,0.000106228398043
827,0.0267887488008,0.0521613508463,-0.129140004516,1260.20032777,2583.13759934,0.000119025467787,-2.21102253809e-05,1.28261252009e-05,0.000121739202955
828,0.0240592937917,0.0604339316487,-0.115741088986,1870.18655112,3310.2826211,0.000106127236531,-1.52130716783e-05,7.0873671076e-06,0.000107446073247
829,0.0125966444612,0.0493880659342,-0.0921013355255,989.568392893,2156.90375811,7.39349800567e-05,-4.07148365978e-06,1.36151803501e-10,7.40470003119e-05
830,0.0426261797547,0.0783301815391,-0.0552116520703,554.109249406,1972.34254507,3.47947681295e-05,2.79392598214e-07,1.47816266844e-05,3.78054286689e-05
831,0.0366573855281,0.0722022950649,-0.0567051880062,855.930169516,2505.40693917,3.65496350103e-05,6.07596375892e-08,1.24968020207e-05,3.86270575098e-05
832,0.0404815748334,0.0709688887,-0.0418164953589,423.626606275,2625.26537964,2.42142998866e-05,7.85690455577e-07,1.27749716112e-05,2.73888577374e-05
833,0.034954983741,0.0796421021223,-0.0467053987086,868.740414507,2658.87707412,2.77714330314e-05,3.11988349943e-07,1.04602721302e-05,2.96777209769e-05
834,0.0458735488355,0.0870246216655,-0.0567518398166,690.825011346,1377.58402504,3.51930232373e-05,2.7633290566e-08,1.5628321454e-05,3.85070653211e-05
835,0.0388332009315,0.0870336443186,-0.0561945289373,861.032748179,1660.0068682,3.45787026668e-05,3.40253315065e-08,1.2072918988e-05,3.66257178596e-05
836,0.0420232862234,0.0843306332827,-0.0479342974722,598.520709686,2096.04495585,2.86753518583e-05,2.82437297251e-07,1.34017752929e-05,3.16538016046e-05
837,0.0353963151574,0.0795926898718,-0.0549807101488,933.937693808,2146.99239187,3.44014282352e-05,1.00067471193e-07,1.09842685514e-05,3.6112635375e-05
838,0.0468831881881,0.0555180720985,-0.0570278838277,215.812194805,2605.27301814,3.79480907135e-05,-6.71044645797e-08,2.17211331951e-05,4.37249324652e-05
839,0.0396650955081,0.0784569308162,-0.0587865300477,1154.1652131,2274.07762032,3.75013443629e-05,-5.83534367444e-08,1.33146782056e-05,3.97949103513e-05
840,0.0473013445735,0.0734458193183,-0.0630386695266,908.460818826,2404.51667297,4.23271006559e-05,-5.26606231116e-07,1.91095155362e-05,4.64438838609e-05
841,-0.0393994748592,0.00820800475776,-0.0167499370873,916.313489785,1031.43095971,1.34125511994e-05,2.07313676196e-08,-3.52473763825e-05,3.77130547863e-05
842,0.0516468249261,0.0772335231304,-0.0554145164788,330.759014218,1891.67676971,3.52680458155e-05,6.17398662265e-07,2.02241953801e-05,4.06599842047e-05
843,0.0426759086549,0.0727331638336,-0.0591482035816,671.575320904,2275.12687075,3.88213658024e-05,-9.4613467049e-08,1.61396974953e-05,4.20428023532e-05
844,-0.0351920463145,0.0338943749666,-0.0234530419111,1286.22396225,1393.39745789,1.8625654041e-05,-9.57431786804e-08,-3.17615450307e-05,3.68201018188e-05
845,-0.0306663569063,0.017624406144,-0.0261586327106,1939.34674634,2309.92408896,2.0314504647e-05,5.05558544679e-09,-2.7458698615e-05,3.41563940462e-05
846,-0.0394892580807,0.0203069224954,-0.0159214492887,882.03259976,902.673714568,1.28920111167e-05,-2.22895597505e-08,-3.53205695964e-05,3.75998282453e-05
847,0.0323246605694,0.0756125077605,-0.061676826328,1478.18545871,2909.00435561,4.05799297038e-05,-4.01519837665e-07,9.88044601699e-06,4.17673931009e-05
848,0.0415697060525,0.0700414925814,-0.063984900713,1153.97111571,2850.89047151,4.36907824563e-05,-7.20225764828e-07,1.62053595933e-05,4.66049018489e-05
849,0.038269944489,0.0636099800467,-0.0631247237325,879.650910954,2554.92001985,4.33814654687e-05,-6.93500676695e-07,1.54232543976e-05,4.60468160204e-05
850,0.0337940901518,0.0647048726678,-0.053979255259,764.430625745,2538.19541728,3.47040764897e-05,1.77603502532e-07,1.1706795476e-05,3.66258587384e-05
851,0.0470514073968,0.0658099725842,-0.0602699108422,333.773571642,2357.27428872,4.04731698544e-05,-1.73488076649e-07,2.04296793251e-05,4.53373948689e-05
852,-0.0421457029879,0.0386360883713,-0.0972429290414,1634.89643294,1671.2869061,7.86279077997e-05,4.10007922208e-06,-4.67519673146e-05,9.15691267971e-05
853,-0.0261269267648,0.0154495155439,-0.0960811674595,1211.09824768,1568.65963196,7.09175776732e-05,8.9792909292e-07,-3.14766024281e-05,7.75943657755e-05
854,-0.0451393425465,0.0243333950639,-0.119609646499,2553.85981324,2403.45457135,9.58318700296e-05,6.31695014656e-06,-5.22728034246e-05,0.000109343939706
855,-0.0239391922951,0.0249926634133,-0.114232078195,765.892589319,1077.84924339,8.99852796365e-05,9.97104793043e-07,-3.10385136087e-05,9.51931410148e-05
856,0.0309024509043,0.0549063682556,-0.0886911526322,1115.98344056,2392.67714718,7.1128030141e-05,-5.99811779126e-06,1.30390055977e-05,7.25616272954e-05
857,0.0455680266023,0.0650988668203,-0.100000008941,1011.86307007,2515.78565661,8.77067900234e-05,-1.43522003971e-05,2.4300561115e-05,9.21356822461e-05
858,0.04921599105,0.0619075000286,-0.0818013399839,812.691028556,2505.27109646,6.44723730039e-05,-6.41517347852e-06,2.69484465383e-05,7.01716474251e-05
859,0.0465161651373,0.0504868142307,-0.0814348310232,275.839711757,2348.38434309,6.28959106939e-05,-5.72309586015e-06,2.73728459684e-05,6.88325657277e-05
860,0.0366371646523,0.0591194704175,-0.0796685367823,1215.28120515,2662.81786891,6.12737416161e-05,-4.13763371256e-06,1.6535383851e-05,6.36003957809e-05
861,0.0183166638017,0.0611992627382,-0.0951599106193,1954.08886945,3284.2346891,8.00338355508e-05,-6.01786696682e-06,2.08455375558e-06,8.02868290578e-05
862,0.034847933799,0.0598076358438,-0.104075483978,1179.61068322,2647.29734988,9.10527676018e-05,-1.36130999674e-05,1.60325709277e-05,9.34503414078e-05
863,-0.0203460212797,0.0798774957657,-0.0497034601867,978.336317024,1631.50211126,3.7312399312e-05,-2.98168036481e-07,-1.97228117649e-05,4.22053711097e-05
864,-0.0243954900652,0.0809954926372,-0.041513569653,995.358823009,1529.65395977,3.16685729707e-05,-2.1657080688e-07,-2.22350305756e-05,3.86955036356e-05
865,-0.0287768132985,0.075184315443,-0.0457954891026,994.742458211,1370.55986165,3.51925513693e-05,-2.80247111598e-07,-2.66632833979e-05,4.41534244638e-05
866,-0.022805063054,0.0748861134052,-0.0474853180349,1155.07585589,1683.63816576,3.59208930034e-05,-3.18280919699e-07,-2.1827240049e-05,4.20337990796e-05
867,-0.0158219132572,0.0815497338772,-0.0388931035995,1339.29200636,1957.55254213,2.89111410808e-05,-1.99931234036e-07,-1.46103683054e-05,3.23937789261e-05
868,-0.0199300590903,0.0733874440193,-0.0408559888601,1427.94902647,1921.02502741,3.07639373326e-05,-2.99888348586e-07,-1.86289073182e-05,3.59658999762e-05
869,-0.0267726350576,0.0839995592833,-0.0510330758989,660.798524594,1252.45775425,3.89825704262e-05,-1.87516427347e-07,-2.48482653531e-05,4.62289114137e-05
870,-0.0240852478892,0.0800529122353,-0.0580897033215,663.623778269,1496.41531261,4.42974088023e-05,-1.88176094859e-07,-2.35195485436e-05,5.0154411576e-05
871,-0.025394840166,0.0765410736203,-0.0537252873182,902.822673826,1546.80850304,4.10366092729e-05,-2.57573270361e-07,-2.45135546058e-05,4.78015062945e-05
872,-0.0430456772447,0.0221021119505,-0.0355430133641,1310.62144999,1475.38907031,2.69326011785e-05,1.49587961249e-07,-3.95424779853e-05,4.78434420586e-05
873,-0.0407562144101,0.0389172062278,-0.0487221963704,1422.81408397,1499.39887584,3.69523750518e-05,3.96439391752e-07,-3.89539600468e-05,5.36940051541e-05
874,-0.0193872340024,0.0245895013213,-0.0431418083608,1813.64554293,2390.07451003,3.06641695277e-05,9.08400680739e-08,-1.91043818851e-05,3.6128616801e-05
875,0.0194292869419,0.0836496949196,-0.040299423039,1947.59297163,3680.37575466,2.34390665856e-05,7.38839503776e-08,5.34808910766e-06,2.40415756211e-05
876,0.0259974766523,0.0815075710416,-0.0337776169181,2121.11594407,4086.59959473,1.76123317775e-05,2.57121102457e-07,7.46509928767e-06,1.913081413e-05
877,0.0185919292271,0.068677328527,-0.0348613001406,2428.96264539,4212.57535617,1.92127171269e-05,3.90389679093e-07,5.9279862935e-06,2.01102442799e-05
878,0.0182631388307,0.0765759423375,-0.04306576401,1909.53456085,3541.98119193,2.59441880318e-05,1.14648175476e-07,4.77090416125e-06,2.63794534316e-05
879,0.0236537717283,0.076002471149,-0.0444115102291,1538.91440411,3369.63714037,2.6511066823e-05,2.02319972164e-07,6.53302236033e-06,2.73049075923e-05
880,0.026551714167,0.0732727497816,-0.0383633002639,1680.27737548,3673.76623446,2.1428792042e-05,3.97501467784e-07,7.73748775384e-06,2.27863962166e-05
881,0.0127484947443,0.0772795081139,-0.0415328033268,2087.74753321,3589.78558807,2.54776196881e-05,3.38216739754e-08,2.91409460846e-06,2.56437555023e-05
882,0.023814342916,0.0708565190434,-0.0301435422152,2434.48268503,4593.7254033,1.49482515122e-05,5.48565561809e-07,7.29005915601e-06,1.66401956102e-05
883,-0.0397568792105,0.0558315701783,-0.041467692703,1236.56019734,1364.94739601,3.21860706611e-05,-5.65001810113e-08,-3.6701824912e-05,4.881567667e-05
884,-0.0260929670185,0.0456161312759,-0.048831064254,1424.02425623,1801.54826517,3.6377767691e-05,1.28742431377e-07,-2.61569720487e-05,4.48056441038e-05
885,-0.0181173831224,0.0627216771245,-0.0389593504369,1762.04127087,2174.89837819,2.91941877916e-05,-1.89270348431e-07,-1.71372506667e-05,3.38529435129e-05
886,-0.0307189691812,0.0480170659721,-0.031290486455,1462.57681766,1728.29973382,2.44212794823e-05,-1.3409904181e-07,-2.80466596441e-05,3.71891380822e-05
887,-0.026567036286,0.060503449291,-0.0308775845915,1456.70453466,1939.70147662,2.40784312661e-05,-1.76325396006e-07,-2.39319000262e-05,3.39490468459e-05
888,-0.0326388739049,0.0675472319126,-0.0275260321796,1160.80249545,1340.9300184,2.18529392147e-05,-2.09230949468e-07,-2.89969150163e-05,3.63099960118e-05
889,-0.0440412349999,0.06421161443,-0.0228358134627,745.025309175,810.472943142,1.83940079525e-05,-1.44130541114e-07,-3.90395074154e-05,4.31560359788e-05
890,-0.0302210953087,0.0679828599095,-0.0369942560792,1227.47157485,1488.26241172,2.8707182932e-05,-2.46377063887e-07,-2.74248039787e-05,3.97024297345e-05
891,-0.0231950245798,0.0706347748637,-0.0305487941951,1665.04957826,1966.18099471,2.39000310235e-05,-2.37590533565e-07,-2.03571132179e-05,3.13955409374e-05
892,-0.0173685532063,0.0122171519324,-0.0362835079432,2541.9105577,3171.17152875,2.56200511795e-05,7.6611986769e-08,-1.59104453554e-05,3.01585006797e-05
893,0.0495670363307,0.0807890444994,-0.0426452197134,187.761310822,2476.94832371,2.51685729146e-05,6.12732407353e-07,1.64496591735e-05,3.00736394619e-05
894,-0.0567674487829,0.189400777221,-0.202435985208,806.126197219,7441.78508408,0.00045252938852,8.07953483231e-05,-0.000128582842228,0.000477330371023
895,-0.0532908067107,0.192539513111,-0.200976863503,44.0212793999,7006.65639192,0.000457063938106,7.35310683576e-05,-0.000126270400722,0.000479852556135
896,-0.0569686703384,0.192738324404,-0.201458588243,-167.845974808,7758.70213603,0.000460964800508,8.29142791796e-05,-0.000130928214934,0.000486318334494
897,-0.0565404780209,0.189335718751,-0.198866486549,595.865676575,6416.72243643,0.000447538334401,8.20897993342e-05,-0.000128098924464,0.000472692955693
898,0.0450480803847,0.0717434883118,-0.0265727266669,520.615347692,3624.2741505,1.36634030592e-05,8.60973480517e-07,1.07621620707e-05,1.74141893561e-05
899,-0.0547741875052,0.189129278064,-0.205939307809,747.658571343,6925.39263736,0.000454832754244,7.33727611887e-05,-0.00012625650831,0.000477699803546
900,0.0233497116715,0.0209189988673,-0.0499322786927,101.911360242,1900.93082292,3.0132678342e-05,3.7550763681e-07,1.05531376413e-05,3.1929422546e-05
901,0.0235620159656,0.0295818690211,-0.0298071056604,1351.65416844,3301.7091889,1.42036019951e-05,7.0718010692e-07,8.51762740683e-06,1.65768630922e-05
902,0.0135530270636,0.0279761478305,-0.0444650352001,747.489904619,2137.1953506,2.68108720454e-05,3.93243296354e-07,4.46471504313e-06,2.71829207508e-05
903,0.0179310645908,0.0205370429903,-0.0365755036473,1041.18427033,2751.8340955,1.98056740103e-05,4.26678328176e-07,7.27957835338e-06,2.11054267524e-05
904,0.0314529836178,0.0154744703323,-0.0245923381299,1263.53356288,4076.57180103,1.09578684883e-05,4.78580870761e-07,1.00556231215e-05,1.48801706246e-05
905,0.0430814623833,0.0184891223907,-0.0319490209222,244.469629277,3845.19326319,1.68667479541e-05,6.78367647022e-07,1.5711105065e-05,2.30604898381e-05
906,0.0148528963327,0.0438116081059,-0.0384550541639,1506.937647,2966.37552491,2.23711487746e-05,6.03699532192e-07,4.88264887294e-06,2.29057418705e-05
907,0.0273389518261,0.0393728762865,-0.0399255007505,727.207718681,2735.10208627,2.23770037187e-05,7.09433642487e-07,1.01118718076e-05,2.45659020387e-05
908,0.00711413752288,0.0302548613399,-0.0362184271216,1591.64372023,2974.36789393,2.14757247031e-05,3.87764440433e-07,1.88115968386e-06,2.15614441664e-05
909,-0.0470284968615,0.0726304575801,-0.0637566149235,1036.8632958,1171.29506743,5.1018631644e-05,7.24840025523e-07,-4.41386352009e-05,6.74658823798e-05
910,0.0406885035336,0.0546478889883,-0.0183431115001,838.547111382,4203.25380337,8.42149829391e-06,1.25469526136e-06,8.20202391194e-06,1.18223978095e-05
911,-0.00320763187483,0.105371855199,-0.191656038165,1215.32190744,1951.73935365,0.000264065729413,-1.99113039144e-05,-2.94441278803e-05,0.00026644722956
912,-0.0175896845758,0.0835511013865,-0.189167022705,1531.19278504,1747.60662347,0.00022584461697,1.25569906589e-06,-3.33367613807e-05,0.000228295219954
913,0.0224227197468,0.10560888797,-0.187366470695,633.392979259,2554.63703078,0.000261205859095,-5.57363799226e-05,-9.15916612771e-06,0.000267243213565
914,0.0307648181915,0.0698548555374,-0.0230860188603,2083.76433575,4478.8517174,9.99709086167e-06,7.91049242299e-07,7.30017320422e-06,1.24040361742e-05
915,0.029892751947,0.076881930232,-0.0268295332789,2089.14306118,4530.14296392,1.23429827786e-05,5.01051280469e-07,7.79196660469e-06,1.46053079333e-05
916,0.0397939756513,0.0749445334077,-0.0144518092275,1307.60168616,4477.13565663,6.33342273697e-06,6.52602810746e-07,6.00193245758e-06,8.7499329837e-06
917,0.0429945141077,0.058826867491,-0.0357883833349,351.826307933,3310.78584289,1.97271275837e-05,1.11141899203e-06,1.38219582055e-05,2.41130948556e-05
918,0.0209240466356,0.065106511116,-0.154563903809,1772.17983682,3771.70073949,0.000161115683688,-3.21170910509e-05,4.17320723771e-06,0.000164338634308
919,0.0269708260894,0.0564934797585,-0.167375162244,483.60129802,2078.34915799,0.000168092759583,-4.4559345248e-05,1.32059011877e-05,0.000174399274366
920,0.0438993759453,0.0453784540296,-0.0440756417811,247.273009001,3276.62620999,2.62809454763e-05,8.00558979149e-07,1.80212076065e-05,3.1876212344e-05
921,0.0226444620639,0.0707265362144,-0.0427752062678,1649.56846868,3315.98367177,2.53450822368e-05,2.89238402829e-07,6.49626183083e-06,2.61659754303e-05
922,0.0175673272461,0.0718658342957,-0.045076739043,1805.29763202,3388.95110278,2.78280495539e-05,1.23754558708e-07,4.25513021266e-06,2.81517635379e-05
923,0.0210234485567,0.0721946209669,-0.0500621162355,1579.78832575,3080.19050976,3.15996649965e-05,6.37645102445e-08,5.19955718855e-06,3.20246512668e-05
924,0.0253436006606,0.0601593665779,-0.0340660847723,1723.48137633,3698.03521183,1.78779135823e-05,8.03199629967e-07,7.91970219061e-06,1.95700435996e-05
925,0.0345038510859,0.0726151689887,-0.0333014577627,1415.91968031,3596.1885382,1.7445976294e-05,6.57089810477e-07,9.55234462777e-06,1.99007824911e-05
926,-0.0291667729616,0.185634925961,-0.185959562659,226.715687336,2111.00084061,0.000415652369057,3.1192900858e-05,-9.63234074382e-05,0.000427806133415
927,-0.0448111928999,0.190497636795,-0.2043941468,304.817646006,5143.95508702,0.000451181562373,5.17562814259e-05,-0.000116192101458,0.000468768726915
928,-0.0569839626551,0.192631274462,-0.227532416582,-98.7068467365,4632.44455112,0.000486437696533,6.51128376011e-05,-0.000132859889545,0.000508441800483
929,-0.0551965236664,0.194559693336,-0.230829700828,90.2462641143,3201.45152646,0.000493486625108,5.78454277727e-05,-0.000133187805816,0.000514406584612
930,-0.0570308715105,0.188424289227,-0.231177479029,692.211467489,2781.89858917,0.000477875530473,6.16184548847e-05,-0.000129484562169,0.000498926957026
931,-0.031284108758,0.0413689017296,-0.132844790816,1809.26201721,2007.88494243,0.00011663595689,6.91944116697e-06,-3.95177068862e-05,0.000123342913308
932,-0.0435889698565,0.0342362001538,-0.149184003472,2642.3281237,3082.70044555,0.000129977882636,1.83840153076e-05,-5.20898312504e-05,0.000141228794915
933,-0.0329430699348,0.0385649837554,-0.161027774215,1674.73693732,1740.95968977,0.000144444727826,1.42392980381e-05,-4.22009520173e-05,0.000151155407963
934,-0.0163888130337,0.0379070751369,-0.155805036426,345.083464953,510.608453564,0.000137982713484,-1.40934015573e-07,-2.52160205028e-05,0.000140267946349
935,-0.0176399964839,0.0548293814063,-0.144086971879,2050.74533813,2802.5477468,0.000138456892863,1.19788470944e-06,-2.78826452551e-05,0.000141241594495
936,-0.0351182110608,0.0616514533758,-0.13370795548,2571.30304354,3320.03386541,0.000130013082403,9.53138396751e-06,-4.2690366271e-05,0.000137174036351
937,-0.0450710467994,0.0530177354813,-0.124781623483,2629.73623755,2906.85234721,0.000114257978844,1.15881543561e-05,-5.24800398137e-05,0.000126266882553
938,-0.0358037501574,0.0544399432838,-0.11348041147,1973.32577298,2133.97372673,0.000100998542221,5.71470827164e-06,-4.21328660809e-05,0.000109583492487
939,-0.0133848385885,0.178103327751,-0.195104524493,362.754735698,1873.85586639,0.000407678050857,-4.23863096485e-06,-7.68284835125e-05,0.000414875854951
940,-0.0354137904942,0.177009910345,-0.202911376953,506.137909246,2252.99736348,0.000415914176704,3.2280010767e-05,-9.7770611479e-05,0.000428469011654
941,-0.0088123595342,0.156143203378,-0.199348211288,674.140914877,1713.32861051,0.0003667523769,-1.50946119553e-05,-5.96088215769e-05,0.000371871435959
942,0.00344463693909,0.173905521631,-0.184782028198,274.440324574,1778.77843882,0.000387310862439,-2.7906034257e-05,-5.8253173807e-05,0.000392660009639
943,0.053465206176,0.0948119014502,-0.179908484221,132.33694634,3854.65686259,0.000237448831623,-9.59922143202e-05,2.17812946419e-05,0.000257042559989
944,0.0148452492431,0.0846121907234,-0.0530671067536,1050.24784876,2556.70836227,3.41316642797e-05,-1.60289460745e-07,2.27830173275e-06,3.42079940657e-05
945,0.01614484936,0.0792980641127,-0.0593614652753,1238.89691661,2633.89163747,3.90659527718e-05,-3.24814121953e-07,2.26096357415e-06,3.91326733877e-05
946,0.0222835037857,0.0866278558969,-0.0561066567898,934.43833872,2232.70366042,3.51800495665e-05,-5.91026631402e-08,5.19616663162e-06,3.55617706012e-05
947,0.0153946178034,0.0783175006509,-0.053924087435,1378.0788948,2762.81092123,3.51020325434e-05,-2.19468317379e-07,2.35279700395e-06,3.51814796272e-05
948,0.0258099641651,0.0830168798566,-0.0499547421932,1387.32373201,2920.22259334,3.06277456911e-05,3.45148012264e-08,6.85940586762e-06,3.1386485089e-05
949,0.00721425609663,0.078059323132,-0.0463766083121,1791.58839797,3106.8257022,3.03360692347e-05,-1.64512087976e-07,-6.1877467154e-07,3.034282523e-05
950,0.00872057396919,0.0784416347742,-0.0528912432492,1435.56879791,2748.63955522,3.51937832865e-05,-2.87774069e-07,-7.7202873113e-07,3.52034263147e-05
951,0.000462585390778,0.0783422365785,-0.0447020716965,1679.98053405,2810.15753668,3.0313999663e-05,-2.14238843254e-07,-3.98744637688e-06,3.05758761519e-05
952,0.00845904741436,0.0701806470752,-0.0367557257414,2658.29390335,3946.55863437,2.25910337351e-05,8.5638898537e-08,2.0995611954e-06,2.26885498976e-05
953,0.0106703769416,0.0710629671812,-0.0441133081913,1899.36988509,3330.81003966,2.80197114256e-05,9.41466572495e-09,1.46115519287e-06,2.80577848646e-05
954,0.0425962507725,0.0473911128938,-0.119116954505,646.985201845,2623.47408303,0.000104946011077,-2.43634530073e-05,2.89352450527e-05,0.000111554881066
955,0.000482567265863,0.059740614146,-0.10454300791,1963.78257882,3080.44460069,9.1193654309e-05,-4.10626162699e-06,-1.15690071155e-05,9.2016226267e-05
956,-0.00951581820846,0.0435363389552,-0.0403742715716,1965.61563698,2685.22823369,2.83476845462e-05,1.20229171955e-07,-1.05206518763e-05,3.02372252379e-05
957,-0.0148529261351,0.0405466407537,-0.0626784861088,1255.49432677,1686.2877868,4.5569140328e-05,2.50169880321e-07,-1.86457784607e-05,4.92369189695e-05
958,-0.0239137746394,0.0216220840812,-0.0620744340122,1369.0996774,1756.58462634,4.42889149698e-05,4.68041490476e-07,-2.58921113061e-05,5.13042735055e-05
959,-0.0327559001744,0.0447557903826,-0.0709241107106,1377.15504918,1513.59111563,5.4498923578e-05,1.04095424111e-06,-3.50007820872e-05,6.47786307636e-05
960,-0.0362472347915,0.0568179376423,-0.0574025511742,1256.98389545,1460.01010005,4.44587659031e-05,3.62020401982e-07,-3.56873055029e-05,5.70113734132e-05
961,-0.0176055897027,0.0491793006659,-0.0651941150427,1266.7415886,1730.35793548,4.88912923154e-05,2.32549150119e-07,-2.13472608108e-05,5.33490214296e-05
962,-0.0121690789238,0.0420453138649,-0.0514766797423,1379.31770316,2120.66707386,3.66757737166e-05,1.84428916298e-07,-1.47675686167e-05,3.95376715878e-05
963,-0.0152486059815,0.07560095191,-0.0487325899303,1269.81374262,1981.68725674,3.59553445334e-05,-3.42626262708e-07,-1.5854256489e-05,3.92970945757e-05
964,-0.0261617824435,0.0814389809966,-0.0340278558433,1304.82109505,1719.44751435,2.64988891917e-05,-1.73395542557e-07,-2.31208953417e-05,3.51681247127e-05
965,-0.0336398519576,0.0820659771562,-0.0398160926998,874.451419449,1203.73930754,3.10406300062e-05,-1.83877549062e-07,-3.00627772832e-05,4.32125572041e-05
966,-0.009187027812,0.0227996129543,-0.0722134113312,629.125735431,1319.17659181,5.10542316102e-05,1.66187097346e-07,-1.40031769661e-05,5.29400712939e-05
967,-0.0572407245636,0.19283939898,-0.197642877698,-34.6443087104,6799.68003545,0.000455760477743,8.53717922028e-05,-0.000131073066884,0.000481856933995
968,0.032944008708,0.0820889174938,-0.0403436869383,1127.61139324,3209.92521154,2.2506554596e-05,2.5904021214e-07,9.3805948376e-06,2.43845783462e-05
969,0.0366280563176,0.0832386091352,-0.0243943706155,1653.31633591,4084.43953562,1.12036727652e-05,3.24386935473e-07,8.1908860209e-06,1.38822953477e-05
970,0.0263151563704,0.0225717760623,-0.0869297906756,-563.869191723,1497.65594997,6.2726264868e-05,-2.65152367513e-06,1.55478597606e-05,6.46788282611e-05
971,0.0299313720316,0.0299871210009,-0.125033959746,413.595828428,1980.22684975,0.000102418757802,-2.24394384571e-05,2.17528455517e-05,0.000107080888293
972,-0.0332498885691,0.144811406732,-0.203760117292,867.025456019,1290.20759358,0.000349144490052,2.59358207389e-05,-7.544411675e-05,0.000358142927451
973,-0.0267658401281,0.0779293328524,-0.180331900716,2718.97698167,2973.17224805,0.000208599282018,1.44259903065e-05,-3.97708604761e-05,0.000212846167449
974,-0.0192342475057,0.0579801760614,-0.180951237679,609.658181319,1076.6021186,0.000183502052104,3.74810665599e-06,-2.99290492271e-05,0.000185964511178
975,-0.0200829859823,0.0649000629783,-0.167004421353,2516.01061353,3002.39604928,0.000175986654889,5.28139754922e-06,-3.16517636303e-05,0.000178888317114
976,-0.037677090615,0.0662687495351,-0.193422332406,1161.82892429,1232.64400282,0.000206539878449,2.70864571996e-05,-4.77342578684e-05,0.000213707643588
977,-0.0399979166687,0.0770440846682,-0.174370795488,4795.04764623,4574.94005648,0.000201430694949,3.06992360621e-05,-5.13165426761e-05,0.000210119383958
978,-0.032959330827,0.0687614381313,-0.173152029514,2873.39106867,3118.01685587,0.000188438748132,2.07388673714e-05,-4.37649441979e-05,0.000194562670516
979,0.0427389033139,0.0381762944162,-0.0758683308959,169.092188818,1968.40585211,5.53343842019e-05,-3.01469432781e-06,2.53980843025e-05,6.09593728899e-05
980,0.0298628844321,0.0208258405328,-0.0676133930683,-265.891044384,1421.80586562,4.51811584644e-05,-4.0694378786e-07,1.63604571082e-05,4.80537952739e-05
981,0.041974272579,0.0301935710013,-0.0565308742225,52.5542888414,2560.27501984,3.64877269387e-05,-1.48239249737e-08,2.20784980685e-05,4.26475616403e-05
982,0.0276451334357,0.0369223020971,-0.0686425939202,170.498686745,1662.36339839,4.78457802274e-05,-1.02676231571e-06,1.30865067076e-05,4.96138043716e-05
983,0.0357884280384,0.052321922034,-0.0639936476946,360.238325031,2166.04778109,4.43497512157e-05,-9.03289223854e-07,1.58749198609e-05,4.7114004764e-05
984,0.046730261296,0.0481699891388,-0.0688566863537,-50.5247431372,2262.5503056,4.91448781096e-05,-1.89961666643e-06,2.56078876017e-05,5.54489990469e-05
985,0.00940109416842,0.0873954370618,-0.0564161799848,719.892707633,2328.80472987,3.71007746467e-05,-1.04028892322e-07,-3.82224847338e-07,3.7102889338e-05
986,0.0116414558142,0.0800473541021,-0.0575784146786,1092.34188877,2584.08936401,3.82881599916e-05,-3.28832425173e-07,2.50270532739e-07,3.82903899386e-05
987,-0.0336857289076,0.0517025738955,-0.181639403105,1810.48217366,1930.81461587,0.000177911442794,2.02200246629e-05,-4.31812465061e-05,0.00018418998595
988,0.0139200491831,0.0777764096856,-0.0480434969068,1769.48051548,3168.72443168,3.05707774454e-05,-9.08441059627e-08,2.35528543596e-06,3.06615077215e-05
989,-0.0503393411636,0.0818977579474,-0.0591459050775,298.079124219,600.691834357,4.69087400458e-05,2.10687869747e-07,-4.5122214073e-05,6.50883129671e-05
990,-0.00694666570053,0.0116207422689,-0.037797473371,2147.56189984,3136.26092562,2.48303694907e-05,1.52690589061e-07,-7.33905663126e-06,2.58927077707e-05
991,0.0242960602045,0.00814932771027,-0.031428117305,929.911212636,3029.88398273,1.55019571585e-05,2.90163083047e-07,9.40883176691e-06,1.81361789133e-05
992,-0.0188264399767,0.0488151758909,-0.113806217909,1585.24157905,2126.27891149,9.79899870834e-05,5.5188395467e-07,-2.70556043647e-05,0.000101657994629
993,-0.016565291211,0.0589518509805,-0.100720018148,1921.74722574,2572.95669588,8.69150288516e-05,-2.84938979853e-07,-2.44558430407e-05,9.02905957968e-05
994,-0.0455451197922,0.0455702543259,-0.0815265849233,1756.09792544,1674.29656897,6.49587236234e-05,2.82006855985e-06,-4.77783244691e-05,8.06867823781e-05
995,-0.0462140925229,0.0847004204988,-0.187719687819,3822.46143879,3413.21201074,0.000227530214592,4.19511606083e-05,-5.87001776424e-05,0.000238695641526
996,-0.0481335073709,0.0698237940669,-0.183825835586,3204.46518962,3107.07391869,0.000202282984499,4.05914574544e-05,-5.81496723519e-05,0.000214353578535
997,-0.0468757376075,0.0819171145558,-0.178013056517,5445.44065619,5198.90333814,0.000213246494378,4.12166513911e-05,-5.8500008336e-05,0.000224933613966
998,-0.0432206466794,0.0640283897519,-0.102439180017,1728.40709868,1991.76208938,9.13177450965e-05,5.13733435577e-06,-4.72756576819e-05,0.000102957809723
999,-0.0350591912866,0.0565857589245,-0.0791928544641,1520.41845126,1770.71037426,6.39974053403e-05,1.59116030555e-06,-3.75972896166e-05,7.42412006094e-05
1000,-0.0286274570972,0.0383658669889,-0.0854954868555,1282.91246232,1493.89919699,6.61721566669e-05,1.45751570301e-06,-3.33906338926e-05,7.41337514343e-05
1001,-0.041278488934,0.024795293808,-0.0849827080965,1704.79384543,1763.4542877,6.42347245798e-05,1.69555313326e-06,-4.45706656843e-05,7.82017837509e-05
1002,-0.0159004665911,0.122285440564,-0.196939632297,955.198702734,1499.2670121,0.000299512537392,-1.74998477192e-06,-4.76342367016e-05,0.000303281788124
1003,-0.0379195325077,0.110906392336,-0.200910761952,1895.63190479,1910.66089731,0.000282802221323,3.1887315844e-05,-6.09274092913e-05,0.000291043032042
1004,0.0329705923796,0.0687823593616,-0.0594667494297,1203.42558013,2684.96989937,3.94928263816e-05,-2.47414776318e-07,1.10914899524e-05,4.10215272637e-05
1005,0.0252815932035,0.0690304636955,-0.0664789900184,1803.80713255,3284.58204504,4.66925096305e-05,-8.57403726279e-07,6.60703360247e-06,4.71654374492e-05
1006,0.0234704688191,0.0649759471416,-0.06129854545,1476.07218558,2847.27870159,4.18713789236e-05,-3.76418059448e-07,6.21139446251e-06,4.23312589547e-05
1007,0.0272138044238,0.0719416812062,-0.0615885667503,1609.96420075,3007.95997519,4.13307991095e-05,-4.17418883664e-07,7.55009292633e-06,4.20168192127e-05
1008,0.0305507220328,0.061505112797,-0.0611874647439,1037.21577995,2685.98887155,4.1611401698e-05,-3.76601818312e-07,1.07466736365e-05,4.2978384968e-05
1009,0.0218186620623,0.0706118419766,-0.0603998973966,1612.14679985,3035.54019648,4.07505435048e-05,-3.55164770639e-07,4.92316482649e-06,4.10483920496e-05
1010,0.0277307946235,0.0685272589326,-0.055215742439,1188.40707243,2745.88350572,3.58489028083e-05,1.55061060577e-08,8.29565803939e-06,3.67962228402e-05
1011,0.0230806283653,0.0737831816077,-0.0561063885689,1366.21448479,2861.92151738,3.64781875207e-05,-1.52704738179e-07,5.69412482755e-06,3.69202456802e-05
1012,0.029182035476,0.0771876424551,-0.0595511570573,1507.07211884,2872.60360266,3.85949531167e-05,-2.422966719e-07,8.26462708878e-06,3.94706622021e-05
1013,0.0352035164833,0.0704568400979,-0.0657545030117,1648.63915115,3169.74180563,4.53868852595e-05,-9.46073940083e-07,1.23163833158e-05,4.70378327247e-05
1014,-0.0213675610721,0.0541111528873,-0.0852197408676,1637.24678482,2039.51821317,6.91041914305e-05,3.81559319157e-07,-2.6954855258e-05,7.4176135534e-05
1015,-0.00905704125762,0.0636843070388,-0.0842333734035,2095.90309363,2885.0862288,6.87153153971e-05,-7.61569803378e-07,-1.72319221785e-05,7.08471149777e-05
1016,-0.0117408875376,0.0579572357237,-0.0741861462593,1565.42433672,2189.18416976,5.76380946022e-05,-1.11542634243e-07,-1.79859406517e-05,6.03792717102e-05
1017,-0.00813043676317,0.0498232468963,-0.0859777703881,1359.47492202,1971.94242976,6.85141266765e-05,-7.99202529133e-07,-1.59551875859e-05,7.03519174567e-05
1018,-0.0196506716311,0.0526740849018,-0.0741693675518,1398.5696705,1771.29209164,5.76599438411e-05,3.51885052394e-07,-2.42671414879e-05,6.25594685307e-05
1019,-0.0175597108901,0.0390326790512,-0.0739796981215,1108.38826509,1495.11056652,5.5188039835e-05,4.53712062809e-07,-2.2370690799e-05,5.95514349306e-05
1020,-0.0205921065062,0.0631629526615,-0.0756774172187,1767.60046495,2286.38527871,6.02986510266e-05,2.77205133689e-07,-2.48440586408e-05,6.52168031113e-05
1021,-0.0342362597585,0.0719958171248,-0.0518972240388,1039.20232793,1299.43223553,4.03129958177e-05,-1.38650137312e-07,-3.21695898975e-05,5.15755695056e-05
1022,-0.0236232168972,0.0675227418542,-0.047882925719,1310.20544628,1648.41954118,3.62927828855e-05,-2.62617402085e-07,-2.30534539031e-05,4.29964742083e-05
1023,-0.0388852022588,0.066016420722,-0.0433792620897,1043.77607544,1232.5964453,3.3825592131e-05,-1.62414649309e-07,-3.56514153092e-05,4.91448926652e-05
1024,-0.0316059403121,0.0630649551749,-0.0625637918711,1240.99281406,1511.98804556,4.88848472576e-05,3.55542871198e-07,-3.20929793683e-05,5.84791760105e-05
1025,-0.02468604967,0.0605340339243,-0.0601016916335,1332.234397,1679.50697186,4.60263241984e-05,9.59715398471e-08,-2.61295604272e-05,5.29262284493e-05
1026,-0.0280580613762,0.0711241438985,-0.0555597953498,1110.51513201,1516.12289052,4.27615106103e-05,-1.63127899551e-07,-2.74703290203e-05,5.0825115611e-05
1027,-0.0376082733274,0.0747331902385,-0.0467971526086,834.838826558,1079.5811683,3.64710861643e-05,-1.91701718872e-07,-3.4350929076e-05,5.01015289581e-05
1028,-0.0313237868249,0.0774790868163,-0.0525732338428,758.734777165,1185.21725626,4.06465846783e-05,-2.01861155033e-07,-2.92321757346e-05,5.00670120151e-05
1029,0.013698306866,0.0637225359678,-0.0829411447048,2123.32954905,3455.5526326,6.60500786261e-05,-2.63170416912e-06,-1.10129770535e-06,6.61116601666e-05
1030,0.00475215213373,0.0635619610548,-0.0824900195003,2117.99618539,3112.92044774,6.58948743901e-05,-1.84548459444e-06,-7.03975775885e-06,6.62955388663e-05
1031,-0.0054097622633,0.0629273205996,-0.0759371519089,1956.97550309,2762.06742892,5.93459415192e-05,-4.88750685155e-07,-1.3603317765e-05,6.08870257629e-05
1032,0.00780364731327,0.0524371415377,-0.0758582651615,1414.64783368,2447.0218001,5.7322867754e-05,-1.20525699633e-06,-3.33401334465e-06,5.7432390312e-05
1033,0.00488978484645,0.0601899512112,-0.0923460796475,2077.12251241,3146.24401751,7.67667597395e-05,-3.09885896015e-06,-7.47669851674e-06,7.71922233679e-05
1034,0.00797888450325,0.0627208724618,-0.076158888638,1974.12238413,3171.45392877,5.8558020509e-05,-1.26281625244e-06,-4.24128196399e-06,5.87249941976e-05
1035,-0.0465146154165,0.0763492882252,-0.0377368703485,688.195117171,800.494361532,2.98819310721e-05,-1.55216768967e-07,-4.13346753588e-05,5.10049927346e-05
1036,-0.0299881361425,0.0769710689783,-0.0273808129132,1113.33636866,1348.7255098,2.18713798829e-05,-1.93135786763e-07,-2.63104058764e-05,3.42145000956e-05
1037,-0.0468080118299,0.0751321539283,-0.0249360334128,503.564307153,570.956890941,2.00534837558e-05,-1.32534383303e-07,-4.12313588313e-05,4.58495880808e-05
1038,-0.0370959714055,0.0820659771562,-0.0474241487682,615.69842889,957.489320275,3.69466116753e-05,-1.64121531703e-07,-3.34578617772e-05,4.98448348865e-05
1039,-0.0476402007043,0.0742208883166,-0.0479440949857,861.286584263,972.095453169,3.78086608203e-05,-8.41276135965e-08,-4.30250173705e-05,5.72769938999e-05
1040,-0.0389622487128,0.0883467271924,-0.198638990521,1903.65441704,1958.45703102,0.000243261608198,3.08304936788e-05,-5.32060406287e-05,0.00025091355508
1041,0.000768436817452,0.044155690819,-0.045168492943,1879.41376293,2606.23939475,3.00628804242e-05,2.49168920594e-07,-4.16603374961e-06,3.0351189462e-05
1042,-0.000578802952077,0.0367769189179,-0.0381438583136,1999.59110672,2924.02596066,2.48440190248e-05,3.30983812266e-07,-3.17482343938e-06,2.50482401669e-05
1043,-0.0261159054935,0.0730204209685,-0.0385391637683,1223.67153156,1653.88961939,2.96497458307e-05,-2.73396447676e-07,-2.37404042131e-05,3.7984061995e-05
1044,-0.0362854674459,0.0835187733173,-0.0146674588323,646.322562797,673.030564815,1.21902360512e-05,-8.67009873491e-08,-3.17699490857e-05,3.40285033017e-05
1045,-0.0358609780669,0.0710713192821,-0.0187246501446,819.696033738,848.274552257,1.53714710847e-05,-2.00620444111e-07,-3.15747670944e-05,3.51182045233e-05
1046,-0.0502275414765,0.0724742487073,-0.0590265505016,973.585180664,1136.39980301,4.69510902956e-05,3.82355530455e-07,-4.63971137659e-05,6.60094178243e-05
1047,-0.0410414561629,0.0762853845954,-0.0608816109598,800.266323789,1119.68357082,4.81187965832e-05,2.68740562505e-07,-3.8206629565e-05,6.14429601242e-05
1048,-0.0529467239976,0.0718046575785,-0.0684514343739,1501.59599451,1571.7522987,5.55426174533e-05,1.44302893457e-06,-4.99027983664e-05,7.46816843066e-05
1049,-0.0539560317993,0.0670563131571,-0.062479685992,1534.54972822,1601.41121343,5.00262157765e-05,9.44084635501e-07,-5.08200647361e-05,7.13175472131e-05
1050,-0.04751021415,0.0595629550517,-0.0612792186439,1475.07296478,1458.26194161,4.83471767785e-05,8.52101039873e-07,-4.57351767755e-05,6.65573585212e-05
1051,-0.0469377711415,0.0671167820692,-0.0686849728227,1513.00295369,1603.40934764,5.54553753594e-05,1.36283890805e-06,-4.54913231506e-05,7.17399224152e-05
1052,0.0477089881897,0.0710935592651,-0.0683061555028,934.481278698,2791.93310906,4.82449696062e-05,-1.71587294905e-06,2.08029474445e-05,5.25669471689e-05
1053,-0.0440566912293,0.0785361528397,-0.0543818213046,621.145582857,884.224488771,4.2834490632e-05,5.31002840033e-10,-4.00326402786e-05,5.86293942972e-05
1054,-0.054204761982,0.0763999298215,-0.0553958490491,839.984278283,931.163543919,4.40087779357e-05,1.05206387013e-07,-4.88889809488e-05,6.57792981263e-05
1055,0.0415537282825,0.0906451120973,-0.18100476265,282.898145955,3196.89353949,0.000230627278273,-7.76230458151e-05,1.25850676334e-05,0.000243665062437
1056,-0.0383598208427,0.0806115418673,-0.0588529258966,542.96814813,935.583275236,4.61686349559e-05,4.52950893061e-08,-3.5225055463e-05,5.80719333044e-05
1057,0.0419283956289,0.0305605921894,-0.0406801253557,222.903178149,3505.82561271,2.33744426179e-05,6.55354998243e-07,1.71679451063e-05,2.90091778071e-05
1058,-0.0474856458604,0.060622818768,-0.0825785771012,1781.93152431,1777.30735001,6.88024033152e-05,3.12838029261e-06,-4.87744222598e-05,8.43949153207e-05
1059,-0.039124596864,0.0580776371062,-0.0694660618901,1482.5986988,1517.52451203,5.51066637079e-05,1.13561008473e-06,-3.97168345904e-05,6.79371838183e-05
1060,-0.0412415601313,0.0633189827204,-0.0776071175933,1729.37924795,1856.98609827,6.36827952286e-05,1.98241472947e-06,-4.2281075288e-05,7.64664482228e-05
1061,-0.0465544275939,0.0675533264875,-0.077229373157,1765.78311331,1919.8912548,6.39663503089e-05,2.2837132154e-06,-4.63360291685e-05,7.9018585896e-05
1062,-0.043847642839,0.0272497516125,-0.0675109401345,1768.11717169,1699.29245552,5.03990789914e-05,1.08888929404e-06,-4.43508838542e-05,6.71435309001e-05
1063,-0.0147208776325,0.0575922615826,-0.0658065676689,1370.35856457,1962.25191761,4.98705323358e-05,3.03045307372e-08,-1.91522437659e-05,5.34217123938e-05
1064,-0.0118861664087,0.0481241121888,-0.0736891403794,1211.50438467,1801.57127114,5.60168005083e-05,2.03396190368e-08,-1.7813513329e-05,5.87809800021e-05
1065,-0.00990577880293,0.0634166821837,-0.0646435841918,1617.46728982,2288.46048273,4.8538784557e-05,-1.61135632038e-07,-1.52124428289e-05,5.08670619142e-05
1066,-0.0137671530247,0.0655499994755,-0.0603693090379,1473.15405776,2103.7903002,4.52251567651e-05,-2.03737883315e-07,-1.73397216657e-05,4.84357539531e-05
1067,-0.00884294509888,0.0579190030694,-0.0579836703837,1493.82523876,2137.5516089,4.2435975724e-05,-1.0927246167e-07,-1.35013554485e-05,4.45321296938e-05
1068,-0.0210884120315,0.0636639818549,-0.064332716167,1445.30907676,1911.35483981,4.95057473942e-05,6.88935662135e-08,-2.36827927744e-05,5.48789435482e-05
1069,-0.0160839781165,0.0646400898695,-0.0695142671466,1569.47189526,2255.8684429,5.39053491663e-05,4.42499893788e-08,-2.05106020238e-05,5.76755877489e-05
1070,-0.0171828176826,0.0581135675311,-0.0579405389726,1433.94927601,1919.15957589,4.33480940173e-05,-3.32317848069e-08,-1.98576180223e-05,4.76800099916e-05
1071,0.01169826556,0.0369987078011,-0.0617286190391,709.984417328,1660.86245631,4.19315973942e-05,-2.52696654474e-08,1.62590004377e-06,4.19631153459e-05
1072,0.0113356038928,0.0200240109116,-0.0723433941603,-166.930662476,838.350213886,4.94644692131e-05,-1.97015181647e-07,2.84288713001e-06,4.9546488642e-05
1073,0.00401774980128,0.034769333899,-0.0732587128878,570.614052888,1414.29657251,5.22740357002e-05,-1.43682207634e-07,-4.29611764058e-06,5.24504726361e-05
1074,-0.00054672441911,0.0419688522816,-0.0639095380902,1020.11145669,1737.07092213,4.53329165524e-05,3.0721883865e-08,-7.64988440977e-06,4.59738512469e-05
1075,0.00472156656906,0.0434140004218,-0.0560262203217,1140.76250644,2130.99706145,3.82171083242e-05,1.40462927913e-07,-3.06133400286e-06,3.83397817465e-05
1076,0.0139659270644,0.0376410521567,-0.0503909066319,811.726146415,2132.98208868,3.21371909448e-05,2.95904846485e-07,3.73327652898e-06,3.23546589402e-05
1077,0.0102345393971,0.0509379468858,-0.055001616478,1216.40584835,2253.71757959,3.71752109934e-05,6.90419662317e-08,4.95716150729e-08,3.71753081567e-05
1078,0.0203658677638,0.0373046174645,-0.0589318089187,585.872309896,1799.39557587,3.89960969072e-05,-5.50677619225e-08,7.6004818275e-06,3.97299122886e-05
1079,-0.0491781942546,0.0536787211895,-0.144812867045,3161.98531208,3772.79475962,0.000139629337182,2.22961865741e-05,-5.85508538813e-05,0.00015304141344
1080,0.00187132402789,0.063168078661,-0.065099671483,1709.05469221,2702.60497717,4.76618090278e-05,-3.62438884171e-07,-7.07200685781e-06,4.81849839965e-05
1081,0.00204408238642,0.0598297081888,-0.0411346592009,2129.13560258,3174.84666833,2.71932146062e-05,1.30224086202e-07,-2.48175042016e-06,2.7306537021e-05
1082,-0.00550916418433,0.0519319623709,-0.0490604527295,1503.50000564,2336.18154798,3.43787608229e-05,5.14225699565e-08,-9.45023833131e-06,3.56540158259e-05
1083,0.00652373069897,0.0489771962166,-0.0639285966754,949.102415422,1996.46399643,4.54933904464e-05,-2.05704448874e-07,-3.14566383862e-06,4.56024789854e-05
1084,0.013531671837,0.0574410967529,-0.0672998055816,1382.25380981,2603.60569138,4.86453339899e-05,-6.56241874087e-07,6.30245647016e-07,4.86538424173e-05
1085,0.0110909231007,0.0567720606923,-0.0604457743466,1382.29895493,2497.39015506,4.22496901513e-05,-2.18685285761e-07,-3.22462593914e-07,4.22514866396e-05
1086,0.017498511821,0.0502268411219,-0.0621891282499,1078.78911008,2281.21412022,4.30437491771e-05,-3.48972225502e-07,4.22765671966e-06,4.3252274e-05
1087,0.0132015068084,0.0355629958212,-0.0744138658047,369.88959966,1422.13930632,5.31965473188e-05,-8.33008614171e-07,2.72593526677e-06,5.32728568135e-05
1088,0.0158355925232,0.0476574040949,-0.0740367472172,847.384096914,2047.17205161,5.4369832265e-05,-1.27084415674e-06,3.0921152514e-06,5.44725149238e-05
1089,-0.00190776330419,0.0496839545667,-0.0610880628228,1314.22303648,2008.62599598,4.37891147883e-05,-1.47530308886e-08,-8.67344990908e-06,4.46398423488e-05
1090,0.00191947165877,0.0468237809837,-0.0737053304911,1180.0671738,1950.31078194,5.49709577514e-05,-5.05029539667e-07,-7.1150568622e-06,5.54318075214e-05
1091,-0.0396768935025,0.0624178871512,-0.146841481328,2834.40751082,3533.42435307,0.000148461929888,1.75563351482e-05,-4.86474693989e-05,0.000157212422566
1092,0.0366830416024,0.0592571049929,-0.144990757108,1451.37322423,3480.96590815,0.000144328011742,-3.91970052139e-05,2.089156958e-05,0.000151008072204
1093,0.0334716029465,0.0424582138658,-0.150778993964,362.199532511,2500.73267101,0.000137664565367,-3.96640497013e-05,2.41251354368e-05,0.000145281766084
1094,-0.0529620163143,0.185619622469,-0.199019417167,1594.74980193,4097.28218398,0.000435345058098,7.21604525705e-05,-0.00012144456839,0.000457691199082
1095,0.043121214956,0.102550379932,-0.185493141413,191.745360254,3051.69413795,0.000255290682606,-8.54447495819e-05,8.92537198367e-06,0.000269358126147
1096,0.0402908660471,0.077160358429,-0.175267219543,264.269184464,3289.37275193,0.000202943140354,-6.85763576243e-05,1.75544179248e-05,0.000214934391456
1097,0.0392286889255,0.0714613571763,-0.163919121027,866.948667699,3881.1770005,0.00018184804524,-5.78398481038e-05,1.91844409624e-05,0.00019178686702
1098,0.0297402143478,0.0802002847195,-0.185271397233,280.19863374,2392.4920066,0.000218141405197,-6.15783595746e-05,6.68102313127e-06,0.000226764642525
1099,0.00195361115038,0.0488963872194,-0.167164996266,549.705938793,964.23774113,0.000159543248892,-1.79092449948e-05,-8.82739206471e-06,0.000160787786147
1100,0.00168240698986,0.0384869538248,-0.155137524009,150.667489077,915.780554288,0.000137864061331,-1.43711873942e-05,-7.4005470329e-06,0.000138808495886
1101,0.00938580092043,0.0568561702967,-0.148806259036,1547.68728732,2620.21920285,0.000145567610943,-1.92090191376e-05,-3.83711372189e-06,0.000146879675971
1102,0.0288128647953,0.0813631415367,-0.057137530297,1094.06500908,2210.2298857,3.59614514237e-05,-5.87148394541e-08,7.91701040502e-06,3.68226627186e-05
1103,0.0303993783891,0.0776761695743,-0.0524050779641,1133.47443255,2593.78673904,3.26069118525e-05,1.06903367113e-07,8.84918460386e-06,3.37865386958e-05
1104,0.0266625545919,0.0727634355426,-0.0495660938323,1349.12442111,2914.97704521,3.07251111393e-05,1.71100996975e-07,7.51982952131e-06,3.16324132197e-05
1105,0.0294482819736,0.0743804425001,-0.0563366413116,1190.84985065,2616.68914353,3.62657894157e-05,-5.76830402959e-08,8.63995615517e-06,3.7280821499e-05
1106,0.0334778763354,0.0793177932501,-0.0587278679013,1363.68952705,2509.07141953,3.73832435061e-05,-1.14994294039e-07,1.01119895277e-05,3.87268957049e-05
1107,-0.0211840514094,0.0281902439892,-0.0842945426702,978.68114548,1389.86627997,6.26738935386e-05,6.77003713264e-07,-2.61305538032e-05,6.79064143316e-05
1108,-0.00680821156129,0.0397022664547,-0.0740213692188,849.654259014,1623.42609183,5.46546058216e-05,1.04854925797e-08,-1.3455457693e-05,5.62865471421e-05
1109,-0.00451514683664,0.0723857805133,-0.0642459765077,1715.79050669,2807.02145254,4.72562534777e-05,-3.71431428097e-07,-1.08044107825e-05,4.84770744415e-05
1110,-0.0300537422299,0.0334279499948,-0.0709058940411,1390.70253648,1616.37308163,5.28987196692e-05,8.75674670096e-07,-3.26805193402e-05,6.21856711237e-05
1111,0.0482944659889,0.0664809942245,-0.0733936280012,978.964714337,2774.82540635,5.4516698164e-05,-3.08375559952e-06,2.33932962667e-05,5.94039244287e-05
1112,0.0440387688577,0.0592723973095,-0.0715864151716,363.195409269,2324.59738659,5.24609141034e-05,-2.40466475579e-06,2.14444434188e-05,5.67256033436e-05
1113,-0.0572705045342,0.192721411586,-0.222154870629,-492.7854951,6480.23487157,0.000482603390123,7.0308988537e-05,-0.000132610748476,0.000505405774243
1114,-0.0566551722586,0.192661866546,-0.21875448525,-196.327934814,7279.61751529,0.000479265184768,7.12022066854e-05,-0.000131656970234,0.000502094044357
1115,-0.0560789965093,0.188886508346,-0.219264537096,627.925876989,5799.24590167,0.000468480097062,6.82663153726e-05,-0.000128287433512,0.000490501332062
1116,-0.0562796518207,0.189235821366,-0.224653929472,271.127107482,4843.07366749,0.000474648541541,6.50776646304e-05,-0.000129136209235,0.000496187969379
1117,-0.0515497364104,0.19211114943,-0.217425778508,368.839630279,6036.82532029,0.000473010601599,5.85508406051e-05,-0.000126119232453,0.000493024635242
1118,0.0359489992261,0.0515190623701,-0.050689112395,287.710916882,2546.7430227,3.18752075776e-05,3.4725913221e-07,1.42716354042e-05,3.49260507949e-05
1119,0.0252671372145,0.047619458288,-0.0444956198335,892.898731833,2697.8749183,2.64140682918e-05,5.83212501169e-07,8.65297172691e-06,2.78013859412e-05
1120,0.028451487422,0.0655156522989,-0.0451125502586,1197.27045178,2986.25548285,2.69365651592e-05,4.69936357787e-07,8.93322279835e-06,2.838312619e-05
1121,0.0254430025816,0.0572690702975,-0.0572419799864,874.253096273,2500.61401483,3.80976850326e-05,-6.40676455714e-08,8.17866464206e-06,3.89657319299e-05
1122,-0.0212146360427,0.0444921255112,-0.16796785593,872.168047073,994.588117254,0.000156490586405,5.03343620107e-06,-3.06634479853e-05,0.000159545874768
1123,-0.0268805343658,0.0595323704183,-0.156903669238,2503.53755024,2831.41681508,0.000158363482717,1.01473042622e-05,-3.71237634551e-05,0.000162972802194
1124,-0.0482289642096,0.0555104240775,-0.160688579082,3297.23938699,3658.44659685,0.000159995387659,3.02346305163e-05,-5.79797915029e-05,0.000172841873333
1125,-0.0468373410404,0.074304997921,-0.0133752357215,333.995336484,354.237381577,1.08943673815e-05,-1.45118368878e-07,-4.11162938264e-05,4.25353725504e-05
1126,-0.0032993874047,0.0214309263974,-0.0408712811768,2178.39671903,3028.51015717,2.65081761089e-05,2.85041657117e-07,-5.35201898093e-06,2.70445698161e-05
1127,-0.0204780679196,0.0863936841488,-0.0559851527214,431.079677854,1450.1988381,4.20820226776e-05,-1.1956109745e-07,-1.99050271741e-05,4.65523472479e-05
1128,-0.0285397786647,0.0816454291344,-0.0570431761444,351.502074566,1250.2510538,4.39167076246e-05,-1.23698259183e-07,-2.68850988966e-05,5.14927281519e-05
1129,-0.0325028970838,0.0872805938125,-0.0534658208489,420.784275657,1027.10873801,4.13970715518e-05,-7.58609584157e-08,-2.96057774598e-05,5.08942565222e-05
1130,-0.0330593585968,0.0786307305098,-0.0581590868533,634.550002825,1176.42076752,4.52655040028e-05,-6.12625387206e-08,-3.10047157165e-05,5.48658546128e-05
1131,-0.0280121844262,0.0776081904769,-0.0595205724239,796.509712038,1399.27124039,4.59641347358e-05,-9.25721993888e-08,-2.71167215638e-05,5.33669077237e-05
1132,-0.0520780347288,0.177979618311,-0.191243857145,1410.98568906,1874.20410928,0.000407743316706,7.40724766927e-05,-0.00011542764823,0.000430191685295
1133,-0.034817378968,0.164492934942,-0.214304342866,618.569764412,1657.30012615,0.000400390080254,2.31447170585e-05,-8.9426655348e-05,0.000410907557707
1134,0.0276604257524,0.0978020355105,-0.179926633835,677.700382034,3156.84120056,0.000240753670329,-5.84478536847e-05,-1.97017667749e-06,0.000247754642688
1135,0.0167568214238,0.0645559802651,-0.0512625835836,1466.10512602,2905.84655188,3.3261821413e-05,8.70147320226e-08,3.31332587698e-06,3.34265532719e-05
1136,0.0158086810261,0.0515343546867,-0.048739310354,1143.56910181,2567.32009583,3.1061291499e-05,3.41114052376e-07,3.77837045206e-06,3.12921119718e-05
1137,0.0242461189628,0.0578590892255,-0.0653354525566,1165.33426945,2585.72428146,4.59822429889e-05,-7.30794612574e-07,7.39299863676e-06,4.65785053421e-05
1138,0.00841765012592,0.0685729980469,-0.0677109435201,2112.57414944,3347.49646962,4.92704459693e-05,-5.99354908832e-07,-3.29604980591e-06,4.93842081707e-05
1139,0.034794408828,0.0835952311754,-0.0162961166352,1929.90864899,4844.21412628,6.24542239118e-06,2.43351797811e-07,6.16316524366e-06,8.77776319813e-06
1140,0.0119702462107,0.0600905492902,-0.04126124084,2125.4318642,3425.69154416,2.5407445253e-05,3.44584486184e-07,2.48815623383e-06,2.55313128177e-05
1141,0.0369812473655,0.0562368221581,-0.0711505711079,879.163183114,2339.39368677,5.18558688949e-05,-2.11996370274e-06,1.6676528135e-05,5.45126772007e-05
1142,0.025718268007,0.049416333437,-0.0703171268106,763.316615153,2155.5170738,5.04910997505e-05,-1.28722570321e-06,9.61451336812e-06,5.14144626669e-05
1143,-0.0113891577348,0.0592494569719,-0.15664370358,1825.19176333,2644.57476165,0.000157413841446,-3.42725368345e-06,-2.29395761984e-05,0.000159113442872
1144,0.00211976864375,0.0696148052812,-0.0669317096472,2059.82673561,3144.72102625,4.91835812202e-05,-4.76462445173e-07,-7.10744761634e-06,4.96967553239e-05
1145,-0.0253656134009,0.0550025738776,-0.0535480752587,1421.88156913,1711.16112831,4.0463411255e-05,7.07131889765e-08,-2.58947884199e-05,4.80399075567e-05
1146,-0.00755775626749,0.081458248198,-0.0580086410046,676.348617865,2140.13256037,4.17197851397e-05,-3.27424158924e-07,-1.09091429502e-05,4.31237414725e-05
1147,-0.0120585365221,0.084727704525,-0.0533336810768,680.674463811,1834.64196096,3.88715082948e-05,-2.45711669567e-07,-1.33808022941e-05,4.11108307064e-05
1148,0.00107428827323,0.0848339349031,-0.0539158470929,814.366721716,2281.10180356,3.70264415793e-05,-2.49408740547e-07,-4.77996790398e-06,3.73345372799e-05
1149,0.00833826046437,0.0379316136241,-0.0428822562099,1142.29269105,2390.30426259,2.66707782619e-05,4.24264085283e-07,1.11967841194e-06,2.66976420842e-05
1150,-0.0483283661306,0.0632408186793,-0.0511096566916,1275.88755988,1280.84784386,4.02643597986e-05,2.7472838561e-07,-4.48305768204e-05,6.02583999433e-05
1151,-0.0389998964965,0.0664904937148,-0.158845826983,3993.30174206,4520.87163402,0.000168584161431,2.24572743172e-05,-4.86308344643e-05,0.000176889532522
1152,-0.0457209832966,0.0699007362127,-0.166851490736,4183.0133354,4257.37074805,0.00018333140069,3.30128074987e-05,-5.56423441495e-05,0.000194412752669
1153,-0.0493300296366,0.0614286512136,-0.0731615498662,1589.88522832,1617.44476632,5.95761494086e-05,2.17034691992e-06,-4.90222552798e-05,7.7182961182e-05
1154,-0.0277779120952,0.0663963928819,-0.0743100717664,1745.57409504,2156.54746137,5.97600768241e-05,6.22013584831e-07,-3.01775247358e-05,6.69502552803e-05
1155,-0.0383850745857,0.0679573714733,-0.070716291666,1591.40874332,1771.49704127,5.69918238635e-05,1.08660397517e-06,-3.83296896803e-05,6.86907112095e-05
1156,-0.0432924218476,0.0635701939464,-0.0721291825175,1498.93872618,1614.195968,5.83797620675e-05,1.59307281448e-06,-4.32698224045e-05,7.26843313994e-05
1157,0.0349091030657,0.095355220139,-0.189354509115,414.150051378,2462.21053011,0.000246347551809,-7.36322576348e-05,4.88669702315e-06,0.000257162799515
1158,0.0534514971077,0.0863842442632,-0.0569430589676,562.9382005,1156.89801829,3.56876104359e-05,1.42043768658e-07,2.01449372156e-05,4.09810225651e-05
1159,0.0230340044945,0.0633857250214,-0.0790114626288,2042.11969524,3437.98851908,6.09728009627e-05,-2.59630081468e-06,5.53954564794e-06,6.12789507184e-05
1160,0.0240475554019,0.0541227124631,-0.0805873423815,1269.38112622,2556.56450488,6.18029707377e-05,-3.00627327213e-06,7.95839654028e-06,6.23857431348e-05
1161,0.023188393563,0.0668951794505,-0.0726197361946,2462.44475048,3871.23404379,5.36187642036e-05,-1.55229039872e-06,5.34520508454e-06,5.39068891479e-05
1162,-0.0131557043642,0.0774488896132,-0.0369800068438,1676.46131146,2380.78425185,2.72873894551e-05,-2.24092108204e-07,-1.21503950425e-05,2.9871122179e-05
1163,-0.00504860980436,0.0783001929522,-0.036925856024,2134.40262188,3030.85592284,2.5807210212e-05,-1.76292274906e-07,-5.84336678081e-06,2.64610678777e-05
1164,-0.010859683156,0.0840461850166,-0.0451954640448,1248.69850307,2137.72168848,3.26868337489e-05,-1.84179409632e-07,-1.15562598899e-05,3.46700182467e-05
1165,-0.00741320895031,0.0734386220574,-0.0423014946282,1705.56496263,2643.90983302,3.00536611002e-05,-2.35474101424e-07,-8.87266702067e-06,3.13369145519e-05
1166,-0.0102777732536,0.0725883617997,-0.0352120734751,2220.92774254,2993.77025888,2.56174478014e-05,-2.26997555022e-07,-9.66671424949e-06,2.7381572711e-05
1167,-0.0129505684599,0.0738433524966,-0.0421109944582,1613.4018895,2275.35093298,3.07694772195e-05,-2.73904598976e-07,-1.3092772201e-05,3.34403414456e-05
1168,-0.0168638993055,0.0717893689871,-0.0337755270302,1835.47437952,2384.3384383,2.55893723036e-05,-2.59906870129e-07,-1.4999909432e-05,2.96627849239e-05
1169,-0.0135683501139,0.0805137827992,-0.0315198749304,2058.74799874,2644.76289826,2.38147633018e-05,-1.67605046981e-07,-1.14676609143e-05,2.64325233268e-05
1170,-0.0314204283059,0.0638767778873,-0.0705391094089,1487.35750053,1697.93364657,5.61642838829e-05,7.23282187856e-07,-3.29313326402e-05,6.51108484867e-05
1171,0.0171878207475,0.0634544864297,-0.0649506002665,1605.92734187,2972.22076787,4.59457159205e-05,-5.6374304844e-07,2.52015017342e-06,4.60182330666e-05
1172,0.0166115425527,0.0579878203571,-0.0573337338865,1380.26988538,2617.3159423,3.88134573736e-05,-8.77962046111e-08,3.15036046671e-06,3.8941198653e-05
1173,0.00591438729316,0.0571084991097,-0.0667463168502,1451.2199902,2436.26745252,4.8713954224e-05,-4.35594761246e-07,-4.3214541955e-06,4.89071982974e-05
1174,0.0164509695023,0.057949591428,-0.0746984481812,1550.5337603,2820.52140969,5.61755619192e-05,-1.51088197811e-06,2.09624524449e-06,5.62349603486e-05
1175,-0.0030564982444,0.080074839294,-0.0574853159487,977.311922504,2340.05082781,4.0704168369e-05,-3.87435305881e-07,-8.09593539549e-06,4.15032962385e-05
1176,0.00248120492324,0.0785257443786,-0.0518284104764,1529.40651457,2684.69088349,3.53884347943e-05,-3.1426139943e-07,-3.98913347947e-06,3.56139475955e-05
1177,-0.00776635669172,0.0793440937996,-0.0529993064702,1149.88243758,2182.87957789,3.80487618512e-05,-3.64100640857e-07,-1.06385243321e-05,3.95097335811e-05
1178,-0.0116261932999,0.0657258629799,-0.0745761096478,2016.66659406,2764.02959162,5.85654469884e-05,-1.82209557068e-07,-1.78506416143e-05,6.12257314151e-05
1179,-0.0112658916041,0.0695686861873,-0.0667731687427,1812.91890259,2618.13484732,5.0693334289e-05,-1.78678609679e-07,-1.61972316821e-05,5.32183838682e-05
1180,-0.0192772876471,0.0689978003502,-0.0678741708398,1665.30037894,2294.10699617,5.26834119653e-05,7.1335500479e-08,-2.2384856106e-05,5.7241844554e-05
1181,-0.0168743971735,0.0807403773069,-0.0564816519618,667.382882838,1742.52700841,4.20944508286e-05,-2.88389213934e-07,-1.7632689808e-05,4.5639212403e-05
1182,-0.0174169261009,0.0765563324094,-0.0542001910508,1093.32482243,1849.54298868,4.04866519609e-05,-3.3444983704e-07,-1.81947766137e-05,4.43884077178e-05
1183,-0.0107545163482,0.0748172998428,-0.0558274164796,1298.63506857,2153.7117794,4.0901774333e-05,-3.72184875279e-07,-1.36258168115e-05,4.31132989801e-05
1184,-0.0116720711812,0.0789768770337,-0.058970041573,886.520623249,2080.78052108,4.33447201734e-05,-3.4253340256e-07,-1.42266345112e-05,4.56210392862e-05
1185,-0.00746661331505,0.0775852501392,-0.0599411204457,1205.36434843,2372.28284183,4.35552783334e-05,-3.81500668754e-07,-1.15920867573e-05,4.50730993925e-05
1186,0.0293200276792,0.0748632028699,-0.0455320514739,1196.31927541,3067.84560521,2.70828478296e-05,3.00868277533e-07,8.50984416078e-06,2.8389938639e-05
1187,-0.0139430174604,0.05138143152,-0.049733325839,1548.69439347,2050.42880097,3.60239528688e-05,4.77679677636e-08,-1.60117173243e-05,3.94221074239e-05
1188,-0.0522126816213,0.0668498650193,-0.0712576210499,1900.56723061,1855.48724238,5.81827998692e-05,1.96269290255e-06,-5.06702721413e-05,7.71787978846e-05
1189,0.023903619498,0.0783019289374,-0.0584643706679,1259.1465534,2666.18619821,3.77791531739e-05,-2.17712348129e-07,5.77962017306e-06,3.82193121674e-05
1190,0.0161757040769,0.0113454759121,-0.0298147518188,1624.84001394,3134.65892683,1.50221120681e-05,3.00454075916e-07,7.00007564366e-06,1.65757407875e-05
1191,-0.0517233163118,0.0600446723402,-0.173106148839,3547.91663612,3777.53971899,0.000179365637472,3.95403081646e-05,-6.16535809206e-05,0.000193743727424
1192,-0.0536807663739,0.192493647337,-0.210901752114,310.663136844,7777.82523687,0.000468858453123,6.83187029805e-05,-0.000127778111656,0.000490737139475
1193,-0.0559413060546,0.189082384109,-0.215277388692,743.42252223,6846.6620234,0.000465006030501,7.05521327721e-05,-0.000128092048499,0.000487458495392
1194,-0.0477116294205,0.0503062605858,-0.0678289234638,1667.25403284,1622.67989943,5.33732623774e-05,1.57229090456e-06,-4.73777822513e-05,7.13850928874e-05
1195,-0.00597215257585,0.0788045823574,-0.0444837920368,1532.17499118,2427.16184426,3.13651474758e-05,-2.37250100389e-07,-8.09223901098e-06,3.23931025991e-05
1196,-0.016580985859,0.0657793879509,-0.0505132488906,1406.63163193,2001.41183148,3.75083843408e-05,-2.48472808725e-07,-1.78448757285e-05,4.15376964258e-05
1197,-0.0181035231799,0.0688740834594,-0.0591780729592,1360.50541743,1993.49951581,4.47354594317e-05,-2.16075683491e-07,-2.019693922e-05,4.90838504309e-05
1198,0.034193251282,0.0122196311131,-0.0145055726171,1753.50755314,5230.45779199,5.31960459188e-06,3.94296476483e-07,7.29581666669e-06,9.03784285985e-06
1199,0.0434592664242,0.0160095319152,-0.0177837982774,521.837492536,5233.79256509,8.77384845038e-06,5.84591794503e-07,9.62770559253e-06,1.30389753881e-05
1200,0.00473363371566,0.0709447339177,-0.0439584106207,1924.23126699,3176.57875766,2.89718531831e-05,-9.6443542191e-08,-1.52357841158e-06,2.90120469701e-05
1201,0.00700015993789,0.0640589743853,-0.0518819317222,1710.11610649,2899.78498832,3.50879906268e-05,-8.49954380245e-08,-1.89678848469e-06,3.51393243675e-05
1202,-0.0100587047637,0.0738768056035,-0.0496568642557,1519.95079842,2266.74460184,3.59578399067e-05,-3.11610876611e-07,-1.22009494943e-05,3.7972707576e-05
1203,-0.00332944979891,0.0792152285576,-0.0507621690631,1405.62690978,2481.0686975,3.55803873635e-05,-3.25484750569e-07,-7.38396711764e-06,3.63399625159e-05
1204,-0.00521860504523,0.0726992785931,-0.0555597953498,1459.40617062,2455.94463195,3.99051160763e-05,-3.79212882184e-07,-9.8641833771e-06,4.11079579299e-05
1205,-0.0557146780193,0.192860662937,-0.215764790773,36.0505612646,7813.06565294,0.000476411266576,7.07540027661e-05,-0.000130665077133,0.000499046276622
1206,0.0301989912987,0.0692125707865,-0.070546515286,2149.10033871,3759.78761172,5.07717173524e-05,-1.53129032731e-06,9.5062556043e-06,5.16766971525e-05
1207,0.00229769409634,0.0792444944382,-0.0582589358091,1137.22864997,2567.54223916,4.03809463618e-05,-3.94610972841e-07,-4.92184940073e-06,4.06817053283e-05
1208,-0.00831535086036,0.0685244053602,-0.0595129281282,1563.82807994,2393.54083242,4.3790388707e-05,-3.23185944532e-07,-1.30192953155e-05,4.56859348463e-05
1209,-0.0115594668314,0.0754814371467,-0.0619683414698,1380.78598305,2366.60029087,4.60595904826e-05,-2.92473444083e-07,-1.49947077549e-05,4.84397840292e-05
1210,-0.00266346125863,0.0652764514089,-0.0611523389816,1633.97062647,2532.64368215,4.45157025229e-05,-2.98661416641e-07,-9.5052719372e-06,4.55201841423e-05
1211,0.00385553529486,0.0680487081409,-0.0590675324202,1622.86044398,2718.21936871,4.17092193302e-05,-3.63740700307e-07,-4.80936635445e-06,4.19871562405e-05
1212,-0.00234360154718,0.0758036673069,-0.0604763589799,1375.43281094,2579.2824686,4.33586181765e-05,-4.30445002791e-07,-8.50406413899e-06,4.41868097961e-05
1213,-0.00694088637829,0.0687318816781,-0.0681744366884,2055.61804356,2964.66598087,5.15824326373e-05,-2.84801883699e-07,-1.34461261506e-05,5.33069111594e-05
1214,0.000432000233559,0.0578348971903,-0.0581289492548,1531.74006778,2440.91930787,4.13395207667e-05,-1.06562853981e-07,-6.92335683401e-06,4.19153933862e-05
1215,0.0171009041369,0.0691743344069,-0.0671286284924,2175.28061051,3512.78599462,4.77756188347e-05,-7.45520644467e-07,1.89123702395e-06,4.7818849145e-05
1216,-0.0296561364084,0.0699542611837,-0.069743655622,1576.60093382,1979.27091385,5.53917571329e-05,5.38509221629e-07,-3.07007852171e-05,6.33330479561e-05
1217,0.0114012248814,0.0625618100166,-0.0658978447318,1657.37745495,2855.6294591,4.74130833704e-05,-5.38734408543e-07,-1.00613710484e-06,4.74268175332e-05
1218,0.0238964818418,0.0595555193722,-0.0716887712479,1500.8519041,2977.54048934,5.26322952044e-05,-1.45985668088e-06,6.89495954169e-06,5.31020729077e-05
1219,0.0211206395179,0.0683993026614,-0.0688329711556,2126.43378098,3654.27605639,4.93895200892e-05,-9.84931170127e-07,4.16373872049e-06,4.95745045783e-05
1220,0.0041346247308,0.073867559433,-0.0564988255501,1530.35298786,2735.39612035,3.91591961642e-05,-3.68791454637e-07,-4.02158906439e-06,3.93668874813e-05
1221,0.0124596087262,0.072393424809,-0.0508420392871,1709.7196477,3019.88109728,3.32752781265e-05,-1.31722105444e-07,1.24549616775e-06,3.3298840007e-05
1222,0.00404484057799,0.0722668990493,-0.0506478063762,1704.44878025,2850.51804006,3.44367902139e-05,-2.42598535935e-07,-3.21319145362e-06,3.45872226929e-05
1223,0.0139576233923,0.0733582600951,-0.0569636076689,1477.71110973,2819.41162413,3.81955679223e-05,-3.05838836668e-07,1.24765248436e-06,3.82171634613e-05
1224,0.0391851998866,0.0662849843502,-0.0732491239905,1472.1952996,3096.78722387,5.4078090937e-05,-2.47720389641e-06,1.61109324286e-05,5.64813119736e-05
1225,-0.0235165413469,0.070182479918,-0.0658572539687,1375.84399048,1921.47701431,5.12169433341e-05,1.0828216152e-07,-2.52525765971e-05,5.71041122364e-05
1226,-0.0316976942122,0.0740832537413,-0.0618603378534,1022.06777512,1435.77012495,4.83792371075e-05,1.2391343061e-07,-3.08332916842e-05,5.73694850397e-05
1227,-0.0194414891303,0.0784442350268,-0.0595272928476,915.21473007,1784.51897478,4.49511731406e-05,-2.20863329559e-07,-2.02101971603e-05,4.9285990064e-05
1228,0.000524054339621,0.0734486281872,-0.045666757971,1891.35055566,2927.94152558,3.10883647464e-05,-2.05723830602e-07,-4.33541854181e-06,3.13898805164e-05
1229,-0.000806698109955,0.0641507282853,-0.0517748855054,1757.39653422,2610.80716948,3.62196479743e-05,-1.68919235365e-07,-6.67394079342e-06,3.68297830404e-05
1230,-0.00388653855771,0.0712918490171,-0.0478455610573,1664.52547057,2676.15494433,3.36117797679e-05,-2.66607017855e-07,-7.6741450036e-06,3.44777510869e-05
1231,0.00301644485444,0.0750084519386,-0.0622732378542,1639.33259846,2948.62143893,4.40848050327e-05,-4.31526707807e-07,-5.5096030982e-06,4.44298545617e-05
1232,0.0111184613779,0.0753318220377,-0.0607115700841,1558.00495334,2931.77607908,4.15174607269e-05,-4.26618487047e-07,-6.87167390456e-07,4.15253386207e-05
1233,0.0277065113187,0.0671814233065,-0.0758853554726,2466.96334352,3950.29489694,5.7327557335e-05,-2.4081976571e-06,7.9675895981e-06,5.79286693267e-05
1234,-0.0157782752067,0.0764724910259,-0.0605453252792,1063.48266366,2004.68261392,4.53916457565e-05,-2.62258789218e-07,-1.77724966934e-05,4.87476350491e-05
1235,0.015602231957,0.0747255384922,-0.0626708418131,1826.37999686,3253.51290464,4.27494536185e-05,-4.79344897047e-07,1.49905270187e-06,4.27784141269e-05
1236,0.0174908638,0.0656264647841,-0.0751801654696,2513.00114254,3849.62907944,5.68366793561e-05,-1.60012495805e-06,1.75522431895e-06,5.68862842215e-05
1237,-0.0218695886433,0.0717291682959,-0.0552778691053,1172.44795267,1770.81141459,4.19410812305e-05,-2.69171712148e-07,-2.23529506615e-05,4.75266362314e-05
1238,0.0199904236943,0.0761708840728,-0.0598358921707,1564.01277895,2892.00964546,3.9610546107e-05,-3.44812381074e-07,3.90429382079e-06,3.9803991869e-05
1239,0.00365108670667,0.0511749796569,-0.0496262796223,1514.15247613,2613.65088435,3.3445169291e-05,1.72225791473e-07,-3.17819180967e-06,3.35962782731e-05
1240,0.00931698456407,0.0446679890156,-0.0491598546505,1097.6154776,2332.40069297,3.19735852633e-05,2.89219495441e-07,5.22877976696e-07,3.197916828e-05
1241,0.00915384385735,0.0644224435091,-0.0621290616691,1652.91389613,2817.49295378,4.40259156336e-05,-3.73709924651e-07,-2.12099694897e-06,4.407856094e-05
1242,0.0141920000315,0.0678792595863,-0.0595981702209,1585.70858662,2892.99436816,4.08916153948e-05,-3.20121952505e-07,1.05790339358e-06,4.09065501754e-05
1243,-0.0239549633116,0.0762392804027,-0.0606661103666,1024.5106415,1707.37136397,4.65436286906e-05,-1.07871712076e-07,-2.41449556419e-05,5.24337667057e-05
1244,0.0294765383005,0.0623718611896,-0.0730858296156,1486.97434067,2964.6094849,5.40468587616e-05,-1.98943375585e-06,1.02964882259e-05,5.5054867709e-05
1245,-0.00931090675294,0.0656102001667,-0.0507339164615,1463.81415686,2294.86337874,3.67036556798e-05,-2.27764979053e-07,-1.23904457532e-05,3.87392999822e-05
1246,-0.00277306302451,0.0693246647716,-0.0390671156347,2283.17061061,3179.01342665,2.67157183219e-05,-1.11536021552e-07,-4.98290372878e-06,2.71766696876e-05
1247,0.01005867403,0.0583930760622,-0.0552768856287,1482.76698358,2692.04293231,3.76128723878e-05,-3.65719168007e-08,-4.73565602283e-07,3.76158712666e-05
1248,0.0350489467382,0.0644700527191,-0.0697979256511,1504.15409289,3028.28446784,5.03558987356e-05,-1.6612865317e-06,1.3527337778e-05,5.21676650596e-05
